sorteo,fecha,cantidad,numeros,fuente
0,1990-09-19,15,1 2 3 4 5 8 9 11 14 17 20 21 22 23 24,kinolab
1,1990-09-30,15,3 4 5 6 8 9 10 13 14 16 19 22 23 24 25,kinolab
2,1990-10-07,15,3 4 8 9 10 11 12 13 15 18 19 21 22 24 25,kinolab
3,1990-10-14,15,1 4 5 8 9 10 11 12 13 20 21 22 23 24 25,kinolab
4,1990-10-21,15,2 3 6 7 8 10 11 13 16 20 21 22 23 24 25,kinolab
5,1990-10-28,15,2 3 4 7 10 11 12 13 14 16 18 19 20 23 25,kinolab
6,1990-11-04,15,5 6 10 12 13 14 16 17 19 20 21 22 23 24 25,kinolab
7,1990-11-11,15,1 2 3 4 5 6 8 12 15 19 20 21 22 23 25,kinolab
8,1990-11-18,15,3 4 5 7 8 11 12 14 15 16 17 20 21 24 25,kinolab
9,1990-11-25,15,1 2 4 6 7 9 10 11 13 15 17 19 21 22 25,kinolab
10,1990-12-02,15,3 4 5 9 10 11 12 13 14 16 20 22 23 24 25,kinolab
11,1990-12-09,15,1 2 4 5 8 9 11 13 14 18 19 20 23 24 25,kinolab
12,1990-12-16,15,1 2 3 6 9 10 11 14 15 18 19 20 23 24 25,kinolab
13,1990-12-23,15,1 3 7 8 10 11 12 13 16 18 19 21 22 23 24,kinolab
14,1990-12-30,15,3 4 5 6 7 10 11 13 15 16 17 18 19 22 25,kinolab
15,1991-01-06,15,1 2 3 5 6 8 9 10 11 13 14 16 19 22 23,kinolab
16,1991-01-13,15,1 2 4 6 9 10 11 14 16 17 18 19 22 24 25,kinolab
17,1991-01-20,15,3 7 10 11 12 13 14 16 17 19 21 22 23 24 25,kinolab
18,1991-01-27,15,2 3 4 5 6 7 8 9 11 12 13 15 18 22 23,kinolab
19,1991-02-03,15,1 3 4 6 7 9 12 13 15 18 19 20 21 22 23,kinolab
20,1991-02-10,15,4 6 7 8 9 12 13 17 18 19 20 21 22 23 25,kinolab
21,1991-02-17,15,2 4 5 9 11 12 14 16 17 18 19 20 22 23 24,kinolab
22,1991-02-24,15,1 2 4 6 8 9 10 11 12 13 16 17 18 22 24,kinolab
23,1991-03-03,15,2 3 4 8 9 11 12 13 15 16 17 19 20 22 24,kinolab
24,1991-03-10,15,5 7 8 9 10 11 13 14 15 17 20 21 22 24 25,kinolab
25,1991-03-17,15,4 5 7 8 10 11 12 13 15 17 18 21 22 24 25,kinolab
26,1991-03-24,15,2 6 7 8 9 11 13 15 16 19 20 21 23 24 25,kinolab
27,1991-03-31,15,1 3 4 5 6 7 8 9 10 11 15 20 21 23 25,kinolab
28,1991-04-07,15,1 2 5 6 8 9 11 16 17 18 19 20 21 22 24,kinolab
29,1991-04-14,15,1 3 9 10 12 13 14 15 16 17 18 19 20 23 24,kinolab
30,1991-04-21,15,1 2 3 4 5 7 8 10 11 12 15 17 20 23 25,kinolab
31,1991-04-28,15,1 2 9 12 14 15 16 17 18 19 20 21 22 23 24,kinolab
32,1991-05-05,15,3 4 6 9 10 11 12 13 14 16 18 22 23 24 25,kinolab
33,1991-05-12,15,2 5 6 7 9 10 11 12 13 15 16 17 21 22 25,kinolab
34,1991-05-19,15,1 2 3 5 6 7 8 9 10 11 13 14 15 19 22,kinolab
35,1991-05-26,15,1 7 8 9 12 13 15 16 19 20 21 22 23 24 25,kinolab
36,1991-06-02,15,1 3 4 7 8 10 11 13 14 18 19 20 21 24 25,kinolab
37,1991-06-09,15,1 2 3 6 7 10 11 15 16 18 20 22 23 24 25,kinolab
38,1991-06-16,15,3 4 5 6 7 8 9 11 12 14 16 17 21 23 24,kinolab
39,1991-06-23,15,1 2 3 6 9 10 13 15 17 18 19 20 21 22 23,kinolab
40,1991-06-30,15,1 3 4 6 8 9 10 12 13 15 17 18 22 23 25,kinolab
41,1991-07-07,15,2 4 5 7 8 9 11 12 13 14 15 16 17 18 19,kinolab
42,1991-07-14,15,1 3 4 6 7 8 10 12 14 16 17 20 22 23 25,kinolab
43,1991-07-21,15,2 6 7 9 10 11 12 14 15 16 17 18 20 22 25,kinolab
44,1991-07-28,15,1 3 5 6 10 12 14 15 16 17 19 20 21 23 24,kinolab
45,1991-08-04,15,1 3 5 7 8 9 11 12 15 17 18 20 22 24 25,kinolab
46,1991-08-11,15,1 2 5 6 7 9 12 13 14 16 17 19 21 23 24,kinolab
47,1991-08-18,15,1 2 3 6 7 8 11 13 14 15 16 17 21 24 25,kinolab
48,1991-08-25,15,3 4 7 9 10 11 14 16 18 19 20 21 22 24 25,kinolab
49,1991-09-01,15,2 3 6 7 8 9 10 11 12 14 19 20 21 22 25,kinolab
50,1991-09-08,15,1 4 5 7 9 10 12 13 15 16 18 19 21 23 24,kinolab
51,1991-09-15,15,1 2 3 5 6 7 8 9 13 15 16 19 21 23 24,kinolab
52,1991-09-22,15,1 2 4 6 7 8 12 14 16 19 20 21 23 24 25,kinolab
53,1991-09-29,15,1 2 3 4 5 9 12 13 18 19 20 21 22 24 25,kinolab
54,1991-10-06,15,2 3 5 6 7 9 12 13 14 16 18 21 22 23 24,kinolab
55,1991-10-13,15,1 4 5 6 9 10 11 14 16 17 21 22 23 24 25,kinolab
56,1991-10-20,15,3 6 8 9 11 13 14 15 17 18 20 21 23 24 25,kinolab
57,1991-10-27,15,3 6 7 9 12 13 14 15 17 18 21 22 23 24 25,kinolab
58,1991-11-03,15,3 4 5 6 7 9 10 12 13 17 18 19 20 21 25,kinolab
59,1991-11-10,15,2 3 4 5 8 9 10 11 12 13 16 17 19 20 24,kinolab
60,1991-11-17,15,1 2 3 7 9 10 11 12 13 17 18 19 20 22 25,kinolab
61,1991-11-24,15,1 4 5 6 7 8 10 13 14 15 16 18 19 24 25,kinolab
62,1991-12-01,15,1 2 4 5 6 7 9 10 11 14 15 19 20 24 25,kinolab
63,1991-12-08,15,1 2 4 5 7 8 9 12 13 14 17 19 20 23 24,kinolab
64,1991-12-15,15,1 2 6 7 8 11 12 14 16 17 18 19 21 23 24,kinolab
65,1991-12-22,15,3 4 6 8 9 10 14 15 16 18 19 21 22 23 24,kinolab
66,1991-12-29,15,2 3 4 5 7 9 10 12 14 15 16 17 19 22 24,kinolab
67,1992-01-05,15,2 3 4 5 8 10 14 16 17 20 21 22 23 24 25,kinolab
68,1992-01-12,15,2 3 6 8 10 11 12 14 15 17 19 20 21 22 23,kinolab
69,1992-01-19,15,1 3 4 5 7 9 11 13 14 15 16 17 18 20 21,kinolab
70,1992-01-26,15,1 3 4 8 9 11 12 13 15 16 17 19 21 23 25,kinolab
71,1992-02-02,15,1 2 3 4 6 7 10 13 16 17 20 21 22 23 24,kinolab
72,1992-02-09,15,1 2 3 4 7 8 9 10 13 14 16 19 22 24 25,kinolab
73,1992-02-16,15,1 3 5 7 8 11 12 13 14 15 17 20 21 22 23,kinolab
74,1992-02-23,15,1 4 7 8 9 10 11 12 14 18 21 22 23 24 25,kinolab
75,1992-03-01,15,2 5 8 10 12 13 14 16 19 20 21 22 23 24 25,kinolab
76,1992-03-08,15,1 2 3 5 6 7 8 10 12 14 15 16 18 20 21,kinolab
77,1992-03-15,15,1 2 5 6 7 10 12 14 15 17 20 22 23 24 25,kinolab
78,1992-03-22,15,2 3 7 8 12 13 14 15 16 17 19 20 23 24 25,kinolab
79,1992-03-29,15,1 2 3 5 8 9 11 12 13 17 18 21 22 24 25,kinolab
80,1992-04-05,15,1 2 4 9 11 13 14 15 17 18 19 20 21 22 23,kinolab
81,1992-04-12,15,2 3 5 6 8 9 11 13 15 16 18 19 20 22 23,kinolab
82,1992-04-19,15,1 2 4 5 7 8 11 12 13 14 15 18 22 24 25,kinolab
83,1992-04-26,15,1 2 5 6 7 8 10 12 18 19 21 22 23 24 25,kinolab
84,1992-05-03,15,2 6 7 9 10 11 12 13 14 16 18 19 22 24 25,kinolab
85,1992-05-10,15,1 3 4 5 6 7 8 14 15 16 19 20 21 22 23,kinolab
86,1992-05-17,15,2 6 7 10 11 12 13 14 15 17 19 20 21 22 23,kinolab
87,1992-05-24,15,2 4 6 7 8 9 10 12 17 19 20 21 23 24 25,kinolab
88,1992-05-31,15,1 2 3 6 7 9 15 16 17 18 20 21 23 24 25,kinolab
89,1992-06-07,15,1 3 4 7 8 9 11 12 13 14 16 19 21 23 25,kinolab
90,1992-06-14,15,2 3 4 5 6 8 10 11 13 18 19 20 21 22 23,kinolab
91,1992-06-21,15,3 5 7 8 9 11 13 14 18 19 20 21 22 24 25,kinolab
92,1992-06-28,15,1 2 7 8 9 10 11 12 13 14 18 19 20 24 25,kinolab
93,1992-07-05,15,6 9 10 11 12 13 14 15 17 19 20 21 22 24 25,kinolab
94,1992-07-12,15,2 5 7 9 10 11 12 14 15 19 20 22 23 24 25,kinolab
95,1992-07-19,15,2 3 4 5 6 7 10 12 14 16 17 19 22 23 25,kinolab
96,1992-07-26,15,3 5 8 9 10 11 13 15 18 20 21 22 23 24 25,kinolab
97,1992-08-02,15,2 4 5 9 10 13 14 17 18 20 21 22 23 24 25,kinolab
98,1992-08-09,15,1 2 4 5 7 8 9 11 15 16 19 21 23 24 25,kinolab
99,1992-08-16,15,1 2 3 5 6 9 10 11 13 15 17 20 22 24 25,kinolab
100,1992-08-23,15,1 3 5 7 8 9 10 11 13 16 17 19 22 23 24,kinolab
101,1992-08-30,15,1 3 5 6 8 9 11 13 14 19 21 22 23 24 25,kinolab
102,1992-09-06,15,1 5 6 9 10 11 12 13 15 16 17 18 21 23 24,kinolab
103,1992-09-13,15,2 3 4 5 6 8 10 12 13 16 20 21 22 23 25,kinolab
104,1992-09-20,15,2 5 6 8 10 11 13 16 17 18 19 21 23 24 25,kinolab
105,1992-09-27,15,1 4 5 7 8 10 12 13 15 16 17 18 20 23 25,kinolab
106,1992-10-04,15,1 2 3 4 6 8 9 10 12 14 16 18 20 22 24,kinolab
107,1992-10-11,15,1 3 6 7 8 9 11 14 15 18 20 21 22 23 24,kinolab
108,1992-10-18,15,1 6 7 8 10 12 15 16 17 18 19 20 22 24 25,kinolab
109,1992-10-25,15,4 5 6 7 8 10 11 12 13 14 19 22 23 24 25,kinolab
110,1992-11-01,15,1 2 3 4 6 8 11 12 13 14 17 18 22 23 24,kinolab
111,1992-11-08,15,3 4 5 7 9 11 13 17 18 19 20 21 22 24 25,kinolab
112,1992-11-15,15,1 3 4 6 7 10 11 14 17 19 20 21 22 23 24,kinolab
113,1992-11-22,15,1 2 5 6 8 11 12 14 15 16 17 19 21 23 24,kinolab
114,1992-11-29,15,2 5 6 8 9 10 11 12 14 15 16 17 19 21 22,kinolab
115,1992-12-06,15,4 7 8 9 11 12 13 16 17 18 19 20 22 24 25,kinolab
116,1992-12-13,15,3 5 7 8 10 11 13 14 16 17 18 19 20 23 25,kinolab
117,1992-12-20,15,4 5 6 8 9 12 14 15 17 18 19 21 23 24 25,kinolab
118,1992-12-27,15,2 3 4 6 7 9 12 14 16 17 18 19 21 23 25,kinolab
119,1993-01-03,15,1 3 4 9 10 13 14 16 17 18 19 20 21 23 25,kinolab
120,1993-01-10,15,3 4 5 6 7 8 9 12 15 16 18 20 21 24 25,kinolab
121,1993-01-17,15,4 5 6 9 10 11 12 14 15 16 17 20 21 22 25,kinolab
122,1993-01-24,15,1 2 3 4 6 8 11 12 15 17 18 20 22 23 24,kinolab
123,1993-01-31,15,3 7 9 11 12 13 14 15 16 17 18 19 20 21 23,kinolab
124,1993-02-07,15,3 4 5 7 9 10 11 12 13 15 16 17 20 21 25,kinolab
125,1993-02-14,15,3 4 6 7 9 11 13 14 17 18 19 20 21 23 24,kinolab
126,1993-02-21,15,6 7 10 12 13 14 15 16 17 18 19 20 21 22 25,kinolab
127,1993-02-28,15,1 2 4 5 7 8 9 11 12 16 18 20 21 23 25,kinolab
128,1993-03-07,15,1 3 5 6 7 9 10 11 12 13 16 17 19 20 23,kinolab
129,1993-03-14,15,1 2 3 4 5 6 9 12 14 16 17 18 19 23 25,kinolab
130,1993-03-21,15,2 3 4 5 7 8 9 10 11 12 15 17 19 22 23,kinolab
131,1993-03-28,15,1 3 6 7 8 10 12 13 15 16 17 18 19 24 25,kinolab
132,1993-04-04,15,3 5 6 9 11 13 14 15 16 17 18 19 21 22 23,kinolab
133,1993-04-11,15,2 3 5 7 10 12 13 15 18 20 21 22 23 24 25,kinolab
134,1993-04-18,15,1 3 7 11 13 14 15 16 17 18 19 21 23 24 25,kinolab
135,1993-04-25,15,1 3 4 5 7 8 12 14 16 17 18 20 21 24 25,kinolab
136,1993-05-02,15,1 3 4 5 6 7 10 13 17 18 19 20 21 22 25,kinolab
137,1993-05-09,15,1 4 6 7 9 10 11 12 14 16 17 19 21 22 24,kinolab
138,1993-05-16,15,2 3 5 8 12 13 14 15 16 17 18 19 22 23 24,kinolab
139,1993-05-23,15,1 2 5 6 9 10 12 13 14 15 18 19 20 21 25,kinolab
140,1993-05-30,15,2 3 4 5 7 9 11 12 17 18 19 20 22 23 25,kinolab
141,1993-06-06,15,2 5 6 7 8 12 13 16 17 18 20 21 23 24 25,kinolab
142,1993-06-13,15,1 2 3 4 5 6 8 9 10 11 20 21 22 23 24,kinolab
143,1993-06-20,15,3 4 8 9 10 11 15 16 17 18 19 20 22 23 24,kinolab
144,1993-06-27,15,4 5 7 10 11 12 14 15 16 18 19 20 21 22 23,kinolab
145,1993-07-04,15,1 2 4 8 10 11 12 13 16 17 19 21 23 24 25,kinolab
146,1993-07-11,15,2 3 4 5 7 8 9 11 12 16 17 19 21 22 24,kinolab
147,1993-07-18,15,1 2 4 5 8 10 11 13 14 15 17 18 23 24 25,kinolab
148,1993-07-25,15,5 6 7 9 10 11 12 13 14 15 16 18 19 21 22,kinolab
149,1993-08-01,15,3 4 5 6 8 11 14 15 17 18 20 22 23 24 25,kinolab
150,1993-08-08,15,1 2 3 4 7 8 11 12 14 15 18 20 21 22 23,kinolab
151,1993-08-15,15,1 4 5 8 9 10 11 14 15 16 18 19 20 24 25,kinolab
152,1993-08-22,15,1 2 3 4 6 9 10 12 15 16 17 18 19 20 24,kinolab
153,1993-08-29,15,2 3 4 5 7 8 12 15 16 17 19 20 23 24 25,kinolab
154,1993-09-05,15,1 2 3 4 6 8 9 11 13 16 19 20 21 22 25,kinolab
155,1993-09-12,15,1 5 6 7 8 9 10 11 12 14 18 19 20 21 25,kinolab
156,1993-09-19,15,1 6 9 11 12 13 14 15 16 18 19 20 21 23 24,kinolab
157,1993-09-26,15,2 5 6 9 10 11 12 13 15 16 17 18 21 23 24,kinolab
158,1993-10-03,15,1 2 3 5 6 8 10 12 13 14 17 19 20 22 25,kinolab
159,1993-10-10,15,1 2 6 8 9 10 12 16 17 18 19 20 21 22 25,kinolab
160,1993-10-17,15,2 3 5 6 8 9 10 13 14 16 18 20 22 24 25,kinolab
161,1993-10-24,15,5 6 7 8 10 11 12 13 18 19 20 21 22 23 25,kinolab
162,1993-10-31,15,1 2 3 4 6 7 9 11 12 15 17 18 20 22 25,kinolab
163,1993-11-07,15,1 2 5 7 9 10 11 14 15 16 18 20 21 22 23,kinolab
164,1993-11-14,15,1 2 3 4 6 7 8 14 15 16 17 21 23 24 25,kinolab
165,1993-11-21,15,1 2 4 5 6 7 10 12 14 17 18 19 21 24 25,kinolab
166,1993-11-28,15,2 4 5 6 8 12 13 14 15 16 17 19 20 22 24,kinolab
167,1993-12-05,15,1 2 3 4 6 7 8 11 13 14 16 17 18 21 22,kinolab
168,1993-12-12,15,3 6 8 9 11 12 13 14 17 19 20 21 22 24 25,kinolab
169,1993-12-19,15,1 3 5 6 7 9 14 16 18 19 20 21 23 24 25,kinolab
170,1993-12-26,15,2 3 4 5 6 8 9 11 12 14 16 17 18 21 23,kinolab
171,1994-01-02,15,1 2 5 8 10 14 15 16 17 20 21 22 23 24 25,kinolab
172,1994-01-09,15,1 3 5 6 7 9 11 12 13 15 16 20 21 23 25,kinolab
173,1994-01-16,15,2 3 6 7 8 9 10 13 18 19 21 22 23 24 25,kinolab
174,1994-01-23,15,3 4 6 8 9 10 11 14 16 17 20 21 22 24 25,kinolab
175,1994-01-30,15,1 2 5 6 7 8 9 10 14 18 19 21 22 24 25,kinolab
176,1994-02-06,15,1 2 6 7 11 12 13 14 15 16 17 18 19 20 25,kinolab
177,1994-02-13,15,3 4 5 6 7 9 10 11 15 17 19 20 21 23 25,kinolab
178,1994-02-20,15,1 4 5 6 7 10 13 15 17 18 19 21 22 23 24,kinolab
179,1994-02-27,15,1 2 3 4 5 6 9 10 13 14 16 17 18 20 22,kinolab
180,1994-03-06,15,3 6 8 9 10 11 12 15 16 17 19 20 21 23 25,kinolab
181,1994-03-13,15,1 4 7 8 10 12 14 15 16 17 18 22 23 24 25,kinolab
182,1994-03-20,15,1 4 5 6 8 9 10 12 13 15 17 18 19 23 24,kinolab
183,1994-03-27,15,2 3 5 7 8 10 11 12 13 18 19 21 23 24 25,kinolab
184,1994-04-03,15,1 5 9 10 11 12 13 14 16 18 19 21 22 23 25,kinolab
185,1994-04-10,15,1 5 6 7 8 9 10 12 13 14 16 17 18 22 23,kinolab
186,1994-04-17,15,4 5 8 10 12 14 15 16 17 18 19 21 22 24 25,kinolab
187,1994-04-24,15,5 7 9 10 11 12 13 15 16 17 19 22 23 24 25,kinolab
188,1994-05-01,15,1 2 3 4 8 10 11 13 14 15 16 17 22 23 25,kinolab
189,1994-05-08,15,3 4 5 6 7 8 10 12 15 19 21 22 23 24 25,kinolab
190,1994-05-15,15,3 4 5 6 8 11 12 14 15 17 18 19 20 24 25,kinolab
191,1994-05-22,15,3 4 5 10 11 12 14 16 17 18 19 21 23 24 25,kinolab
192,1994-05-29,15,2 4 6 7 12 13 14 15 16 17 18 20 21 23 25,kinolab
193,1994-06-05,15,1 2 4 5 8 10 12 13 14 15 17 20 22 23 24,kinolab
194,1994-06-12,15,2 3 4 5 6 7 9 10 12 13 17 20 22 23 25,kinolab
195,1994-06-19,15,1 2 3 6 7 8 9 10 13 14 16 17 21 24 25,kinolab
196,1994-06-26,15,2 3 4 5 6 7 9 12 15 18 19 20 21 22 25,kinolab
197,1994-07-03,15,1 2 3 6 8 10 12 14 15 16 17 18 20 22 23,kinolab
198,1994-07-10,15,1 2 4 5 7 8 9 10 13 14 15 17 18 20 23,kinolab
199,1994-07-17,15,1 2 4 5 6 8 10 11 12 13 16 19 23 24 25,kinolab
200,1994-07-24,15,4 7 8 9 11 12 14 15 16 17 18 20 21 23 25,kinolab
201,1994-07-31,15,3 4 5 6 7 8 10 13 18 19 20 22 23 24 25,kinolab
202,1994-08-07,15,1 3 4 5 6 7 8 10 11 12 15 16 20 23 24,kinolab
203,1994-08-14,15,1 2 6 7 8 10 11 13 16 17 18 19 21 23 25,kinolab
204,1994-08-21,15,1 3 4 5 6 7 8 9 10 11 14 17 18 23 25,kinolab
205,1994-08-28,15,1 4 5 9 12 13 14 16 17 18 19 20 22 23 24,kinolab
206,1994-09-04,15,1 3 6 7 8 11 12 13 14 15 16 18 19 20 25,kinolab
207,1994-09-11,15,2 5 6 7 8 9 10 14 15 17 18 19 22 23 24,kinolab
208,1994-09-18,15,1 2 3 6 7 10 11 12 13 15 16 19 21 23 24,kinolab
209,1994-09-25,15,1 2 4 5 7 9 10 11 14 15 18 19 21 22 25,kinolab
210,1994-10-02,15,4 5 6 10 11 12 13 14 16 17 18 22 23 24 25,kinolab
211,1994-10-09,15,1 2 3 4 5 6 7 8 10 13 17 18 21 22 23,kinolab
212,1994-10-16,15,1 2 4 6 7 8 9 11 12 13 14 17 21 24 25,kinolab
213,1994-10-23,15,2 3 5 7 9 11 12 13 16 17 18 19 20 22 24,kinolab
214,1994-10-30,15,1 2 3 4 5 6 7 8 15 16 17 19 21 23 25,kinolab
215,1994-11-06,15,1 3 7 8 10 11 12 13 15 16 17 19 20 23 24,kinolab
216,1994-11-13,15,1 8 10 11 12 13 15 16 17 18 20 21 23 24 25,kinolab
217,1994-11-20,15,2 4 7 9 10 11 12 13 15 17 18 19 20 21 22,kinolab
218,1994-11-27,15,3 4 6 7 8 9 12 13 15 18 21 22 23 24 25,kinolab
219,1994-12-04,15,1 2 4 9 11 12 13 14 16 17 20 21 22 23 25,kinolab
220,1994-12-11,15,2 7 8 9 12 14 15 18 19 20 21 22 23 24 25,kinolab
221,1994-12-18,15,1 2 3 4 8 10 11 12 13 15 16 17 18 20 23,kinolab
222,1994-12-25,15,3 4 5 7 9 10 12 13 14 15 17 18 21 22 23,kinolab
223,1995-01-01,15,1 2 3 4 7 9 12 14 16 17 18 20 22 24 25,kinolab
224,1995-01-08,15,1 2 3 4 5 7 10 11 14 15 16 18 19 23 24,kinolab
225,1995-01-15,15,4 5 6 8 10 11 12 13 15 18 20 22 23 24 25,kinolab
226,1995-01-22,15,2 4 5 6 7 8 9 10 12 13 15 18 20 22 23,kinolab
227,1995-01-29,15,1 6 7 8 10 11 12 16 17 18 19 20 21 23 25,kinolab
228,1995-02-05,15,1 4 6 7 8 10 11 14 16 17 18 19 20 24 25,kinolab
229,1995-02-12,15,2 4 8 10 11 12 14 16 17 20 21 22 23 24 25,kinolab
230,1995-02-19,15,1 3 8 9 10 11 12 13 14 16 18 19 21 23 24,kinolab
231,1995-02-26,15,2 6 8 9 10 11 12 14 15 16 17 18 19 24 25,kinolab
232,1995-03-05,15,1 3 4 5 6 7 9 11 12 14 15 17 19 22 24,kinolab
233,1995-03-12,15,1 2 6 7 8 9 10 12 13 16 17 20 22 24 25,kinolab
234,1995-03-19,15,1 4 8 9 10 11 14 17 18 20 21 22 23 24 25,kinolab
235,1995-03-26,15,1 2 3 4 5 6 9 11 12 15 16 17 20 21 25,kinolab
236,1995-04-02,15,2 4 5 6 7 9 11 13 14 15 16 18 19 21 22,kinolab
237,1995-04-09,15,1 2 4 5 6 11 13 15 17 18 19 20 21 22 24,kinolab
238,1995-04-16,15,1 2 5 7 9 10 12 13 15 16 17 18 19 22 25,kinolab
239,1995-04-23,15,5 7 8 9 11 12 14 15 16 18 19 20 21 22 24,kinolab
240,1995-04-30,15,1 2 5 6 7 8 9 10 11 12 13 18 20 22 25,kinolab
241,1995-05-07,15,1 2 3 4 5 7 8 9 10 11 14 16 19 21 23,kinolab
242,1995-05-14,15,1 2 4 5 6 10 11 12 14 15 16 17 19 20 23,kinolab
243,1995-05-21,15,1 4 8 11 12 13 14 16 17 18 19 21 22 23 25,kinolab
244,1995-05-28,15,1 2 3 5 6 8 9 10 12 13 17 18 19 21 22,kinolab
245,1995-06-04,15,2 3 5 8 9 10 11 13 14 18 20 21 22 24 25,kinolab
246,1995-06-11,15,1 2 4 5 7 9 10 11 13 14 15 17 19 23 24,kinolab
247,1995-06-18,15,2 3 4 6 9 10 11 14 15 17 20 22 23 24 25,kinolab
248,1995-06-25,15,1 2 4 5 8 9 11 12 13 14 15 19 22 23 24,kinolab
249,1995-07-02,15,1 2 4 5 7 9 11 12 13 16 19 20 21 22 24,kinolab
250,1995-07-09,15,3 4 5 7 9 10 11 12 14 18 19 20 22 23 24,kinolab
251,1995-07-16,15,1 2 4 6 9 13 14 15 16 17 18 19 22 23 24,kinolab
252,1995-07-23,15,1 3 4 5 6 7 9 10 11 14 16 19 21 24 25,kinolab
253,1995-07-30,15,2 4 5 8 11 12 14 16 17 18 19 20 21 22 23,kinolab
254,1995-08-06,15,2 3 5 7 8 9 10 12 13 14 15 17 19 20 25,kinolab
255,1995-08-13,15,1 2 3 5 7 10 12 13 14 17 18 19 22 23 24,kinolab
256,1995-08-20,15,2 3 4 5 6 7 8 10 11 15 20 21 22 23 24,kinolab
257,1995-08-27,15,2 3 5 6 7 10 11 12 13 15 18 19 22 23 24,kinolab
258,1995-09-03,15,2 3 5 6 8 10 11 15 16 17 20 21 22 23 25,kinolab
259,1995-09-10,15,2 5 6 7 8 10 13 15 17 18 19 21 22 23 25,kinolab
260,1995-09-17,15,1 2 3 4 8 11 12 13 14 15 16 17 19 22 24,kinolab
261,1995-09-24,15,1 2 4 7 8 9 10 11 15 16 17 18 21 22 25,kinolab
262,1995-10-01,15,2 3 4 5 6 10 12 13 15 16 17 19 20 21 23,kinolab
263,1995-10-08,15,1 5 6 8 10 11 12 14 16 17 18 20 21 22 24,kinolab
264,1995-10-15,15,1 4 5 6 7 8 10 15 16 17 18 21 22 23 25,kinolab
265,1995-10-22,15,1 4 5 6 8 10 12 14 15 18 19 21 23 24 25,kinolab
266,1995-10-29,15,2 3 4 5 6 8 9 13 15 16 19 20 22 24 25,kinolab
267,1995-11-05,15,1 3 5 7 9 13 14 15 17 18 20 22 23 24 25,kinolab
268,1995-11-12,15,1 2 4 5 6 7 10 11 13 17 19 22 23 24 25,kinolab
269,1995-11-19,15,1 3 5 6 7 9 13 14 15 16 17 18 19 23 25,kinolab
270,1995-11-26,15,2 3 4 5 7 10 13 15 16 18 19 21 23 24 25,kinolab
271,1995-12-03,15,2 3 5 7 8 9 10 11 13 15 18 20 21 23 24,kinolab
272,1995-12-10,15,3 4 5 6 7 8 10 11 13 15 18 19 21 22 25,kinolab
273,1995-12-17,15,1 2 3 4 7 9 10 11 13 17 18 19 23 24 25,kinolab
274,1995-12-24,15,2 3 4 5 6 7 9 11 14 15 19 20 22 24 25,kinolab
275,1995-12-31,15,1 2 5 6 9 12 13 15 16 19 20 21 22 24 25,kinolab
276,1996-01-07,15,2 3 4 6 7 11 12 13 14 17 19 20 22 23 24,kinolab
277,1996-01-14,15,1 3 4 5 6 9 10 12 13 16 18 21 22 24 25,kinolab
278,1996-01-21,15,3 5 6 7 9 11 12 13 14 15 16 17 18 20 22,kinolab
279,1996-01-28,15,2 3 5 8 9 10 11 12 14 16 18 20 21 22 25,kinolab
280,1996-02-04,15,1 3 6 7 8 9 12 13 14 18 19 20 21 23 25,kinolab
281,1996-02-11,15,1 3 5 6 7 8 10 11 13 16 17 18 21 23 25,kinolab
282,1996-02-18,15,1 3 5 6 7 8 12 15 17 18 19 20 21 23 25,kinolab
283,1996-02-25,15,4 5 6 7 9 10 11 12 15 16 18 19 20 24 25,kinolab
284,1996-03-03,15,1 2 3 4 5 7 9 11 12 13 15 17 21 22 25,kinolab
285,1996-03-10,15,1 3 4 5 9 10 12 13 14 17 18 20 22 24 25,kinolab
286,1996-03-17,15,2 3 8 11 12 13 14 15 16 17 18 21 22 24 25,kinolab
287,1996-03-24,15,1 3 4 6 7 8 9 11 13 14 15 20 23 24 25,kinolab
288,1996-03-31,15,1 4 7 9 10 11 13 14 15 16 17 18 20 23 24,kinolab
289,1996-04-07,15,3 4 5 6 7 8 9 13 15 16 17 18 20 21 24,kinolab
290,1996-04-14,15,1 2 3 4 5 6 8 10 12 13 14 18 20 22 23,kinolab
291,1996-04-21,15,1 2 4 5 8 9 11 13 14 15 16 17 19 20 24,kinolab
292,1996-04-28,15,1 4 5 7 10 11 12 13 14 15 16 17 23 24 25,kinolab
293,1996-05-05,15,2 3 4 6 7 8 10 12 15 18 19 20 22 24 25,kinolab
294,1996-05-12,15,2 6 7 8 9 11 12 13 14 15 17 18 22 23 25,kinolab
295,1996-05-19,15,3 5 7 9 10 11 12 15 16 19 20 22 23 24 25,kinolab
296,1996-05-26,15,2 3 4 5 9 11 12 13 14 16 17 21 23 24 25,kinolab
297,1996-06-02,15,1 2 5 6 7 8 9 11 13 14 15 17 18 19 22,kinolab
298,1996-06-09,15,1 2 3 4 5 9 10 13 16 17 18 19 21 23 24,kinolab
299,1996-06-16,15,2 5 6 7 8 9 11 12 13 15 16 17 19 24 25,kinolab
300,1996-06-23,15,1 4 5 6 7 9 10 12 18 19 20 21 22 23 25,kinolab
301,1996-06-30,15,1 4 6 8 9 10 11 14 15 16 17 18 19 21 24,kinolab
302,1996-07-07,15,2 4 5 8 9 10 12 14 16 17 18 22 23 24 25,kinolab
303,1996-07-14,15,2 3 5 8 9 10 11 12 13 16 18 22 23 24 25,kinolab
304,1996-07-21,15,2 3 9 11 12 13 14 15 16 17 20 21 23 24 25,kinolab
305,1996-07-28,15,1 2 5 6 7 10 11 15 16 17 18 19 21 23 25,kinolab
306,1996-08-04,15,1 4 5 6 8 10 11 12 13 14 18 20 21 23 24,kinolab
307,1996-08-11,15,1 4 5 7 9 11 12 13 15 20 21 22 23 24 25,kinolab
308,1996-08-18,15,1 2 5 6 8 9 10 12 13 14 16 19 20 22 23,kinolab
309,1996-08-25,15,1 2 3 5 6 9 10 11 14 15 18 19 20 23 25,kinolab
310,1996-09-01,15,1 3 6 7 8 9 10 12 14 15 16 17 19 23 24,kinolab
311,1996-09-08,15,1 3 7 8 12 13 14 15 16 18 19 20 23 24 25,kinolab
312,1996-09-15,15,2 3 4 5 6 8 9 11 12 13 15 17 19 21 24,kinolab
313,1996-09-22,15,1 2 4 5 7 8 12 13 14 16 17 20 21 22 23,kinolab
314,1996-09-29,15,1 5 7 8 9 11 13 14 15 16 17 18 19 20 23,kinolab
315,1996-10-06,15,1 2 4 5 7 8 9 11 12 13 14 15 16 21 25,kinolab
316,1996-10-13,15,4 5 6 8 10 11 13 14 15 16 17 18 19 23 24,kinolab
317,1996-10-20,15,1 2 3 5 6 7 9 11 13 15 18 19 20 22 24,kinolab
318,1996-10-27,15,4 6 8 9 10 11 13 14 15 17 18 19 21 22 24,kinolab
319,1996-11-03,15,1 2 3 4 6 7 12 14 15 16 17 19 22 23 24,kinolab
320,1996-11-10,15,3 5 6 7 9 12 13 16 17 18 20 21 22 24 25,kinolab
321,1996-11-17,15,1 2 3 5 6 7 10 11 12 15 20 21 22 23 24,kinolab
322,1996-11-24,15,1 2 3 4 5 6 7 8 15 18 19 20 21 23 24,kinolab
323,1996-12-01,15,3 4 5 6 7 8 11 13 17 19 20 21 23 24 25,kinolab
324,1996-12-08,15,1 2 4 7 8 9 11 14 15 17 18 19 21 23 25,kinolab
325,1996-12-15,15,1 2 3 4 5 8 9 11 12 15 16 17 19 20 23,kinolab
326,1996-12-22,15,2 5 7 9 10 13 14 15 18 19 21 22 23 24 25,kinolab
327,1996-12-31,15,2 3 4 5 6 7 10 12 13 14 16 17 21 22 25,kinolab
328,1997-01-05,15,1 2 3 5 7 8 9 11 12 14 15 18 22 24 25,kinolab
329,1997-01-12,15,2 5 7 8 9 12 14 15 19 20 21 22 23 24 25,kinolab
330,1997-01-19,15,2 3 4 5 6 7 8 9 11 13 14 17 18 21 24,kinolab
331,1997-01-26,15,2 3 6 7 8 10 12 13 16 18 19 20 21 22 23,kinolab
332,1997-02-02,15,5 7 8 9 10 13 15 17 18 19 20 21 22 23 24,kinolab
333,1997-02-09,15,2 3 6 7 8 9 10 13 16 18 21 22 23 24 25,kinolab
334,1997-02-16,15,1 2 4 5 11 12 13 14 15 16 17 18 20 21 24,kinolab
335,1997-02-23,15,1 2 3 5 6 7 10 11 12 13 18 21 22 23 24,kinolab
336,1997-03-02,15,1 2 3 5 8 10 11 12 13 14 16 17 19 20 25,kinolab
337,1997-03-09,15,1 5 8 9 12 13 14 15 16 17 18 19 20 22 25,kinolab
338,1997-03-16,15,1 3 4 6 7 9 10 13 14 17 18 21 22 24 25,kinolab
339,1997-03-23,15,3 4 6 7 8 14 15 16 18 19 20 21 22 23 24,kinolab
340,1997-03-30,15,1 2 3 4 6 7 9 10 11 12 13 14 17 19 23,kinolab
341,1997-04-06,15,1 3 4 5 8 10 11 12 13 15 16 18 20 21 25,kinolab
342,1997-04-13,15,4 6 8 9 10 11 12 13 14 15 16 18 20 21 25,kinolab
343,1997-04-20,15,2 3 5 6 7 9 11 16 18 19 20 21 22 23 25,kinolab
344,1997-04-27,15,1 2 4 5 6 7 8 10 13 14 15 19 20 22 23,kinolab
345,1997-05-04,15,3 5 8 9 10 13 14 15 16 18 19 20 21 24 25,kinolab
346,1997-05-11,15,2 4 9 10 11 12 13 16 18 19 20 21 22 23 25,kinolab
347,1997-05-18,15,4 7 8 10 12 14 16 17 18 19 20 22 23 24 25,kinolab
348,1997-05-25,15,3 5 7 10 11 12 13 15 16 17 18 19 22 24 25,kinolab
349,1997-06-01,15,2 3 4 6 7 9 10 11 13 14 15 17 18 21 24,kinolab
350,1997-06-08,15,1 2 3 4 5 6 7 8 9 12 13 14 17 22 25,kinolab
351,1997-06-15,15,3 5 7 8 9 10 11 12 13 16 18 19 20 21 24,kinolab
352,1997-06-22,15,1 2 3 4 5 8 9 10 11 12 15 18 22 23 25,kinolab
353,1997-06-29,15,1 5 6 7 8 11 12 13 16 17 18 21 23 24 25,kinolab
354,1997-07-06,15,1 3 6 7 8 10 11 12 14 16 17 19 20 22 25,kinolab
355,1997-07-13,15,1 2 3 4 5 6 7 8 12 14 15 18 21 23 24,kinolab
356,1997-07-20,15,1 2 5 6 9 10 12 13 14 15 17 18 20 21 22,kinolab
357,1997-07-27,15,1 2 3 5 6 9 11 14 18 20 21 22 23 24 25,kinolab
358,1997-08-03,15,3 5 6 8 9 10 11 12 16 19 20 21 22 23 24,kinolab
359,1997-08-10,15,5 6 7 8 9 10 13 16 18 20 21 22 23 24 25,kinolab
360,1997-08-17,15,1 2 4 6 7 8 13 14 19 20 21 22 23 24 25,kinolab
361,1997-08-24,15,1 3 6 7 8 10 11 14 16 17 18 20 21 23 25,kinolab
362,1997-08-31,15,1 3 4 6 7 8 9 10 12 14 15 17 18 21 24,kinolab
363,1997-09-07,15,1 2 4 5 6 8 9 10 12 13 14 17 22 24 25,kinolab
364,1997-09-14,15,4 5 6 7 9 10 11 15 16 20 21 22 23 24 25,kinolab
365,1997-09-21,15,2 4 9 10 12 13 14 15 18 19 20 21 23 24 25,kinolab
366,1997-09-28,15,1 2 3 6 7 8 13 14 16 17 18 20 21 24 25,kinolab
367,1997-10-05,15,1 2 3 7 8 10 11 12 13 14 16 17 18 20 24,kinolab
368,1997-10-12,15,1 4 8 9 10 12 13 14 15 16 17 19 21 22 24,kinolab
369,1997-10-19,15,1 2 3 4 5 6 9 11 12 13 15 18 19 23 24,kinolab
370,1997-10-26,15,1 2 3 4 8 10 11 12 13 16 17 18 20 24 25,kinolab
371,1997-11-02,15,2 3 4 7 9 10 11 12 13 14 16 17 18 19 25,kinolab
372,1997-11-09,15,1 2 6 7 9 10 13 15 16 17 19 21 23 24 25,kinolab
373,1997-11-16,15,1 3 4 5 7 10 12 13 14 16 18 20 22 23 25,kinolab
374,1997-11-23,15,4 6 7 8 9 10 11 12 13 16 17 18 20 22 25,kinolab
375,1997-11-30,15,2 3 4 5 6 7 8 10 14 15 17 19 20 21 25,kinolab
376,1997-12-07,15,1 2 3 4 5 7 9 13 14 17 19 21 22 23 25,kinolab
377,1997-12-14,15,1 2 4 5 6 7 13 14 17 19 20 21 22 24 25,kinolab
378,1997-12-21,15,2 3 4 5 6 9 10 12 14 16 17 18 20 24 25,kinolab
379,1997-12-28,15,6 8 9 10 11 12 13 14 15 16 17 19 20 21 25,kinolab
380,1998-01-04,15,3 4 6 7 9 12 13 15 16 19 21 22 23 24 25,kinolab
381,1998-01-11,15,1 2 4 6 7 8 10 11 12 14 17 20 21 23 25,kinolab
382,1998-01-18,15,3 5 6 7 10 12 14 15 17 18 19 20 21 22 25,kinolab
383,1998-01-25,15,2 3 5 7 9 10 11 14 15 16 17 20 21 22 25,kinolab
384,1998-02-01,15,2 4 7 8 10 12 13 14 15 18 21 22 23 24 25,kinolab
385,1998-02-08,15,1 3 4 5 7 9 10 11 12 13 14 15 17 18 19,kinolab
386,1998-02-15,15,1 2 3 7 8 10 11 13 14 15 16 20 22 24 25,kinolab
387,1998-02-22,15,2 3 4 5 6 7 9 12 14 16 19 20 21 22 25,kinolab
388,1998-03-01,15,1 4 8 9 10 11 14 16 18 19 20 21 23 24 25,kinolab
389,1998-03-08,15,1 2 5 7 9 10 12 15 16 17 19 20 21 24 25,kinolab
390,1998-03-15,15,1 5 6 7 8 9 10 13 14 17 18 21 22 23 24,kinolab
391,1998-03-22,15,1 3 5 6 7 10 11 13 14 16 17 19 21 24 25,kinolab
392,1998-03-29,15,2 4 6 7 9 10 14 15 16 18 19 20 21 22 24,kinolab
393,1998-04-05,15,1 3 4 7 8 9 10 12 13 14 15 16 20 21 23,kinolab
394,1998-04-12,15,1 3 4 8 9 11 12 13 14 15 18 20 21 22 24,kinolab
395,1998-04-19,15,1 2 4 8 9 10 12 13 15 16 17 18 19 24 25,kinolab
396,1998-04-26,15,1 2 4 8 9 11 13 14 16 18 19 21 23 24 25,kinolab
397,1998-05-03,15,1 2 3 5 6 7 9 12 13 14 15 18 19 20 24,kinolab
398,1998-05-10,15,1 4 6 7 8 9 12 13 14 15 16 18 21 22 24,kinolab
399,1998-05-17,15,2 3 4 5 10 12 13 14 15 16 19 21 22 23 24,kinolab
400,1998-05-24,15,1 2 3 4 6 11 12 13 14 16 17 18 19 20 25,kinolab
401,1998-05-31,15,1 2 3 4 7 10 12 13 15 17 18 19 20 21 24,kinolab
402,1998-06-07,15,2 3 4 5 6 8 10 11 13 14 18 20 21 22 23,kinolab
403,1998-06-14,15,2 4 8 9 10 11 12 16 17 18 19 20 21 22 25,kinolab
404,1998-06-21,15,2 4 5 6 9 12 13 14 15 16 18 19 21 22 23,kinolab
405,1998-06-28,15,3 4 5 6 7 9 11 13 14 15 18 19 22 23 24,kinolab
406,1998-07-05,15,1 3 5 6 7 10 11 13 15 16 19 21 23 24 25,kinolab
407,1998-07-12,15,3 4 6 9 10 11 12 14 15 17 18 21 22 23 24,kinolab
408,1998-07-19,15,1 2 3 5 7 10 12 15 16 17 18 19 23 24 25,kinolab
409,1998-07-26,15,4 5 6 8 9 10 11 12 13 14 15 19 20 22 23,kinolab
410,1998-08-02,15,1 4 5 7 8 10 11 12 15 16 17 18 20 24 25,kinolab
411,1998-08-09,15,4 5 6 8 10 11 13 15 16 19 20 22 23 24 25,kinolab
412,1998-08-16,15,2 5 6 7 9 10 11 12 13 14 15 16 20 21 22,kinolab
413,1998-08-23,15,1 2 3 4 6 9 10 11 12 16 17 18 22 23 24,kinolab
414,1998-08-30,15,1 2 5 7 8 9 10 12 14 15 17 18 19 20 24,kinolab
415,1998-09-06,15,1 2 3 7 8 9 11 12 15 18 20 21 22 24 25,kinolab
416,1998-09-13,15,1 2 7 8 10 11 12 13 14 15 16 18 19 21 24,kinolab
417,1998-09-20,15,1 2 3 4 7 9 10 12 13 16 19 20 21 22 25,kinolab
418,1998-09-27,15,6 8 10 11 12 13 14 15 16 17 18 19 20 23 24,kinolab
419,1998-10-04,15,1 2 5 6 8 9 10 11 13 14 15 18 19 24 25,kinolab
420,1998-10-11,15,1 2 3 4 5 8 11 12 13 14 19 20 22 23 24,kinolab
421,1998-10-18,15,2 5 6 8 9 10 11 13 16 19 20 22 23 24 25,kinolab
422,1998-10-25,15,3 5 7 8 9 10 11 12 14 17 19 20 21 22 25,kinolab
423,1998-11-01,15,1 6 8 9 10 11 12 14 15 17 20 21 22 24 25,kinolab
424,1998-11-08,15,1 2 4 5 7 9 10 13 14 15 16 18 19 21 22,kinolab
425,1998-11-15,15,1 3 6 7 8 12 13 15 17 18 19 20 23 24 25,kinolab
426,1998-11-22,15,1 3 5 9 10 12 13 14 15 16 19 20 21 23 25,kinolab
427,1998-11-29,15,2 3 4 5 7 12 13 14 15 18 19 21 22 23 25,kinolab
428,1998-12-06,15,1 2 3 4 5 6 10 12 13 14 15 16 21 22 25,kinolab
429,1998-12-13,15,1 2 5 7 8 9 10 12 13 14 15 18 21 22 24,kinolab
430,1998-12-20,15,1 6 7 8 9 11 12 14 15 18 19 20 21 23 25,kinolab
431,1998-12-27,15,3 5 6 7 8 9 15 16 17 18 21 22 23 24 25,kinolab
432,1999-01-03,15,2 3 5 7 9 10 11 13 15 18 20 21 22 23 25,kinolab
433,1999-01-10,15,1 2 4 6 8 9 14 15 16 17 18 19 21 23 25,kinolab
434,1999-01-17,15,2 4 5 6 7 9 10 11 13 14 15 16 20 21 23,kinolab
435,1999-01-24,15,1 2 3 4 5 8 11 12 13 14 15 17 18 23 24,kinolab
436,1999-01-31,15,1 5 7 8 10 12 13 14 15 16 17 18 20 23 24,kinolab
437,1999-02-07,15,1 3 4 5 6 7 10 12 14 16 18 20 22 23 24,kinolab
438,1999-02-14,15,1 3 4 5 7 9 10 12 15 18 19 21 22 24 25,kinolab
439,1999-02-21,15,1 3 4 5 7 8 9 10 11 14 16 17 19 20 25,kinolab
440,1999-02-28,15,1 3 6 8 11 12 14 15 17 18 19 20 21 22 24,kinolab
441,1999-03-07,15,1 4 6 7 9 11 13 14 15 16 19 21 22 23 24,kinolab
442,1999-03-14,15,1 2 3 5 7 8 10 11 12 13 15 17 20 24 25,kinolab
443,1999-03-21,15,1 3 7 9 10 11 14 15 16 17 20 21 22 23 24,kinolab
444,1999-03-28,15,4 6 8 11 12 13 14 15 17 19 20 21 22 23 24,kinolab
445,1999-04-04,15,2 4 5 6 8 9 10 11 13 14 17 18 19 21 25,kinolab
446,1999-04-11,15,1 2 3 4 7 8 11 14 16 17 18 19 21 24 25,kinolab
447,1999-04-18,15,1 3 4 5 7 8 9 10 11 15 16 21 22 24 25,kinolab
448,1999-04-25,15,1 3 6 10 11 12 16 17 19 20 21 22 23 24 25,kinolab
449,1999-05-02,15,1 2 6 7 8 9 11 15 17 18 20 21 22 23 25,kinolab
450,1999-05-09,15,3 4 5 6 7 8 11 13 16 17 19 21 22 24 25,kinolab
451,1999-05-16,15,1 2 3 8 11 13 14 15 17 18 19 20 21 22 25,kinolab
452,1999-05-23,15,2 3 4 6 9 12 13 15 16 18 19 20 23 24 25,kinolab
453,1999-05-30,15,1 5 6 8 12 13 15 16 17 19 20 22 23 24 25,kinolab
454,1999-06-06,15,1 2 3 5 6 7 8 9 14 16 17 18 21 24 25,kinolab
455,1999-06-13,15,1 3 6 8 10 11 12 14 16 18 19 22 23 24 25,kinolab
456,1999-06-20,15,1 2 3 4 6 9 10 12 13 14 15 17 18 21 24,kinolab
457,1999-06-27,15,1 2 3 4 7 8 9 10 12 14 15 20 22 23 24,kinolab
458,1999-07-04,15,1 3 5 6 9 11 14 15 17 18 21 22 23 24 25,kinolab
459,1999-07-11,15,1 4 5 7 8 9 11 13 14 15 16 18 22 24 25,kinolab
460,1999-07-18,15,3 4 5 7 8 13 14 15 18 19 20 21 22 24 25,kinolab
461,1999-07-25,15,1 4 6 7 8 10 11 16 17 18 19 20 21 22 24,kinolab
462,1999-08-01,15,1 2 4 6 8 9 10 11 12 17 19 21 22 23 24,kinolab
463,1999-08-08,15,2 3 4 6 7 10 11 12 15 16 19 20 22 24 25,kinolab
464,1999-08-15,15,2 3 4 5 6 8 10 11 15 16 17 21 22 23 25,kinolab
465,1999-08-22,15,1 2 3 4 5 7 9 11 13 14 17 20 21 24 25,kinolab
466,1999-08-29,15,1 2 3 4 5 6 8 9 11 12 14 17 19 20 25,kinolab
467,1999-09-05,15,1 2 4 5 6 7 10 11 12 13 14 17 18 20 24,kinolab
468,1999-09-12,15,1 4 6 7 8 9 10 11 12 14 17 19 21 23 25,kinolab
469,1999-09-19,15,1 2 5 7 9 12 14 16 18 19 20 21 22 24 25,kinolab
470,1999-09-26,15,1 2 4 9 10 11 12 13 14 15 17 19 20 23 24,kinolab
471,1999-10-03,15,3 4 5 6 9 10 11 12 13 16 18 22 23 24 25,kinolab
472,1999-10-10,15,1 2 3 4 5 6 7 9 11 12 14 15 16 17 21,kinolab
473,1999-10-17,15,1 3 5 9 10 12 13 15 16 17 18 19 20 22 23,kinolab
474,1999-10-24,15,1 2 5 6 7 8 10 12 16 17 18 20 22 23 24,kinolab
475,1999-10-31,15,1 2 5 6 7 9 10 12 14 16 17 19 21 22 24,kinolab
476,1999-11-07,15,2 3 4 6 7 10 12 14 15 16 18 19 20 21 23,kinolab
477,1999-11-14,15,1 3 4 6 7 9 10 11 13 14 15 16 18 22 24,kinolab
478,1999-11-21,15,2 3 4 7 9 10 11 15 16 18 20 22 23 24 25,kinolab
479,1999-11-28,15,3 5 6 8 9 10 11 12 13 14 19 20 21 22 24,kinolab
480,1999-12-05,15,1 3 5 9 10 11 12 13 15 17 19 20 21 22 24,kinolab
481,1999-12-12,15,1 2 7 8 9 10 11 12 14 15 16 20 21 23 25,kinolab
482,1999-12-19,15,1 2 5 7 8 10 11 12 14 15 18 19 20 22 24,kinolab
483,1999-12-26,15,1 2 3 5 8 9 11 12 13 16 20 21 23 24 25,kinolab
484,1999-12-31,15,1 3 5 6 7 8 10 11 12 13 15 17 22 23 24,kinolab
485,2000-01-09,15,2 4 5 6 8 9 11 12 16 17 18 21 23 24 25,kinolab
486,2000-01-16,15,2 4 5 6 7 8 12 14 15 17 18 19 20 23 25,kinolab
487,2000-01-23,15,1 3 5 7 8 10 11 12 13 15 18 19 21 22 25,kinolab
488,2000-01-30,15,2 4 7 8 9 10 11 12 13 14 16 18 20 21 25,kinolab
489,2000-02-06,15,4 5 6 7 10 11 13 15 16 17 18 20 21 22 25,kinolab
490,2000-02-13,15,1 3 6 7 8 9 11 12 13 15 18 19 20 22 23,kinolab
491,2000-02-20,15,3 6 7 8 10 11 13 14 15 16 17 18 20 24 25,kinolab
492,2000-02-27,15,3 7 8 10 11 13 14 15 16 17 18 19 20 22 24,kinolab
493,2000-03-05,15,1 2 3 5 6 8 12 14 16 18 19 20 21 23 24,kinolab
494,2000-03-12,15,1 3 4 6 8 10 11 13 14 17 19 21 22 23 24,kinolab
495,2000-03-19,15,1 2 4 5 6 7 9 10 12 13 14 16 17 19 20,kinolab
496,2000-03-26,15,1 2 3 4 7 8 10 13 14 15 17 18 20 22 25,kinolab
497,2000-04-02,15,1 4 5 6 7 9 10 16 17 19 21 22 23 24 25,kinolab
498,2000-04-09,15,1 2 3 7 8 9 10 12 14 16 17 19 21 24 25,kinolab
499,2000-04-16,15,1 3 4 6 7 9 10 15 17 18 19 20 23 24 25,kinolab
500,2000-04-23,15,2 3 4 5 8 10 11 12 13 16 17 18 21 22 24,kinolab
501,2000-04-30,15,2 4 6 8 10 11 12 13 14 17 18 19 20 22 24,kinolab
502,2000-05-07,15,1 2 3 4 6 7 8 12 13 14 15 16 18 22 25,kinolab
503,2000-05-14,15,3 4 6 7 10 12 13 14 15 16 17 18 22 23 25,kinolab
504,2000-05-21,15,2 3 5 6 7 8 9 10 11 14 15 17 18 23 25,kinolab
505,2000-05-28,15,1 2 3 4 5 7 10 12 14 17 18 19 20 22 25,kinolab
506,2000-06-04,15,1 3 5 7 9 11 13 14 17 18 19 20 21 23 24,kinolab
507,2000-06-11,15,1 4 6 9 11 13 14 15 16 18 21 22 23 24 25,kinolab
508,2000-06-18,15,2 3 4 6 8 10 11 15 16 18 19 20 21 23 25,kinolab
509,2000-06-25,15,2 3 6 7 8 13 14 16 17 18 20 21 22 24 25,kinolab
510,2000-07-02,15,1 3 4 7 9 10 11 14 15 16 17 19 22 24 25,kinolab
511,2000-07-09,15,4 7 8 9 10 11 12 13 15 16 18 19 21 22 25,kinolab
512,2000-07-16,15,1 3 5 6 9 11 12 14 15 17 18 19 21 22 24,kinolab
513,2000-07-23,15,1 2 4 5 9 10 11 12 14 17 18 19 20 23 25,kinolab
514,2000-07-30,15,1 2 6 7 9 12 13 14 15 16 17 19 21 22 23,kinolab
515,2000-08-06,15,1 2 3 5 7 8 9 11 15 17 18 19 20 23 24,kinolab
516,2000-08-13,15,1 2 3 4 7 9 10 11 12 15 16 17 19 23 24,kinolab
517,2000-08-20,15,2 3 4 5 6 11 12 13 15 16 17 18 21 23 25,kinolab
518,2000-08-27,15,2 5 9 10 12 13 14 15 16 17 18 20 21 22 25,kinolab
519,2000-09-03,15,1 2 3 4 5 6 9 10 11 12 13 21 23 24 25,kinolab
520,2000-09-10,15,2 3 4 5 6 7 8 9 10 12 14 15 23 24 25,kinolab
521,2000-09-17,15,1 2 4 5 6 11 12 13 15 18 19 20 21 23 24,kinolab
522,2000-09-24,15,1 2 4 5 6 8 9 11 12 13 17 19 20 21 22,kinolab
523,2000-10-01,15,2 4 6 7 9 10 11 12 15 16 18 19 20 22 24,kinolab
524,2000-10-08,15,2 4 5 8 13 14 15 16 17 18 19 20 23 24 25,kinolab
525,2000-10-15,15,4 5 6 7 8 9 11 14 16 18 19 20 22 23 24,kinolab
526,2000-10-22,15,1 2 4 5 6 8 11 13 14 15 17 19 23 24 25,kinolab
527,2000-10-29,15,2 3 4 5 6 10 11 12 14 15 16 18 19 21 25,kinolab
528,2000-11-05,15,1 2 3 5 7 10 11 12 14 15 17 19 20 23 25,kinolab
529,2000-11-12,15,1 2 4 5 7 12 13 15 16 19 20 22 23 24 25,kinolab
530,2000-11-19,15,1 2 4 5 7 10 15 17 18 19 20 21 22 23 24,kinolab
531,2000-11-26,15,3 4 5 6 7 8 10 12 13 15 18 20 21 23 25,kinolab
532,2000-12-03,15,2 4 7 8 11 14 15 17 19 20 21 22 23 24 25,kinolab
533,2000-12-10,15,1 3 5 6 9 10 13 14 15 16 17 18 21 24 25,kinolab
534,2000-12-17,15,1 2 3 5 7 8 9 11 12 13 14 15 19 22 24,kinolab
535,2000-12-24,15,1 2 3 4 5 7 11 14 17 18 19 20 21 22 24,kinolab
536,2000-12-31,15,1 2 4 6 8 9 10 11 12 15 16 18 20 21 22,kinolab
537,2001-01-07,15,1 2 3 4 6 7 10 13 14 15 17 18 21 22 25,kinolab
538,2001-01-14,15,1 4 6 7 9 11 14 16 18 19 20 21 23 24 25,kinolab
539,2001-01-21,15,3 5 7 11 13 14 15 16 17 18 21 22 23 24 25,kinolab
540,2001-01-28,15,2 3 5 6 7 8 11 13 15 16 18 20 23 24 25,kinolab
541,2001-02-04,15,1 2 3 5 6 10 12 14 15 16 17 18 20 23 25,kinolab
542,2001-02-11,15,1 3 7 9 11 13 14 15 16 17 18 19 22 23 24,kinolab
543,2001-02-18,15,1 2 4 5 8 11 12 13 15 16 17 21 22 24 25,kinolab
544,2001-02-25,15,2 3 4 5 6 8 9 10 12 15 16 18 20 22 25,kinolab
545,2001-03-04,15,2 4 6 8 9 10 11 13 14 15 19 20 22 23 25,kinolab
546,2001-03-11,15,1 2 5 6 10 14 15 17 18 19 20 21 22 24 25,kinolab
547,2001-03-18,15,4 5 6 8 9 10 11 12 14 18 20 21 22 23 25,kinolab
548,2001-03-25,15,2 4 5 6 7 9 10 12 14 15 16 20 21 23 25,kinolab
549,2001-04-01,15,1 2 3 4 10 11 14 15 16 17 19 21 22 23 25,kinolab
550,2001-04-08,15,3 6 7 9 11 12 13 14 16 18 19 20 21 24 25,kinolab
551,2001-04-15,15,1 3 4 6 8 11 12 13 14 15 17 18 21 22 24,kinolab
552,2001-04-22,15,1 2 3 7 8 9 10 11 13 14 15 20 22 24 25,kinolab
553,2001-04-29,15,2 5 7 8 10 11 12 13 16 17 18 21 22 23 24,kinolab
554,2001-05-06,15,1 2 4 6 7 8 14 15 16 18 20 21 23 24 25,kinolab
555,2001-05-13,15,1 2 4 5 7 10 13 14 16 17 19 22 23 24 25,kinolab
556,2001-05-20,15,1 3 5 10 11 12 13 15 16 17 18 19 23 24 25,kinolab
557,2001-05-27,15,2 3 4 6 11 13 14 15 19 20 21 22 23 24 25,kinolab
558,2001-06-03,15,1 4 6 7 8 10 11 12 14 15 16 17 19 23 24,kinolab
559,2001-06-10,15,3 6 9 10 11 12 13 14 17 18 19 20 22 23 25,kinolab
560,2001-06-17,15,2 3 4 6 7 8 10 11 13 15 17 18 20 24 25,kinolab
561,2001-06-24,15,1 5 7 8 9 12 13 14 16 17 18 19 21 23 25,kinolab
562,2001-07-01,15,1 4 5 6 7 8 9 10 12 15 16 17 18 20 24,kinolab
563,2001-07-08,15,2 3 4 9 10 11 12 13 14 15 18 19 20 21 23,kinolab
564,2001-07-15,15,1 4 5 6 9 11 13 14 15 16 18 19 20 21 22,kinolab
565,2001-07-22,15,1 3 4 6 9 12 16 17 18 19 20 21 22 23 25,kinolab
566,2001-07-29,15,1 3 5 6 7 8 13 15 16 17 19 20 23 24 25,kinolab
567,2001-08-05,15,1 2 5 6 8 9 12 16 17 18 21 22 23 24 25,kinolab
568,2001-08-12,15,5 6 7 8 9 10 11 13 15 16 17 20 21 22 25,kinolab
569,2001-08-19,15,4 5 6 7 10 11 12 13 14 17 19 21 22 23 25,kinolab
570,2001-08-26,15,2 5 8 9 10 13 14 15 18 19 20 21 22 23 25,kinolab
571,2001-09-02,15,1 2 4 5 8 12 13 15 16 17 19 20 21 24 25,kinolab
572,2001-09-09,15,1 2 5 7 9 11 12 13 15 19 20 21 22 24 25,kinolab
573,2001-09-16,15,1 2 4 5 7 8 9 10 11 12 13 15 19 24 25,kinolab
574,2001-09-23,15,2 3 6 7 8 10 12 13 15 16 17 18 20 24 25,kinolab
575,2001-09-30,15,1 5 7 8 11 12 13 14 15 18 21 22 23 24 25,kinolab
576,2001-10-07,15,1 3 4 5 9 10 13 15 17 18 19 20 22 24 25,kinolab
577,2001-10-14,15,1 2 4 5 6 7 12 14 16 18 19 20 21 22 25,kinolab
578,2001-10-21,15,1 2 4 5 6 8 10 11 12 13 14 16 21 22 25,kinolab
579,2001-10-28,15,1 2 3 4 7 8 9 11 12 15 20 21 22 23 25,kinolab
580,2001-11-04,15,2 5 8 9 10 11 12 13 15 16 17 18 19 24 25,kinolab
581,2001-11-11,15,1 3 4 5 6 7 8 12 14 15 17 18 20 21 23,kinolab
582,2001-11-18,15,1 2 4 6 7 8 9 10 11 14 18 19 20 23 24,kinolab
583,2001-11-25,15,2 3 5 6 8 10 11 12 13 14 15 18 22 24 25,kinolab
584,2001-12-02,15,1 4 5 6 9 11 13 15 18 19 20 22 23 24 25,kinolab
585,2001-12-09,15,1 2 3 4 7 9 10 11 12 15 16 18 19 23 25,kinolab
586,2001-12-16,15,5 6 7 10 11 12 13 14 17 18 19 20 22 23 25,kinolab
587,2001-12-24,15,1 3 4 5 7 8 15 18 19 20 21 22 23 24 25,kinolab
588,2001-12-31,15,2 4 5 6 8 11 12 14 16 17 18 19 21 24 25,kinolab
589,2002-01-06,15,1 2 3 4 8 11 12 13 14 16 17 18 19 23 24,kinolab
590,2002-01-13,15,1 3 4 5 6 8 13 14 15 17 18 19 20 23 24,kinolab
591,2002-01-20,15,2 3 6 8 9 11 13 14 15 17 20 21 22 23 24,kinolab
592,2002-01-27,15,1 3 5 6 7 8 9 11 13 16 19 20 23 24 25,kinolab
593,2002-02-03,15,1 2 3 7 8 9 11 12 13 14 15 21 22 24 25,kinolab
594,2002-02-10,15,1 3 4 5 6 11 12 13 14 15 18 20 21 22 23,kinolab
595,2002-02-17,15,1 2 3 5 6 7 8 9 10 13 16 17 18 22 23,kinolab
596,2002-02-24,15,1 2 4 7 8 10 11 14 15 16 20 21 22 23 25,kinolab
597,2002-03-03,15,1 6 8 9 10 14 16 18 19 20 21 22 23 24 25,kinolab
598,2002-03-10,15,1 3 4 6 7 9 10 11 13 14 16 18 21 22 24,kinolab
599,2002-03-17,15,1 2 4 5 7 8 12 16 18 19 20 21 23 24 25,kinolab
600,2002-03-24,15,2 4 5 6 10 11 14 15 16 18 19 20 22 24 25,kinolab
601,2002-03-31,15,1 2 4 7 9 10 11 12 13 15 18 19 20 21 23,kinolab
602,2002-04-07,15,1 3 4 5 6 8 9 10 11 12 16 18 20 21 25,kinolab
603,2002-04-14,15,1 4 5 6 8 9 10 11 15 16 21 22 23 24 25,kinolab
604,2002-04-21,15,1 6 7 8 9 10 11 14 15 16 18 22 23 24 25,kinolab
605,2002-04-28,15,1 3 5 7 8 9 11 12 14 17 18 20 22 24 25,kinolab
606,2002-05-05,15,1 4 6 7 9 12 13 14 16 17 18 19 23 24 25,kinolab
607,2002-05-12,15,3 4 8 9 12 13 16 17 18 19 20 21 22 24 25,kinolab
608,2002-05-19,15,3 4 5 6 7 10 12 14 15 16 19 21 22 24 25,kinolab
609,2002-05-26,15,1 4 5 6 7 8 9 10 11 15 16 17 18 20 24,kinolab
610,2002-06-02,15,1 2 4 7 10 12 13 14 15 16 17 19 22 23 24,kinolab
611,2002-06-09,15,2 3 4 6 7 8 10 11 13 14 15 16 17 19 22,kinolab
612,2002-06-16,15,1 3 4 5 6 8 12 15 17 18 20 21 22 23 25,kinolab
613,2002-06-23,15,2 3 5 7 9 12 14 15 16 17 18 21 23 24 25,kinolab
614,2002-06-30,15,1 2 4 5 11 12 13 15 16 18 20 22 23 24 25,kinolab
615,2002-07-07,15,1 3 6 7 9 12 13 14 15 16 17 18 19 21 25,kinolab
616,2002-07-14,15,2 3 5 6 7 8 9 11 13 15 18 20 22 24 25,kinolab
617,2002-07-21,15,1 3 5 7 8 9 12 13 14 15 16 17 21 22 23,kinolab
618,2002-07-28,15,1 4 5 6 7 8 11 13 14 18 19 20 22 23 24,kinolab
619,2002-08-04,15,1 2 4 5 6 7 10 13 14 17 19 20 22 23 25,kinolab
620,2002-08-11,15,1 2 3 4 5 6 8 10 11 16 17 21 22 23 25,kinolab
621,2002-08-18,15,2 3 4 6 7 8 9 11 12 17 18 20 21 22 24,kinolab
622,2002-08-25,15,1 2 3 4 7 8 10 11 14 16 18 19 21 22 24,kinolab
623,2002-09-01,15,2 3 6 8 9 11 12 14 16 17 18 19 21 22 25,kinolab
624,2002-09-08,15,1 3 5 7 8 9 10 11 12 14 15 18 20 22 25,kinolab
625,2002-09-15,15,1 2 4 6 7 8 11 12 13 14 16 18 20 22 23,kinolab
626,2002-09-22,15,1 5 8 9 11 12 13 14 17 18 21 22 23 24 25,kinolab
627,2002-09-29,15,1 2 3 4 5 6 8 9 10 11 15 16 19 21 23,kinolab
628,2002-10-06,15,1 4 6 7 8 9 11 12 13 17 18 19 21 24 25,kinolab
629,2002-10-13,15,1 2 3 4 5 7 8 9 10 14 17 19 21 22 23,kinolab
630,2002-10-20,15,1 2 4 6 10 11 12 15 18 20 21 22 23 24 25,kinolab
631,2002-10-27,15,1 2 4 6 10 11 12 13 15 16 17 19 20 22 23,kinolab
632,2002-11-03,15,1 2 4 7 8 10 11 12 13 14 15 16 17 19 20,kinolab
633,2002-11-10,15,1 5 6 7 8 11 13 14 17 18 19 20 21 22 23,kinolab
634,2002-11-17,15,1 4 5 7 8 11 12 13 17 18 19 20 21 22 24,kinolab
635,2002-11-24,15,2 3 5 6 8 10 11 16 17 18 19 20 21 23 24,kinolab
636,2002-12-01,15,1 2 4 5 7 12 13 15 17 18 19 20 21 22 23,kinolab
637,2002-12-08,15,1 2 3 4 6 9 11 13 15 16 17 18 19 21 24,kinolab
638,2002-12-15,15,1 2 3 4 7 11 12 13 14 15 16 18 21 23 24,kinolab
639,2002-12-25,15,1 3 4 5 10 11 13 14 15 17 18 19 21 24 25,kinolab
640,2002-12-31,15,1 3 5 6 7 9 10 12 14 15 18 19 20 21 23,kinolab
641,2003-01-05,15,2 4 5 9 10 11 12 15 16 17 19 20 21 22 24,kinolab
642,2003-01-12,15,1 2 4 6 8 10 12 14 16 19 20 21 23 24 25,kinolab
643,2003-01-19,15,1 2 3 4 6 7 9 12 13 15 16 19 21 24 25,kinolab
644,2003-01-26,15,1 2 3 4 5 10 11 12 13 14 17 19 20 21 25,kinolab
645,2003-02-02,15,1 2 3 5 7 8 9 10 11 14 15 21 22 23 24,kinolab
646,2003-02-09,15,2 3 5 6 7 8 11 12 13 14 15 16 18 20 25,kinolab
647,2003-02-16,15,3 4 5 7 9 10 11 16 18 20 21 22 23 24 25,kinolab
648,2003-02-23,15,1 2 3 4 5 7 8 9 10 15 16 18 19 21 25,kinolab
649,2003-03-02,15,3 4 6 8 10 12 13 14 15 16 17 18 21 24 25,kinolab
650,2003-03-09,15,4 5 7 8 9 10 12 13 14 16 18 19 22 23 25,kinolab
651,2003-03-16,15,2 4 5 7 9 10 12 13 15 16 20 21 22 23 24,kinolab
652,2003-03-23,15,3 5 9 11 13 14 15 16 17 18 19 21 22 24 25,kinolab
653,2003-03-30,15,1 2 4 7 8 10 11 12 13 16 17 18 19 21 23,kinolab
654,2003-04-06,15,1 5 6 7 8 9 10 12 13 14 15 16 21 23 24,kinolab
655,2003-04-13,15,1 2 5 7 8 10 11 13 16 17 20 21 22 23 24,kinolab
656,2003-04-20,15,2 6 7 9 10 11 12 13 15 20 21 22 23 24 25,kinolab
657,2003-04-27,15,1 2 3 4 8 12 13 15 16 17 18 20 23 24 25,kinolab
658,2003-05-04,15,1 2 3 7 8 11 12 14 15 16 18 20 22 23 24,kinolab
659,2003-05-11,15,1 2 3 4 5 6 7 8 9 13 14 15 17 19 25,kinolab
660,2003-05-18,15,4 5 7 8 9 10 11 12 13 14 15 17 19 23 25,kinolab
661,2003-05-25,15,1 2 4 5 7 8 9 10 11 13 14 18 20 24 25,kinolab
662,2003-06-01,15,3 4 7 10 11 12 15 16 18 19 20 21 22 23 25,kinolab
663,2003-06-08,15,1 4 7 8 9 10 11 16 17 18 19 20 22 23 24,kinolab
664,2003-06-15,15,1 4 9 10 11 12 13 15 16 19 20 21 22 24 25,kinolab
665,2003-06-22,15,1 2 3 9 10 11 12 14 15 16 17 18 19 20 25,kinolab
666,2003-06-29,15,2 3 6 7 8 9 11 13 14 16 18 20 21 22 25,kinolab
667,2003-07-06,15,2 3 4 6 7 8 9 10 12 14 15 17 18 20 23,kinolab
668,2003-07-13,15,1 2 4 6 9 10 11 13 14 16 17 20 21 23 25,kinolab
669,2003-07-20,15,1 3 4 5 6 7 8 12 18 19 21 22 23 24 25,kinolab
670,2003-07-27,15,1 2 5 7 8 10 11 15 17 18 20 21 22 23 24,kinolab
671,2003-08-03,15,1 3 4 5 6 8 11 12 13 18 19 20 21 24 25,kinolab
672,2003-08-10,15,1 2 3 4 6 9 11 13 16 17 18 20 21 22 25,kinolab
673,2003-08-17,15,1 4 7 8 13 14 15 16 17 18 19 20 22 23 25,kinolab
674,2003-08-24,15,1 2 3 4 5 6 8 11 16 17 19 21 22 23 25,kinolab
675,2003-08-31,15,2 4 5 7 9 10 11 14 16 17 18 19 21 22 25,kinolab
676,2003-09-07,15,2 5 7 8 11 12 14 15 16 17 18 19 20 22 24,kinolab
677,2003-09-14,15,4 5 6 8 11 12 15 16 17 18 19 21 22 24 25,kinolab
678,2003-09-21,15,1 4 5 7 9 10 11 12 17 18 20 21 23 24 25,kinolab
679,2003-09-28,15,1 2 3 4 6 8 9 10 12 13 15 19 21 23 25,kinolab
680,2003-10-05,15,2 7 9 13 14 15 16 17 18 19 20 21 23 24 25,kinolab
681,2003-10-12,15,4 5 6 7 8 9 10 13 14 15 16 17 23 24 25,kinolab
682,2003-10-19,15,2 3 5 8 9 13 14 15 16 17 18 20 21 23 25,kinolab
683,2003-10-26,15,4 5 6 7 8 9 11 14 17 18 19 20 22 23 24,kinolab
684,2003-11-02,15,2 3 4 5 6 7 11 12 14 15 16 18 20 22 23,kinolab
685,2003-11-09,15,1 2 4 7 11 12 13 16 18 19 20 21 22 24 25,kinolab
686,2003-11-16,15,6 7 8 9 12 13 14 15 16 17 18 19 21 23 25,kinolab
687,2003-11-23,15,1 2 3 6 7 10 11 12 13 14 15 16 19 21 23,kinolab
688,2003-11-30,15,3 4 5 6 7 9 10 16 18 19 21 22 23 24 25,kinolab
689,2003-12-07,15,4 5 7 8 9 10 12 13 15 17 19 20 21 23 25,kinolab
690,2003-12-14,15,1 2 3 7 8 9 10 14 15 18 19 22 23 24 25,kinolab
691,2003-12-21,15,1 2 4 6 8 10 11 15 17 19 20 21 23 24 25,kinolab
692,2003-12-25,15,1 2 3 5 8 9 10 11 17 18 19 20 21 23 25,kinolab
693,2003-12-28,15,3 5 6 8 10 12 13 14 15 17 18 19 22 23 25,kinolab
694,2004-01-04,15,1 3 4 8 9 10 11 12 15 16 17 22 23 24 25,kinolab
695,2004-01-11,15,1 2 3 5 8 13 14 16 17 18 19 21 23 24 25,kinolab
696,2004-01-18,15,1 2 4 10 11 12 13 14 16 18 19 21 22 23 25,kinolab
697,2004-01-25,15,1 3 4 7 9 10 11 12 14 15 18 21 22 23 24,kinolab
698,2004-02-01,15,1 2 4 6 7 8 9 10 11 14 18 20 22 24 25,kinolab
699,2004-02-08,15,2 3 5 6 8 9 10 11 13 15 17 20 21 22 23,kinolab
700,2004-02-15,15,1 3 4 6 7 8 10 11 15 16 17 18 19 23 25,kinolab
701,2004-02-22,15,1 2 4 5 6 9 11 12 14 15 16 17 19 20 24,kinolab
702,2004-02-29,15,3 4 6 7 9 10 11 12 13 14 16 17 22 24 25,kinolab
703,2004-03-07,15,1 2 4 5 7 8 9 10 13 14 15 17 19 21 24,kinolab
704,2004-03-14,15,2 5 6 7 10 11 13 15 16 18 19 20 21 23 24,kinolab
705,2004-03-21,15,2 3 9 10 11 12 15 16 19 20 21 22 23 24 25,kinolab
706,2004-03-28,15,1 3 5 6 7 8 9 10 11 13 14 16 18 20 24,kinolab
707,2004-04-04,15,1 4 7 8 9 10 12 14 15 17 18 19 20 23 24,kinolab
708,2004-04-11,15,2 4 6 7 11 12 13 14 17 18 19 20 21 23 24,kinolab
709,2004-04-18,15,1 3 5 6 7 9 11 12 13 18 19 21 23 24 25,kinolab
710,2004-04-25,15,3 4 6 8 9 11 12 14 15 18 19 20 22 23 25,kinolab
711,2004-05-02,15,1 4 6 7 8 9 10 12 13 15 17 19 22 23 24,kinolab
712,2004-05-09,15,2 3 5 7 8 12 13 15 16 17 21 22 23 24 25,kinolab
713,2004-05-16,15,1 4 5 8 11 12 14 15 17 18 19 20 22 23 24,kinolab
714,2004-05-23,15,1 5 6 9 10 11 12 15 17 18 19 20 21 22 24,kinolab
715,2004-05-30,15,1 2 4 5 7 9 10 11 14 16 18 20 21 23 24,kinolab
716,2004-06-06,15,1 5 7 9 10 11 12 15 16 18 19 20 21 23 25,kinolab
717,2004-06-13,15,3 4 7 10 12 13 15 16 17 18 19 20 23 24 25,kinolab
718,2004-06-20,15,2 4 7 10 11 14 15 16 19 20 21 22 23 24 25,kinolab
719,2004-06-27,15,1 2 4 6 8 10 12 13 14 15 17 19 21 22 25,kinolab
720,2004-07-04,15,2 7 8 10 12 13 14 16 17 18 19 21 22 23 25,kinolab
721,2004-07-11,15,1 2 3 4 6 9 10 13 16 17 18 20 22 23 24,kinolab
722,2004-07-18,15,2 4 5 6 9 11 12 14 15 16 19 20 21 22 25,kinolab
723,2004-07-25,15,1 2 3 6 7 8 9 10 12 13 15 17 18 20 24,kinolab
724,2004-08-01,15,1 2 3 6 9 10 11 12 13 16 17 18 20 22 23,kinolab
725,2004-08-08,15,1 3 4 6 8 10 12 14 15 16 17 20 22 23 25,kinolab
726,2004-08-15,15,1 3 4 5 6 7 9 10 11 12 16 18 19 21 23,kinolab
727,2004-08-22,15,2 3 4 6 9 10 12 14 15 16 17 18 19 22 23,kinolab
728,2004-08-29,15,1 2 5 8 10 11 14 15 16 17 18 19 21 22 25,kinolab
729,2004-09-05,15,1 3 5 6 7 10 12 13 18 19 20 21 22 23 24,kinolab
730,2004-09-12,15,2 4 5 6 8 10 11 12 14 16 20 21 22 24 25,kinolab
731,2004-09-19,15,1 3 4 5 6 9 10 12 13 17 19 20 22 23 25,kinolab
732,2004-09-26,15,3 5 6 7 9 13 14 16 18 20 21 22 23 24 25,kinolab
733,2004-10-03,15,1 3 4 7 8 9 12 13 15 16 18 19 20 21 25,kinolab
734,2004-10-10,15,1 2 5 7 8 12 14 15 17 18 20 21 23 24 25,kinolab
735,2004-10-17,15,1 2 4 6 8 12 13 16 18 19 20 22 23 24 25,kinolab
736,2004-10-24,15,1 3 5 7 9 11 14 15 16 18 19 21 22 24 25,kinolab
737,2004-10-31,15,2 3 5 7 9 10 11 13 17 18 19 21 22 23 24,kinolab
738,2004-11-07,15,1 4 5 6 7 8 9 11 12 15 17 19 23 24 25,kinolab
739,2004-11-14,15,1 2 4 5 6 7 8 9 11 13 14 17 19 24 25,kinolab
740,2004-11-21,15,7 8 9 10 11 12 15 17 18 20 21 22 23 24 25,kinolab
741,2004-11-28,15,1 2 4 5 7 8 9 10 12 14 16 18 20 23 24,kinolab
742,2004-12-05,15,1 3 7 8 9 12 14 15 16 18 19 20 21 22 25,kinolab
743,2004-12-12,15,1 2 6 8 11 12 14 15 16 18 20 21 22 23 25,kinolab
744,2004-12-19,15,1 2 3 4 5 8 9 10 12 13 17 20 21 22 24,kinolab
745,2004-12-26,15,1 2 3 4 6 7 8 11 12 13 15 17 21 22 23,kinolab
746,2005-01-02,15,3 8 9 11 12 13 14 15 17 18 19 22 23 24 25,kinolab
747,2005-01-09,15,1 2 3 4 5 6 8 11 12 15 16 17 18 20 22,kinolab
748,2005-01-16,15,2 3 4 5 6 7 9 10 11 14 18 19 20 22 23,kinolab
749,2005-01-23,15,1 2 3 4 5 6 8 9 12 16 17 20 21 24 25,kinolab
750,2005-01-30,15,1 5 7 9 11 12 14 16 17 20 21 22 23 24 25,kinolab
751,2005-02-06,15,1 2 3 6 7 9 11 12 13 17 18 19 20 21 24,kinolab
752,2005-02-13,15,1 2 3 5 7 8 10 12 16 17 18 22 23 24 25,kinolab
753,2005-02-20,15,1 2 3 4 5 7 10 13 14 15 16 18 20 22 25,kinolab
754,2005-02-27,15,1 3 4 6 7 8 11 12 16 17 18 19 21 22 24,kinolab
755,2005-03-06,15,3 4 5 6 8 10 12 13 15 16 17 18 20 21 24,kinolab
756,2005-03-13,15,1 2 4 5 6 10 11 12 13 15 17 20 21 22 25,kinolab
757,2005-03-20,15,1 3 5 7 8 10 11 13 14 16 19 21 22 23 24,kinolab
758,2005-03-27,15,1 2 4 5 6 8 9 10 14 15 19 20 23 24 25,kinolab
759,2005-04-03,15,1 2 3 5 7 8 10 12 14 17 19 20 21 22 24,kinolab
760,2005-04-10,15,1 3 6 7 8 9 11 12 13 16 17 18 19 21 23,kinolab
761,2005-04-17,15,1 2 3 6 7 9 10 11 12 16 17 20 22 23 24,kinolab
762,2005-04-24,15,1 2 4 8 9 12 13 16 17 18 20 21 23 24 25,kinolab
763,2005-05-01,15,1 3 4 6 7 8 9 10 12 15 16 17 18 20 21,kinolab
764,2005-05-08,15,1 2 3 7 11 12 13 15 16 17 18 20 21 23 24,kinolab
765,2005-05-15,15,3 4 5 6 7 11 12 14 15 16 18 19 20 22 24,kinolab
766,2005-05-22,15,2 3 5 6 9 13 14 16 17 19 20 21 22 23 25,kinolab
767,2005-05-29,15,1 4 6 7 8 10 14 15 16 18 19 20 21 23 25,kinolab
768,2005-06-05,15,1 2 3 5 7 8 11 13 14 16 17 18 21 24 25,kinolab
769,2005-06-12,15,2 4 5 8 10 12 13 15 16 18 20 21 22 24 25,kinolab
770,2005-06-19,15,1 3 5 6 7 8 9 10 12 13 14 20 21 23 25,kinolab
771,2005-06-26,15,5 7 8 10 11 12 13 14 15 16 17 18 20 21 25,kinolab
772,2005-07-03,15,2 8 9 10 11 12 13 14 15 16 18 20 23 24 25,kinolab
773,2005-07-10,15,1 2 3 4 5 8 10 11 12 13 14 16 17 20 22,kinolab
774,2005-07-17,15,1 2 4 6 8 10 14 16 17 18 19 20 21 24 25,kinolab
775,2005-07-24,15,1 2 4 6 8 9 11 13 15 17 18 19 20 21 25,kinolab
776,2005-07-31,15,1 2 6 7 8 10 11 13 14 15 18 20 21 23 25,kinolab
777,2005-08-07,15,4 5 6 8 9 10 11 12 15 16 17 20 21 22 23,kinolab
778,2005-08-14,15,2 3 5 6 8 9 11 12 15 17 18 19 20 21 24,kinolab
779,2005-08-21,15,1 2 3 4 8 11 13 14 16 17 20 21 23 24 25,kinolab
780,2005-08-28,15,1 2 3 4 5 8 9 11 12 13 16 17 19 22 24,kinolab
781,2005-09-04,15,2 4 5 6 7 8 9 11 13 17 18 19 20 21 23,kinolab
782,2005-09-11,15,2 3 5 6 7 9 14 16 17 18 19 20 21 22 25,kinolab
783,2005-09-18,15,2 3 5 8 9 11 13 14 15 18 19 20 22 23 24,kinolab
784,2005-09-25,15,1 2 6 8 9 10 11 13 14 17 18 20 21 24 25,kinolab
785,2005-10-02,15,2 4 5 6 7 10 12 15 16 17 18 19 22 23 25,kinolab
786,2005-10-09,15,1 2 3 4 6 8 9 10 11 12 15 16 17 18 22,kinolab
787,2005-10-16,15,1 6 7 9 10 11 12 13 15 16 18 19 20 22 24,kinolab
788,2005-10-23,15,2 4 5 6 7 8 9 10 11 12 13 14 20 22 25,kinolab
789,2005-10-30,15,1 2 3 6 7 8 9 11 13 14 15 17 18 19 25,kinolab
790,2005-11-06,15,1 2 3 5 7 8 9 13 14 19 20 21 22 23 24,kinolab
791,2005-11-13,15,4 5 7 8 9 10 11 13 16 17 18 20 22 23 24,kinolab
792,2005-11-20,15,2 3 4 5 7 9 10 11 12 13 14 15 18 23 25,kinolab
793,2005-11-27,15,1 2 3 4 6 8 9 11 17 18 19 20 21 22 24,kinolab
794,2005-12-04,15,1 2 3 5 6 8 10 11 14 15 16 17 18 22 25,kinolab
795,2005-12-11,15,1 2 3 6 8 10 11 12 13 14 15 16 17 23 25,kinolab
796,2005-12-18,15,1 2 3 4 7 9 10 11 12 13 16 18 19 24 25,kinolab
797,2005-12-25,15,2 3 5 6 9 10 11 12 14 15 18 20 21 23 24,kinolab
798,2006-01-01,15,2 3 4 5 7 8 9 10 13 14 15 20 21 23 25,kinolab
799,2006-01-08,14,1 2 4 5 7 8 14 15 16 17 18 19 20 21,kinolab
800,2006-01-15,14,1 4 7 8 10 12 13 15 18 19 20 21 23 24,kinolab
801,2006-01-22,14,1 4 6 9 10 11 13 14 15 16 18 19 21 23,kinolab
802,2006-01-29,14,1 3 5 8 9 10 12 13 15 16 18 20 23 24,kinolab
803,2006-02-05,14,3 4 5 7 8 9 10 11 12 13 15 18 19 25,kinolab
804,2006-02-12,14,1 2 3 6 9 11 12 13 14 17 18 19 24 25,kinolab
805,2006-02-19,14,1 4 5 6 7 8 11 14 15 17 18 19 20 24,kinolab
806,2006-02-26,14,1 3 6 9 10 13 15 18 19 21 22 23 24 25,kinolab
807,2006-03-05,14,1 2 5 6 8 10 15 18 19 20 21 22 24 25,kinolab
808,2006-03-12,14,2 3 5 6 7 10 11 12 13 17 18 19 20 24,kinolab
809,2006-03-19,14,4 5 7 9 11 13 14 15 16 17 18 19 22 23,kinolab
810,2006-03-26,14,1 5 7 10 11 14 16 18 19 20 21 23 24 25,kinolab
811,2006-04-02,14,3 4 5 6 7 8 10 14 17 18 19 20 23 25,kinolab
812,2006-04-09,14,1 2 5 7 8 10 11 14 15 19 22 23 24 25,kinolab
813,2006-04-16,14,1 2 4 7 8 12 13 14 16 19 20 23 24 25,kinolab
814,2006-04-23,14,3 7 8 9 10 13 16 17 19 20 22 23 24 25,kinolab
815,2006-04-30,14,1 5 7 10 11 12 13 14 18 20 21 22 23 24,kinolab
816,2006-05-07,14,2 3 5 6 7 8 9 15 16 17 18 19 22 25,kinolab
817,2006-05-10,14,1 2 3 4 5 6 9 11 12 13 15 20 23 24,kinolab
818,2006-05-14,14,2 5 9 10 12 13 14 15 16 19 20 21 22 23,kinolab
819,2006-05-17,14,4 6 7 8 9 10 11 12 13 14 16 18 21 22,kinolab
820,2006-05-21,14,1 4 9 10 12 13 14 15 16 20 21 22 24 25,kinolab
821,2006-05-24,14,1 2 3 4 6 7 8 10 11 15 20 21 22 25,kinolab
822,2006-05-28,14,2 5 7 8 11 15 16 17 19 21 22 23 24 25,kinolab
823,2006-05-31,14,1 3 5 6 7 9 10 11 12 13 14 18 20 22,kinolab
824,2006-06-04,14,1 2 6 7 8 12 13 14 16 19 21 22 24 25,kinolab
825,2006-06-07,14,3 4 5 6 7 8 9 12 14 20 21 22 23 25,kinolab
826,2006-06-11,14,1 2 3 4 5 6 9 10 13 16 19 20 21 23,kinolab
827,2006-06-14,14,3 5 6 9 10 12 15 16 17 18 19 21 23 24,kinolab
828,2006-06-18,14,2 3 7 9 10 12 13 14 15 17 19 21 22 25,kinolab
829,2006-06-21,14,3 4 5 6 8 10 11 12 14 18 19 20 21 24,kinolab
830,2006-06-25,14,1 3 4 5 6 9 10 12 15 16 20 23 24 25,kinolab
831,2006-06-28,14,2 4 5 8 9 10 12 13 15 18 19 21 22 23,kinolab
832,2006-07-02,14,3 4 5 8 11 12 14 15 16 19 20 22 23 25,kinolab
833,2006-07-05,14,1 3 5 6 9 10 13 14 15 18 19 20 22 23,kinolab
834,2006-07-09,14,3 4 6 7 8 9 10 11 15 17 19 21 22 23,kinolab
835,2006-07-12,14,4 5 9 10 11 12 15 16 17 19 20 23 24 25,kinolab
836,2006-07-16,14,2 3 4 5 9 10 14 15 17 19 21 23 24 25,kinolab
837,2006-07-19,14,1 2 3 4 5 7 8 9 10 15 18 20 22 25,kinolab
838,2006-07-23,14,1 5 8 9 10 11 12 13 15 18 20 21 24 25,kinolab
839,2006-07-26,14,1 6 8 9 12 13 14 15 16 17 19 22 23 25,kinolab
840,2006-07-30,14,1 2 3 4 5 10 12 14 18 20 21 22 24 25,kinolab
841,2006-08-02,14,1 5 6 8 11 13 14 16 17 18 21 22 23 25,kinolab
842,2006-08-06,14,3 6 7 8 9 10 11 12 16 18 19 22 23 25,kinolab
843,2006-08-09,14,2 3 4 6 7 9 11 12 14 15 18 19 20 22,kinolab
844,2006-08-13,14,2 3 4 5 7 8 12 13 14 15 16 18 21 24,kinolab
845,2006-08-16,14,1 3 4 5 7 8 10 13 14 15 20 21 22 24,kinolab
846,2006-08-20,14,6 7 10 11 12 13 15 16 17 18 19 20 22 23,kinolab
847,2006-08-23,14,1 2 3 4 5 7 8 10 12 13 14 19 22 23,kinolab
848,2006-08-27,14,1 2 3 4 5 8 14 15 16 17 18 19 21 22,kinolab
849,2006-08-30,14,2 3 4 5 7 8 9 11 12 13 16 17 23 24,kinolab
850,2006-09-03,14,1 2 3 4 7 8 10 11 14 16 17 20 21 23,kinolab
851,2006-09-06,14,2 3 6 7 8 9 10 11 16 18 22 23 24 25,kinolab
852,2006-09-10,14,2 4 5 6 7 8 13 14 15 16 17 19 21 22,kinolab
853,2006-09-13,14,1 3 4 5 6 7 8 9 10 11 12 13 15 19,kinolab
854,2006-09-17,14,4 5 6 8 11 12 14 17 18 19 21 22 24 25,kinolab
855,2006-09-20,14,2 3 4 5 7 8 11 12 15 16 17 18 23 25,kinolab
856,2006-09-24,14,1 2 5 6 8 9 14 15 16 17 18 21 24 25,kinolab
857,2006-09-27,14,2 3 5 7 10 12 15 16 17 19 20 21 22 25,kinolab
858,2006-10-01,14,1 2 5 7 9 10 11 13 17 18 20 21 22 24,kinolab
859,2006-10-04,14,2 3 5 6 7 8 11 12 14 16 19 20 22 23,kinolab
860,2006-10-08,14,1 2 5 6 7 9 10 14 18 20 21 23 24 25,kinolab
861,2006-10-11,14,1 4 5 9 10 12 13 14 15 18 20 21 22 25,kinolab
862,2006-10-15,14,2 3 4 8 10 11 12 18 19 20 21 22 24 25,kinolab
863,2006-10-18,14,2 3 4 6 7 10 11 15 16 17 20 21 23 25,kinolab
864,2006-10-22,14,2 8 10 13 14 15 16 17 18 19 21 22 24 25,kinolab
865,2006-10-25,14,1 2 3 6 11 12 13 15 16 17 18 19 22 23,kinolab
866,2006-10-29,14,1 4 5 7 12 13 14 15 16 17 18 22 23 25,kinolab
867,2006-11-01,14,1 2 3 5 7 8 10 15 18 19 21 22 23 24,kinolab
868,2006-11-05,14,1 3 4 6 7 9 10 12 13 20 21 22 23 24,kinolab
869,2006-11-08,14,2 3 5 6 8 9 10 11 12 13 17 18 19 21,kinolab
870,2006-11-12,14,5 6 7 8 9 11 12 13 14 15 17 19 21 24,kinolab
871,2006-11-15,14,1 6 7 9 10 11 12 13 16 19 20 22 23 24,kinolab
872,2006-11-19,14,2 3 6 7 10 11 12 13 15 16 20 21 22 24,kinolab
873,2006-11-22,14,2 3 4 5 6 7 9 13 19 20 21 22 24 25,kinolab
874,2006-11-26,14,3 4 5 6 7 11 14 15 16 18 19 20 24 25,kinolab
875,2006-11-29,14,1 2 3 5 7 9 10 15 17 18 19 21 24 25,kinolab
876,2006-12-03,14,2 4 5 7 9 12 13 14 15 18 19 21 24 25,kinolab
877,2006-12-06,14,1 3 4 5 6 8 11 15 16 17 18 21 24 25,kinolab
878,2006-12-10,14,3 4 5 8 11 12 13 15 18 19 21 22 24 25,kinolab
879,2006-12-13,14,1 2 3 4 6 9 10 11 13 19 21 22 23 25,kinolab
880,2006-12-17,14,1 3 4 5 6 9 10 12 13 14 18 20 22 25,kinolab
881,2006-12-20,14,1 3 5 6 9 10 12 16 17 18 19 20 21 24,kinolab
882,2006-12-24,14,1 2 4 5 7 9 12 13 14 16 19 22 23 25,kinolab
883,2006-12-27,14,1 2 3 6 8 11 13 14 16 17 18 21 22 24,kinolab
884,2006-12-31,14,2 3 6 7 8 12 13 14 15 19 21 23 24 25,kinolab
885,2007-01-03,14,2 7 8 10 11 12 14 15 18 19 20 21 24 25,kinolab
886,2007-01-07,14,1 3 4 5 8 12 13 14 15 16 19 22 24 25,kinolab
887,2007-01-10,14,1 2 4 7 9 10 11 12 13 14 16 18 20 23,kinolab
888,2007-01-14,14,6 7 8 9 10 11 14 15 16 17 19 21 22 23,kinolab
889,2007-01-17,14,1 2 5 6 7 9 10 13 15 17 18 20 23 25,kinolab
890,2007-01-21,14,1 3 5 6 9 11 12 13 14 16 18 21 23 24,kinolab
891,2007-01-24,14,1 2 4 6 7 10 11 12 13 15 17 20 21 23,kinolab
892,2007-01-28,14,2 8 9 10 11 12 13 15 18 20 21 22 23 24,kinolab
893,2007-01-31,14,1 3 6 7 8 11 12 13 15 17 18 19 21 23,kinolab
894,2007-02-04,14,1 2 5 6 8 10 12 13 16 19 20 22 24 25,kinolab
895,2007-02-07,14,2 3 4 7 8 11 13 15 17 18 19 20 24 25,kinolab
896,2007-02-11,14,1 6 7 8 10 11 12 13 14 17 19 21 24 25,kinolab
897,2007-02-14,14,3 4 5 8 9 12 14 15 17 19 20 22 23 24,kinolab
898,2007-02-18,14,2 3 5 6 7 8 10 12 13 14 16 22 23 24,kinolab
899,2007-02-21,14,3 4 6 10 14 15 16 17 18 19 20 22 24 25,kinolab
900,2007-02-25,14,1 2 4 5 7 8 11 14 16 17 21 23 24 25,kinolab
901,2007-02-28,14,3 4 5 9 10 11 12 13 15 16 18 19 24 25,kinolab
902,2007-03-04,14,1 4 5 7 9 11 12 13 14 15 17 18 20 21,kinolab
903,2007-03-07,14,1 2 3 4 6 8 10 12 16 17 18 19 22 24,kinolab
904,2007-03-11,14,1 2 3 5 6 7 12 13 14 15 19 20 23 24,kinolab
905,2007-03-14,14,2 5 6 7 8 10 11 13 15 16 18 23 24 25,kinolab
906,2007-03-18,14,1 2 7 8 9 10 14 15 17 18 20 22 23 25,kinolab
907,2007-03-21,14,1 2 3 4 5 6 7 10 12 13 16 18 20 21,kinolab
908,2007-03-25,14,1 3 4 6 7 9 10 12 13 15 17 18 21 24,kinolab
909,2007-03-28,14,1 2 3 4 5 10 12 14 15 16 18 21 22 24,kinolab
910,2007-04-01,14,1 3 4 5 6 7 10 13 14 16 17 20 22 23,kinolab
911,2007-04-04,14,1 4 5 6 9 10 13 19 20 21 22 23 24 25,kinolab
912,2007-04-08,14,1 2 6 7 8 11 12 13 15 17 18 19 20 24,kinolab
913,2007-04-11,14,5 7 8 9 12 14 15 16 18 19 21 22 24 25,kinolab
914,2007-04-15,14,1 3 4 5 7 8 10 12 15 17 18 21 23 25,kinolab
915,2007-04-18,14,1 2 3 8 10 13 14 15 16 17 19 20 21 25,kinolab
916,2007-04-22,14,1 3 8 9 10 12 13 14 15 16 17 19 24 25,kinolab
917,2007-04-25,14,1 2 3 4 10 11 13 14 15 16 17 18 19 23,kinolab
918,2007-04-29,14,1 2 3 4 6 7 10 13 15 18 20 21 23 25,kinolab
919,2007-05-02,14,1 3 4 5 7 8 10 14 16 17 18 19 23 25,kinolab
920,2007-05-06,14,2 5 6 8 11 12 14 15 17 18 19 20 23 25,kinolab
921,2007-05-09,14,2 3 5 8 12 13 14 15 16 19 20 21 23 25,kinolab
922,2007-05-13,14,1 3 6 7 8 10 14 16 17 21 22 23 24 25,kinolab
923,2007-05-16,14,1 2 3 4 5 7 8 9 11 12 17 18 19 25,kinolab
924,2007-05-20,14,2 3 4 5 9 10 11 15 17 18 19 20 21 25,kinolab
925,2007-05-23,14,1 4 7 8 9 11 12 15 16 17 21 22 23 25,kinolab
926,2007-05-27,14,1 3 4 5 6 7 9 12 15 16 21 22 24 25,kinolab
927,2007-05-30,14,1 4 5 6 9 11 13 16 17 18 19 20 21 25,kinolab
928,2007-06-03,14,4 6 7 8 10 11 12 13 14 15 20 21 23 24,kinolab
929,2007-06-06,14,1 2 4 5 8 9 12 13 14 18 20 21 22 23,kinolab
930,2007-06-10,14,2 5 7 8 10 12 13 15 16 17 18 20 23 24,kinolab
931,2007-06-13,14,5 6 7 9 10 12 13 14 16 19 20 21 22 25,kinolab
932,2007-06-17,14,1 4 5 8 11 13 14 15 16 18 21 22 23 24,kinolab
933,2007-06-20,14,1 2 3 4 10 11 13 16 17 19 20 21 22 25,kinolab
934,2007-06-24,14,1 2 4 5 8 9 10 11 12 16 17 19 20 22,kinolab
935,2007-06-27,14,1 4 6 7 10 12 14 17 19 20 21 22 24 25,kinolab
936,2007-07-01,14,1 2 3 5 10 12 13 14 16 17 19 20 23 25,kinolab
937,2007-07-04,14,5 7 9 10 12 14 16 18 19 20 22 23 24 25,kinolab
938,2007-07-08,14,2 3 4 6 7 12 13 14 15 19 20 21 22 25,kinolab
939,2007-07-11,14,1 2 3 4 6 9 10 13 15 19 20 21 22 23,kinolab
940,2007-07-15,14,2 5 6 7 8 10 11 12 15 17 19 22 23 25,kinolab
941,2007-07-18,14,1 2 3 5 6 7 9 13 15 17 18 19 22 23,kinolab
942,2007-07-22,14,1 3 9 10 12 13 14 15 16 17 19 21 22 23,kinolab
943,2007-07-25,14,1 3 5 7 11 12 13 14 18 19 22 23 24 25,kinolab
944,2007-07-29,14,1 2 3 4 5 7 8 12 14 18 19 20 21 23,kinolab
945,2007-08-01,14,3 4 5 9 10 11 12 14 15 17 18 20 22 24,kinolab
946,2007-08-05,14,2 3 4 7 8 9 12 14 15 16 19 20 21 23,kinolab
947,2007-08-08,14,1 4 5 6 8 10 12 13 15 16 18 19 23 24,kinolab
948,2007-08-12,14,1 4 5 8 9 11 13 14 15 16 18 23 24 25,kinolab
949,2007-08-15,14,1 2 3 5 6 10 12 13 14 15 16 17 19 25,kinolab
950,2007-08-19,14,1 2 4 5 7 9 10 12 14 18 19 20 21 23,kinolab
951,2007-08-22,14,2 5 7 11 12 14 16 17 18 20 22 23 24 25,kinolab
952,2007-08-26,14,2 5 6 7 8 9 10 11 12 13 18 21 22 24,kinolab
953,2007-08-29,14,2 3 4 6 8 10 11 12 13 18 21 23 24 25,kinolab
954,2007-09-02,14,1 2 7 8 10 12 13 15 18 20 21 22 24 25,kinolab
955,2007-09-05,14,1 2 5 6 8 9 10 15 16 19 20 21 24 25,kinolab
956,2007-09-09,14,1 2 3 5 6 8 9 12 13 15 17 22 23 25,kinolab
957,2007-09-12,14,2 4 6 7 8 10 11 12 13 14 16 21 23 24,kinolab
958,2007-09-16,14,2 3 9 10 12 16 17 18 20 21 22 23 24 25,kinolab
959,2007-09-19,14,1 3 4 10 11 12 13 14 15 16 17 18 20 22,kinolab
960,2007-09-23,14,1 3 4 5 8 13 15 17 18 19 21 22 23 24,kinolab
961,2007-09-26,14,1 2 3 5 7 10 13 14 15 17 18 21 23 25,kinolab
962,2007-09-30,14,2 3 5 6 7 8 10 13 15 16 19 22 24 25,kinolab
963,2007-10-03,14,1 2 4 5 10 11 12 13 15 16 17 21 22 25,kinolab
964,2007-10-07,14,2 4 8 9 11 14 15 17 18 19 20 22 24 25,kinolab
965,2007-10-10,14,5 7 9 11 12 13 16 17 20 21 22 23 24 25,kinolab
966,2007-10-14,14,1 2 4 7 9 10 12 15 16 18 19 23 24 25,kinolab
967,2007-10-17,14,1 7 8 10 12 14 16 18 19 20 21 22 23 24,kinolab
968,2007-10-21,14,1 2 4 8 9 12 14 15 16 17 18 23 24 25,kinolab
969,2007-10-24,14,2 3 4 5 6 9 10 11 15 18 20 21 22 25,kinolab
970,2007-10-28,14,1 2 3 5 7 9 10 12 13 15 17 18 19 23,kinolab
971,2007-10-31,14,1 2 3 5 7 8 10 12 15 16 17 19 23 25,kinolab
972,2007-11-04,14,2 3 7 8 9 10 11 12 15 18 19 22 24 25,kinolab
973,2007-11-07,14,4 5 6 10 11 13 14 16 17 18 19 20 21 25,kinolab
974,2007-11-11,14,1 2 3 7 8 9 13 14 15 18 21 22 24 25,kinolab
975,2007-11-14,14,1 3 4 7 8 9 14 17 19 21 22 23 24 25,kinolab
976,2007-11-18,14,1 3 4 7 8 11 12 13 16 17 18 21 22 25,kinolab
977,2007-11-21,14,1 2 4 6 10 11 14 15 17 18 19 20 24 25,kinolab
978,2007-11-25,14,2 3 4 5 6 8 10 11 15 16 17 20 23 25,kinolab
979,2007-11-28,14,2 5 7 9 10 12 13 14 15 16 18 19 24 25,kinolab
980,2007-12-02,14,3 4 6 11 13 14 15 16 17 18 20 21 22 23,kinolab
981,2007-12-05,14,1 2 5 8 10 13 14 15 16 18 21 22 23 24,kinolab
982,2007-12-09,14,1 4 5 6 8 10 12 15 16 17 20 22 23 25,kinolab
983,2007-12-12,14,1 2 4 6 8 9 10 11 13 14 15 20 23 24,kinolab
984,2007-12-16,14,1 4 5 6 9 10 13 14 19 20 21 22 23 24,kinolab
985,2007-12-19,14,3 4 5 7 8 9 10 12 14 15 16 17 22 25,kinolab
986,2007-12-23,14,1 5 7 8 9 13 16 18 19 20 22 23 24 25,kinolab
987,2007-12-26,14,3 4 6 7 10 11 12 18 19 20 21 22 23 24,kinolab
988,2007-12-30,14,1 2 5 6 7 9 10 14 16 17 22 23 24 25,kinolab
989,2008-01-02,14,1 2 4 6 9 11 12 15 16 17 18 19 20 25,kinolab
990,2008-01-06,14,2 3 4 5 9 10 12 13 14 18 20 22 24 25,kinolab
991,2008-01-09,14,3 4 5 7 8 12 13 14 16 20 21 23 24 25,kinolab
992,2008-01-13,14,1 2 3 4 6 7 9 11 12 14 15 21 22 24,kinolab
993,2008-01-16,14,1 5 6 12 13 14 15 16 18 19 21 23 24 25,kinolab
994,2008-01-20,14,1 6 7 8 10 12 13 14 15 18 21 22 24 25,kinolab
995,2008-01-23,14,2 4 6 7 8 9 11 15 16 18 19 20 21 25,kinolab
996,2008-01-27,14,1 2 3 4 5 6 9 10 12 13 17 20 22 23,kinolab
997,2008-01-30,14,2 6 8 9 10 11 12 13 15 17 18 22 23 25,kinolab
998,2008-02-03,14,1 3 4 9 10 11 12 14 17 18 19 20 21 25,kinolab
999,2008-02-06,14,3 4 6 9 10 11 12 13 14 20 21 23 24 25,kinolab
1000,2008-02-10,14,2 3 5 8 10 12 13 14 15 17 18 20 22 24,kinolab
1001,2008-02-13,14,5 6 10 11 12 14 16 18 19 20 21 22 23 25,kinolab
1002,2008-02-17,14,4 6 7 9 10 11 13 15 16 17 22 23 24 25,kinolab
1003,2008-02-20,14,3 4 5 6 7 9 12 13 14 17 18 19 22 25,kinolab
1004,2008-02-24,14,1 4 7 10 12 14 15 17 20 21 22 23 24 25,kinolab
1005,2008-02-27,14,1 2 3 4 5 8 10 13 14 15 16 18 20 23,kinolab
1006,2008-03-02,14,1 3 4 9 11 15 16 17 18 20 21 23 24 25,kinolab
1007,2008-03-05,14,2 3 6 8 9 10 12 14 15 16 18 19 22 23,kinolab
1008,2008-03-09,14,3 4 6 7 8 9 10 11 16 18 19 20 21 25,kinolab
1009,2008-03-12,14,1 2 4 6 7 9 12 14 18 19 21 23 24 25,kinolab
1010,2008-03-16,14,2 4 6 8 10 11 12 14 15 16 19 20 22 25,kinolab
1011,2008-03-19,14,1 4 5 6 10 11 12 13 14 17 18 22 24 25,kinolab
1012,2008-03-23,14,4 6 7 9 10 11 13 14 15 17 18 19 23 24,kinolab
1013,2008-03-26,14,1 3 6 7 9 12 13 14 18 19 20 21 22 24,kinolab
1014,2008-03-30,14,2 3 4 5 6 8 11 12 13 17 19 21 22 23,kinolab
1015,2008-04-02,14,2 5 6 7 8 9 10 11 12 14 16 19 20 22,kinolab
1016,2008-04-06,14,2 6 8 9 11 12 13 14 16 18 19 20 22 25,kinolab
1017,2008-04-09,14,1 4 10 11 12 14 15 16 19 20 21 22 23 25,kinolab
1018,2008-04-13,14,2 3 4 6 7 10 15 16 17 18 21 22 24 25,kinolab
1019,2008-04-16,14,1 2 5 7 8 9 10 16 19 20 21 22 23 25,kinolab
1020,2008-04-20,14,1 2 4 5 8 10 12 14 15 18 19 21 24 25,kinolab
1021,2008-04-23,14,2 3 5 6 8 9 11 13 15 16 17 18 19 21,kinolab
1022,2008-04-27,14,1 3 6 7 8 9 14 15 16 17 19 20 23 24,kinolab
1023,2008-04-30,14,4 5 6 8 11 12 14 15 16 17 18 20 21 24,kinolab
1024,2008-05-04,14,1 2 3 5 7 10 11 12 14 17 20 22 23 25,kinolab
1025,2008-05-07,14,4 5 8 10 12 13 14 16 17 18 19 20 23 24,kinolab
1026,2008-05-11,14,2 3 4 5 7 9 10 13 14 16 17 22 23 25,kinolab
1027,2008-05-14,14,2 3 4 8 11 12 14 16 17 19 20 23 24 25,kinolab
1028,2008-05-18,14,1 3 5 6 7 8 9 11 13 18 19 22 23 24,kinolab
1029,2008-05-21,14,1 2 4 6 8 11 12 13 14 15 17 18 20 25,kinolab
1030,2008-05-25,14,1 3 4 7 8 9 15 16 17 19 20 21 23 25,kinolab
1031,2008-05-28,14,5 6 9 12 13 16 17 18 19 20 22 23 24 25,kinolab
1032,2008-06-01,14,1 5 6 7 9 10 12 13 14 15 16 18 20 25,kinolab
1033,2008-06-04,14,1 2 6 7 8 9 11 12 14 15 17 23 24 25,kinolab
1034,2008-06-08,14,1 2 3 4 5 8 9 10 16 17 19 20 22 24,kinolab
1035,2008-06-11,14,1 3 5 7 8 9 12 13 19 21 22 23 24 25,kinolab
1036,2008-06-15,14,2 4 5 7 9 10 11 13 15 16 18 19 22 24,kinolab
1037,2008-06-18,14,1 3 4 5 7 8 11 16 18 20 22 23 24 25,kinolab
1038,2008-06-22,14,2 5 8 10 11 13 14 15 16 17 20 22 24 25,kinolab
1039,2008-06-25,14,3 6 8 9 10 13 14 15 16 17 18 21 23 25,kinolab
1040,2008-06-29,14,3 5 6 7 9 11 12 18 19 21 22 23 24 25,kinolab
1041,2008-07-02,14,2 4 5 6 7 8 10 11 14 17 18 23 24 25,kinolab
1042,2008-07-06,14,1 4 5 7 8 9 10 11 14 17 20 21 22 23,kinolab
1043,2008-07-09,14,1 2 3 5 6 7 10 12 13 14 17 18 19 22,kinolab
1044,2008-07-13,14,1 2 3 6 10 12 14 16 18 20 21 22 23 24,kinolab
1045,2008-07-16,14,3 5 7 9 10 11 13 18 19 20 21 22 23 24,kinolab
1046,2008-07-20,14,2 3 6 9 10 13 14 15 16 17 18 19 21 23,kinolab
1047,2008-07-23,14,1 3 4 6 8 10 12 13 14 19 20 21 23 25,kinolab
1048,2008-07-27,14,2 7 8 10 11 12 13 14 16 18 19 20 23 25,kinolab
1049,2008-07-30,14,1 2 4 6 7 9 10 12 14 21 22 23 24 25,kinolab
1050,2008-08-03,14,1 3 4 5 8 11 12 15 16 17 18 20 21 22,kinolab
1051,2008-08-06,14,2 3 4 5 10 11 12 14 16 17 18 19 20 23,kinolab
1052,2008-08-10,14,1 2 3 6 8 9 10 11 16 17 18 19 20 23,kinolab
1053,2008-08-13,14,1 2 3 5 7 10 12 15 16 17 20 21 23 25,kinolab
1054,2008-08-17,14,1 4 6 7 8 10 12 15 17 18 19 20 23 25,kinolab
1055,2008-08-20,14,1 3 4 8 9 11 12 13 14 16 17 21 22 25,kinolab
1056,2008-08-24,14,1 4 6 7 8 9 10 12 13 14 19 22 23 24,kinolab
1057,2008-08-27,14,1 2 3 4 5 6 12 13 14 16 20 21 22 25,kinolab
1058,2008-08-31,14,1 2 3 4 7 8 10 11 13 17 18 19 20 22,kinolab
1059,2008-09-03,14,2 4 8 10 12 13 14 16 18 19 21 22 23 25,kinolab
1060,2008-09-07,14,3 7 9 10 11 12 14 15 16 17 18 20 21 23,kinolab
1061,2008-09-10,14,1 2 3 4 5 7 8 9 13 14 16 20 23 25,kinolab
1062,2008-09-14,14,1 3 4 5 6 8 11 13 17 18 19 20 21 25,kinolab
1063,2008-09-17,14,4 5 8 9 10 11 12 14 15 17 18 22 23 24,kinolab
1064,2008-09-21,14,1 4 7 10 11 12 13 16 17 18 19 20 21 22,kinolab
1065,2008-09-24,14,3 4 8 10 11 12 13 18 19 20 21 22 23 25,kinolab
1066,2008-09-28,14,1 3 8 10 12 14 15 16 17 18 19 22 23 24,kinolab
1067,2008-10-01,14,1 4 11 14 15 16 17 18 19 20 21 22 23 25,kinolab
1068,2008-10-05,14,2 4 5 10 12 13 14 15 16 18 19 21 22 24,kinolab
1069,2008-10-08,14,2 3 7 11 12 13 14 16 17 18 19 21 23 25,kinolab
1070,2008-10-12,14,4 5 7 10 12 14 16 17 19 21 22 23 24 25,kinolab
1071,2008-10-15,14,5 6 7 8 9 11 14 15 17 20 21 22 24 25,kinolab
1072,2008-10-19,14,1 2 4 8 10 11 13 14 16 17 21 22 23 25,kinolab
1073,2008-10-22,14,2 4 6 8 10 11 13 15 17 18 19 20 24 25,kinolab
1074,2008-10-26,14,1 3 7 9 11 12 14 15 16 17 18 20 22 25,kinolab
1075,2008-10-29,14,2 7 8 9 10 11 13 14 15 16 18 20 24 25,kinolab
1076,2008-11-02,14,1 2 4 6 9 11 12 14 15 16 21 22 24 25,kinolab
1077,2008-11-05,14,1 3 4 5 6 11 12 14 16 17 18 20 21 25,kinolab
1078,2008-11-09,14,1 3 4 9 10 11 13 14 17 19 21 22 24 25,kinolab
1079,2008-11-12,14,1 2 3 5 7 9 10 11 12 13 14 17 22 25,kinolab
1080,2008-11-16,14,1 3 6 7 11 12 13 14 15 16 18 19 20 22,kinolab
1081,2008-11-19,14,1 2 3 6 7 9 11 14 15 16 17 21 23 25,kinolab
1082,2008-11-23,14,1 3 4 6 7 8 11 14 17 18 19 21 24 25,kinolab
1083,2008-11-26,14,1 3 5 7 10 14 16 17 18 20 22 23 24 25,kinolab
1084,2008-11-30,14,3 4 7 8 9 10 11 12 15 16 17 19 20 25,kinolab
1085,2008-12-03,14,2 5 8 9 12 13 14 15 16 18 20 22 23 25,kinolab
1086,2008-12-07,14,8 9 10 11 12 13 17 19 20 21 22 23 24 25,kinolab
1087,2008-12-10,14,1 4 7 8 9 11 12 13 14 15 17 19 22 25,kinolab
1088,2008-12-14,14,1 2 5 6 7 8 9 10 13 14 17 18 19 20,kinolab
1089,2008-12-17,14,1 4 5 8 9 10 15 16 17 19 20 21 22 24,kinolab
1090,2008-12-21,14,1 6 7 8 11 13 14 15 16 20 21 22 24 25,kinolab
1091,2008-12-24,14,2 3 4 5 9 11 12 13 14 15 17 18 19 20,kinolab
1092,2008-12-28,14,2 3 4 5 7 8 9 11 13 14 17 19 20 25,kinolab
1093,2008-12-31,14,1 2 3 4 5 6 8 9 16 18 21 22 24 25,kinolab
1094,2009-01-04,14,1 4 6 10 12 15 16 17 18 19 20 21 22 23,kinolab
1095,2009-01-07,14,3 6 8 10 11 12 13 17 18 19 20 21 22 23,kinolab
1096,2009-01-11,14,3 5 7 8 9 10 11 13 14 15 16 18 19 25,kinolab
1097,2009-01-14,14,1 2 3 4 5 9 11 14 15 16 17 19 23 25,kinolab
1098,2009-01-18,14,2 3 4 9 11 13 14 16 17 18 19 21 23 25,kinolab
1099,2009-01-21,14,1 2 4 7 9 11 12 13 15 16 20 21 22 23,kinolab
1100,2009-01-25,14,1 6 7 8 10 12 13 14 15 18 19 20 21 24,kinolab
1101,2009-01-28,14,1 4 5 6 9 11 12 14 15 16 17 18 21 25,kinolab
1102,2009-02-01,14,1 4 5 6 7 12 14 15 16 17 18 19 20 22,kinolab
1103,2009-02-04,14,1 3 4 5 6 8 9 12 13 14 18 20 21 24,kinolab
1104,2009-02-08,14,2 3 4 5 6 11 13 15 17 18 20 22 24 25,kinolab
1105,2009-02-11,14,1 5 6 8 9 12 13 14 16 17 19 21 24 25,kinolab
1106,2009-02-15,14,1 2 4 6 7 8 9 10 11 16 19 20 21 24,kinolab
1107,2009-02-18,14,2 4 6 8 10 11 12 14 15 17 18 20 23 24,kinolab
1108,2009-02-22,14,1 2 3 4 5 6 9 10 12 16 19 20 21 24,kinolab
1109,2009-02-25,14,1 3 7 8 10 16 17 18 19 20 21 23 24 25,kinolab
1110,2009-03-01,14,2 3 5 7 10 11 15 17 18 19 21 22 24 25,kinolab
1111,2009-03-04,14,2 4 7 8 11 12 13 15 16 19 20 22 24 25,kinolab
1112,2009-03-08,14,1 2 3 4 6 7 8 9 10 13 14 16 17 23,kinolab
1113,2009-03-11,14,2 6 11 12 13 15 16 17 18 19 20 21 24 25,kinolab
1114,2009-03-15,14,1 2 5 6 9 11 12 14 16 17 18 20 22 23,kinolab
1115,2009-03-18,14,1 2 3 5 9 10 12 13 15 16 17 19 21 23,kinolab
1116,2009-03-22,14,2 4 6 7 9 10 11 12 15 17 18 19 21 25,kinolab
1117,2009-03-25,14,1 3 6 8 9 10 12 13 15 18 19 20 22 25,kinolab
1118,2009-03-29,14,1 5 7 8 13 14 16 18 19 20 22 23 24 25,kinolab
1119,2009-04-01,14,1 2 7 10 12 14 15 16 17 18 19 20 22 25,kinolab
1120,2009-04-05,14,2 3 4 5 7 8 9 10 11 17 18 19 22 24,kinolab
1121,2009-04-08,14,4 5 6 7 8 9 10 11 13 15 18 19 22 25,kinolab
1122,2009-04-12,14,1 2 3 4 5 6 7 8 10 11 18 22 23 24,kinolab
1123,2009-04-15,14,1 2 5 7 8 10 11 14 15 17 18 19 22 25,kinolab
1124,2009-04-19,14,1 2 5 6 8 10 11 12 13 14 20 23 24 25,kinolab
1125,2009-04-22,14,2 3 4 5 7 9 10 11 13 16 17 19 24 25,kinolab
1126,2009-04-26,14,3 4 6 8 9 12 15 16 18 19 20 21 22 23,kinolab
1127,2009-04-29,14,2 3 7 8 9 11 12 15 18 19 20 21 22 25,kinolab
1128,2009-05-03,14,2 3 6 7 8 9 11 17 18 19 20 23 24 25,kinolab
1129,2009-05-06,14,1 3 9 12 13 14 17 18 19 20 22 23 24 25,kinolab
1130,2009-05-10,14,1 3 4 5 6 7 8 9 11 12 14 17 18 25,kinolab
1131,2009-05-13,14,1 6 7 8 10 11 12 15 16 20 21 23 24 25,kinolab
1132,2009-05-17,14,1 5 7 10 12 15 17 18 19 20 21 22 23 24,kinolab
1133,2009-05-20,14,1 4 5 6 7 9 11 13 14 15 16 17 24 25,kinolab
1134,2009-05-24,14,4 5 6 7 8 9 10 13 14 16 19 22 23 24,kinolab
1135,2009-05-27,14,1 7 8 9 11 12 13 15 16 17 19 20 21 25,kinolab
1136,2009-05-31,14,1 4 7 8 9 10 13 14 18 19 20 21 23 24,kinolab
1137,2009-06-03,14,2 3 6 9 10 11 12 15 16 18 20 23 24 25,kinolab
1138,2009-06-07,14,1 4 8 9 10 11 14 15 17 20 22 23 24 25,kinolab
1139,2009-06-10,14,1 2 3 12 14 16 17 18 19 20 21 23 24 25,kinolab
1140,2009-06-14,14,1 3 5 7 8 12 13 14 15 19 20 23 24 25,kinolab
1141,2009-06-17,14,1 2 4 6 7 9 11 12 13 14 15 16 20 25,kinolab
1142,2009-06-21,14,1 5 6 9 10 12 13 14 15 16 20 21 23 25,kinolab
1143,2009-06-24,14,1 2 3 4 5 8 9 11 13 14 17 18 20 24,kinolab
1144,2009-06-28,14,3 5 6 7 8 11 12 13 14 17 19 22 23 25,kinolab
1145,2009-07-01,14,1 2 3 8 10 13 14 17 18 19 20 21 22 24,kinolab
1146,2009-07-05,14,1 5 6 9 10 11 12 16 17 18 19 22 24 25,kinolab
1147,2009-07-08,14,7 8 9 10 11 12 13 16 18 19 21 23 24 25,kinolab
1148,2009-07-12,14,1 2 5 6 8 11 12 13 15 18 19 22 24 25,kinolab
1149,2009-07-15,14,3 5 9 10 11 12 13 15 16 18 19 21 22 25,kinolab
1150,2009-07-19,14,1 2 3 4 5 6 8 9 10 11 12 13 20 25,kinolab
1151,2009-07-22,14,1 2 3 5 7 10 13 15 16 18 20 23 24 25,kinolab
1152,2009-07-26,14,2 4 5 6 7 9 11 14 15 16 17 20 21 22,kinolab
1153,2009-07-29,14,1 2 5 8 9 12 17 18 19 20 21 22 24 25,kinolab
1154,2009-08-02,14,1 4 5 6 7 8 10 11 12 14 16 19 23 25,kinolab
1155,2009-08-05,14,1 2 4 5 7 8 11 12 18 19 20 21 24 25,kinolab
1156,2009-08-09,14,1 3 4 6 7 8 9 11 15 16 18 19 20 23,kinolab
1157,2009-08-12,14,1 2 6 7 8 10 12 13 15 17 19 20 23 24,kinolab
1158,2009-08-16,14,1 3 7 8 9 10 11 13 16 18 20 23 24 25,kinolab
1159,2009-08-19,14,1 3 7 9 12 14 16 17 18 19 20 23 24 25,kinolab
1160,2009-08-23,14,1 2 3 5 10 12 13 16 17 18 20 22 23 25,kinolab
1161,2009-08-26,14,1 2 6 9 11 13 14 15 19 20 21 22 23 24,kinolab
1162,2009-08-30,14,4 5 6 7 10 11 14 15 16 19 20 22 23 25,kinolab
1163,2009-09-02,14,4 5 7 8 9 12 13 14 15 16 17 19 20 25,kinolab
1164,2009-09-06,14,1 3 5 6 7 8 10 11 13 14 15 18 22 24,kinolab
1165,2009-09-09,14,1 4 6 7 8 10 11 15 16 17 18 20 22 24,kinolab
1166,2009-09-13,14,2 3 6 8 9 11 12 13 14 15 18 19 23 25,kinolab
1167,2009-09-16,14,1 2 3 5 6 7 10 12 14 15 17 22 23 25,kinolab
1168,2009-09-20,14,2 6 7 10 12 14 15 16 17 18 20 21 24 25,kinolab
1169,2009-09-23,14,1 3 4 5 7 9 10 11 12 16 17 20 21 24,kinolab
1170,2009-09-27,14,1 2 3 5 6 10 11 12 13 17 20 21 24 25,kinolab
1171,2009-09-30,14,1 2 3 4 7 8 10 11 12 13 14 17 18 24,kinolab
1172,2009-10-04,14,2 3 5 7 8 9 10 12 14 15 17 18 20 21,kinolab
1173,2009-10-07,14,2 4 5 7 9 11 13 14 18 19 20 21 22 24,kinolab
1174,2009-10-11,14,1 4 5 8 9 10 14 17 18 19 21 22 23 24,kinolab
1175,2009-10-14,14,1 2 5 9 10 13 15 17 19 20 22 23 24 25,kinolab
1176,2009-10-18,14,2 4 5 7 10 11 12 14 15 17 19 21 22 23,kinolab
1177,2009-10-21,14,1 2 4 7 8 10 11 14 17 19 21 22 24 25,kinolab
1178,2009-10-25,14,1 3 5 6 9 12 18 19 20 21 22 23 24 25,kinolab
1179,2009-10-28,14,4 6 7 8 9 10 12 13 14 17 19 20 23 25,kinolab
1180,2009-11-01,14,1 5 6 8 10 11 12 14 15 17 20 23 24 25,kinolab
1181,2009-11-04,14,2 3 6 7 8 10 16 17 18 21 22 23 24 25,kinolab
1182,2009-11-08,14,1 2 3 4 5 6 9 12 13 16 17 21 22 24,kinolab
1183,2009-11-11,14,5 8 11 13 14 15 16 18 19 21 22 23 24 25,kinolab
1184,2009-11-15,14,3 4 6 7 9 10 11 12 13 15 16 20 22 24,kinolab
1185,2009-11-18,14,2 3 6 9 10 12 15 17 18 19 21 22 23 25,kinolab
1186,2009-11-22,14,1 3 5 7 8 10 11 12 14 15 16 17 23 25,kinolab
1187,2009-11-25,14,1 2 3 6 7 8 9 10 16 17 18 20 22 25,kinolab
1188,2009-11-29,14,1 2 3 6 7 10 11 13 14 15 16 19 23 25,kinolab
1189,2009-12-02,14,1 6 7 10 12 13 15 17 19 20 21 22 24 25,kinolab
1190,2009-12-06,14,3 4 6 7 8 10 11 13 15 18 20 21 22 24,kinolab
1191,2009-12-09,14,1 4 6 8 10 12 13 14 15 16 21 23 24 25,kinolab
1192,2009-12-13,14,1 2 4 5 6 9 10 11 12 13 14 17 22 25,kinolab
1193,2009-12-16,14,2 3 4 5 8 9 13 15 16 17 18 19 21 22,kinolab
1194,2009-12-20,14,4 5 7 8 12 13 14 15 16 17 21 22 24 25,kinolab
1195,2009-12-27,14,3 4 5 7 10 13 14 15 16 17 18 19 20 24,kinolab
1196,2009-12-30,14,2 3 4 5 6 7 8 13 15 19 20 22 23 25,kinolab
1197,2010-01-03,14,2 5 8 11 12 13 14 15 16 17 20 21 23 24,kinolab
1198,2010-01-06,14,2 3 5 6 7 9 10 12 14 20 21 23 24 25,kinolab
1199,2010-01-10,14,3 4 5 6 9 10 14 15 18 19 20 22 23 25,kinolab
1200,2010-01-13,14,1 3 5 6 7 8 10 13 14 15 16 18 20 25,kinolab
1201,2010-01-17,14,3 4 5 6 10 11 12 13 15 16 17 20 23 24,kinolab
1202,2010-01-20,14,3 6 7 9 10 11 13 14 16 18 20 23 24 25,kinolab
1203,2010-01-24,14,4 7 9 10 11 12 13 14 15 17 19 20 22 25,kinolab
1204,2010-01-27,14,3 5 7 8 9 13 14 16 17 19 20 23 24 25,kinolab
1205,2010-01-31,14,2 4 6 7 9 10 12 15 16 18 20 21 23 25,kinolab
1206,2010-02-03,14,1 2 5 6 8 10 11 12 13 15 16 18 19 20,kinolab
1207,2010-02-07,14,2 3 4 6 8 9 10 11 13 15 16 20 21 25,kinolab
1208,2010-02-10,14,1 3 5 6 10 11 14 15 18 20 22 23 24 25,kinolab
1209,2010-02-14,14,1 2 3 4 5 6 7 8 9 10 13 14 16 19,kinolab
1210,2010-02-17,14,3 6 7 8 9 12 13 14 15 18 21 23 24 25,kinolab
1211,2010-02-21,14,1 4 6 8 9 10 11 14 15 16 17 23 24 25,kinolab
1212,2010-02-24,14,1 4 5 7 8 9 12 13 14 16 20 21 22 25,kinolab
1213,2010-02-28,14,2 3 4 6 7 8 10 12 18 19 20 21 24 25,kinolab
1214,2010-03-03,14,2 3 4 5 6 7 9 10 11 12 14 20 21 24,kinolab
1215,2010-03-07,14,2 4 5 6 8 10 11 12 14 15 17 18 23 24,kinolab
1216,2010-03-10,14,1 3 4 5 6 7 8 10 13 14 15 21 24 25,kinolab
1217,2010-03-14,14,2 4 5 7 9 14 15 18 19 20 21 22 23 24,kinolab
1218,2010-03-17,14,2 6 9 10 12 13 15 16 18 20 21 22 24 25,kinolab
1219,2010-03-21,14,1 2 4 5 6 9 10 12 15 16 17 20 23 24,kinolab
1220,2010-03-24,14,1 2 3 5 8 9 10 11 13 19 20 21 24 25,kinolab
1221,2010-03-28,14,6 9 10 12 13 14 15 16 17 19 20 21 24 25,kinolab
1222,2010-03-31,14,2 4 5 6 8 10 11 13 15 16 17 20 21 25,kinolab
1223,2010-04-04,14,2 3 4 7 8 14 15 17 18 19 21 22 24 25,kinolab
1224,2010-04-07,14,1 4 5 6 10 12 13 14 15 17 20 22 24 25,kinolab
1225,2010-04-11,14,4 5 8 9 10 11 12 14 15 19 20 22 23 25,kinolab
1226,2010-04-14,14,2 4 6 8 11 12 15 16 17 18 19 21 22 23,kinolab
1227,2010-04-18,14,1 2 3 4 7 9 10 11 12 14 15 21 22 25,kinolab
1228,2010-04-21,14,1 2 4 5 7 10 11 12 14 15 16 17 18 25,kinolab
1229,2010-04-25,14,1 2 3 5 11 12 13 14 15 16 17 21 22 24,kinolab
1230,2010-04-28,14,1 3 4 5 6 11 14 18 19 20 22 23 24 25,kinolab
1231,2010-05-02,14,1 3 4 5 7 10 11 12 14 18 19 20 22 25,kinolab
1232,2010-05-05,14,2 3 4 5 6 7 8 9 10 11 13 17 19 20,kinolab
1233,2010-05-09,14,3 6 7 8 10 11 12 14 15 17 19 20 22 25,kinolab
1234,2010-05-12,14,2 4 6 9 13 15 16 17 18 19 20 21 22 23,kinolab
1235,2010-05-16,14,1 2 5 6 7 8 10 11 12 13 16 17 21 23,kinolab
1236,2010-05-19,14,2 5 7 10 11 12 13 15 16 18 19 22 23 24,kinolab
1237,2010-05-23,14,2 5 6 8 9 10 13 14 15 17 19 20 22 25,kinolab
1238,2010-05-26,14,2 3 5 7 8 9 14 16 19 20 21 22 23 25,kinolab
1239,2010-05-30,14,1 2 7 8 9 10 11 12 13 16 18 20 23 25,kinolab
1240,2010-06-02,14,1 2 3 4 5 7 8 10 11 14 17 18 22 23,kinolab
1241,2010-06-06,14,3 5 6 7 8 10 14 15 17 18 19 22 24 25,kinolab
1242,2010-06-09,14,2 3 4 5 6 9 10 11 12 14 16 19 20 22,kinolab
1243,2010-06-13,14,2 3 4 5 10 11 12 13 14 15 16 17 24 25,kinolab
1244,2010-06-16,14,1 2 5 6 7 10 11 13 16 17 21 22 24 25,kinolab
1245,2010-06-20,14,3 4 5 9 10 11 12 13 19 21 22 23 24 25,kinolab
1246,2010-06-23,14,1 4 6 7 11 12 14 17 18 19 21 22 23 25,kinolab
1247,2010-06-27,14,1 3 4 6 8 11 12 13 18 19 20 21 22 23,kinolab
1248,2010-06-30,14,1 4 6 8 9 10 12 14 17 18 19 20 21 24,kinolab
1249,2010-07-04,14,1 2 4 5 6 7 8 9 13 17 20 21 23 24,kinolab
1250,2010-07-07,14,1 2 3 4 6 7 8 10 14 15 16 20 21 25,kinolab
1251,2010-07-11,14,1 2 3 4 5 9 11 15 17 21 22 23 24 25,kinolab
1252,2010-07-14,14,1 4 5 7 8 9 11 12 14 16 17 19 20 23,kinolab
1253,2010-07-18,14,1 2 4 6 12 13 14 16 17 19 20 21 23 25,kinolab
1254,2010-07-21,14,5 7 8 9 10 12 15 16 17 19 20 22 23 25,kinolab
1255,2010-07-25,14,2 3 5 6 7 10 13 14 16 18 19 21 23 25,kinolab
1256,2010-07-28,14,1 2 4 5 7 11 12 13 15 17 18 19 23 25,kinolab
1257,2010-08-01,14,2 4 5 6 8 10 11 13 16 18 20 21 23 24,kinolab
1258,2010-08-04,14,1 4 6 7 10 11 14 15 16 17 20 21 23 25,kinolab
1259,2010-08-08,14,1 2 4 5 6 8 10 11 14 17 19 21 22 24,kinolab
1260,2010-08-11,14,2 4 5 8 10 11 14 16 17 19 21 22 23 24,kinolab
1261,2010-08-15,14,1 3 5 6 7 9 11 12 15 19 21 22 24 25,kinolab
1262,2010-08-18,14,1 6 8 9 10 11 12 13 15 19 20 21 24 25,kinolab
1263,2010-08-22,14,1 4 5 6 8 10 12 14 15 17 19 21 22 24,kinolab
1264,2010-08-25,14,2 3 5 6 10 11 13 14 16 17 18 21 23 24,kinolab
1265,2010-08-29,14,1 3 5 6 7 8 9 11 14 15 16 18 19 22,kinolab
1266,2010-09-01,14,3 5 7 8 9 10 12 14 15 17 18 19 21 23,kinolab
1267,2010-09-05,14,2 3 5 6 7 9 15 16 19 20 22 23 24 25,kinolab
1268,2010-09-08,14,1 6 7 9 10 11 12 13 16 18 19 20 23 25,kinolab
1269,2010-09-12,14,1 2 6 7 9 14 15 16 18 21 22 23 24 25,kinolab
1270,2010-09-15,14,1 2 4 5 8 9 10 12 14 18 19 20 23 24,kinolab
1271,2010-09-19,14,1 4 6 7 8 9 11 13 17 18 21 23 24 25,kinolab
1272,2010-09-22,14,1 2 4 5 6 9 10 14 15 20 22 23 24 25,kinolab
1273,2010-09-26,14,1 4 5 8 9 10 12 14 16 17 18 19 20 23,kinolab
1274,2010-09-29,14,2 3 5 7 8 9 11 12 14 15 19 21 23 25,kinolab
1275,2010-10-03,14,1 2 4 5 7 9 13 14 17 18 20 22 23 25,kinolab
1276,2010-10-06,14,2 4 5 7 8 9 12 15 17 18 20 23 24 25,kinolab
1277,2010-10-10,14,1 3 4 7 9 11 13 16 17 18 20 22 23 24,kinolab
1278,2010-10-13,14,1 2 3 4 7 9 12 13 14 15 16 19 20 24,kinolab
1279,2010-10-17,14,2 5 6 9 10 11 12 15 16 17 18 22 23 25,kinolab
1280,2010-10-20,14,1 2 3 7 8 11 12 15 17 19 20 22 24 25,kinolab
1281,2010-10-24,14,3 7 8 9 10 11 12 13 16 18 21 22 23 25,kinolab
1282,2010-10-27,14,2 3 4 7 8 9 10 11 13 16 19 20 21 22,kinolab
1283,2010-10-31,14,1 2 4 8 9 11 12 15 17 18 19 22 23 24,kinolab
1284,2010-11-03,14,4 5 8 9 11 12 13 15 17 20 21 22 24 25,kinolab
1285,2010-11-07,14,3 4 7 8 9 10 11 12 13 14 15 17 19 20,kinolab
1286,2010-11-10,14,1 2 3 4 9 12 13 14 15 16 20 21 23 24,kinolab
1287,2010-11-14,14,6 7 9 10 11 12 14 15 16 17 18 20 24 25,kinolab
1288,2010-11-17,14,3 4 6 8 12 13 14 15 17 19 21 23 24 25,kinolab
1289,2010-11-21,14,2 3 6 8 9 10 13 17 18 19 20 21 22 24,kinolab
1290,2010-11-24,14,1 2 7 8 12 14 15 16 17 18 19 21 23 25,kinolab
1291,2010-11-28,14,1 3 4 5 6 7 8 11 12 13 16 22 23 24,kinolab
1292,2010-12-01,14,1 4 5 8 9 10 11 13 19 20 21 22 23 24,kinolab
1293,2010-12-05,14,1 2 5 6 7 9 11 15 17 18 20 21 22 24,kinolab
1294,2010-12-08,14,2 4 8 11 12 13 14 16 18 20 22 23 24 25,kinolab
1295,2010-12-12,14,1 2 3 4 5 6 9 11 12 16 17 18 20 25,kinolab
1296,2010-12-15,14,1 2 6 8 9 10 13 14 15 16 17 22 23 25,kinolab
1297,2010-12-19,14,1 2 3 4 5 7 9 12 14 15 18 21 22 25,kinolab
1298,2010-12-22,14,2 5 6 7 9 10 12 13 15 16 17 19 22 23,kinolab
1299,2010-12-26,14,1 2 6 7 8 9 12 14 16 17 20 21 23 25,kinolab
1300,2010-12-29,14,2 3 5 6 7 8 9 10 14 15 16 19 21 22,kinolab
1301,2011-01-02,14,1 5 6 7 11 12 13 14 15 18 19 21 24 25,kinolab
1302,2011-01-05,14,1 3 8 9 11 12 13 14 15 17 18 23 24 25,kinolab
1303,2011-01-09,14,1 2 5 6 7 8 10 11 14 19 21 22 23 24,kinolab
1304,2011-01-12,14,1 2 3 6 9 10 13 17 19 20 22 23 24 25,kinolab
1305,2011-01-16,14,3 5 7 8 9 10 11 12 13 15 16 17 22 23,kinolab
1306,2011-01-19,14,1 6 7 9 10 12 13 14 16 18 22 23 24 25,kinolab
1307,2011-01-23,14,1 3 4 6 7 9 11 12 17 18 21 23 24 25,kinolab
1308,2011-01-26,14,1 2 3 4 8 9 11 13 15 16 18 20 22 24,kinolab
1309,2011-01-30,14,2 3 6 8 9 12 15 16 17 19 20 21 22 25,kinolab
1310,2011-02-02,14,1 4 6 7 9 10 11 12 13 18 20 21 22 25,kinolab
1311,2011-02-06,14,3 4 7 8 9 11 14 15 18 19 20 21 22 23,kinolab
1312,2011-02-09,14,1 2 6 8 9 12 14 15 16 17 18 20 22 23,kinolab
1313,2011-02-13,14,2 7 8 9 10 13 14 15 19 21 22 23 24 25,kinolab
1314,2011-02-16,14,1 2 7 9 11 13 14 15 17 19 20 21 23 25,kinolab
1315,2011-02-20,14,1 3 4 7 8 9 13 14 15 17 18 21 24 25,kinolab
1316,2011-02-23,14,1 2 3 4 5 6 8 9 11 12 14 15 18 21,kinolab
1317,2011-02-27,14,2 3 5 6 7 8 9 10 11 13 14 15 16 22,kinolab
1318,2011-03-02,14,4 6 8 9 10 11 12 14 15 16 17 22 23 24,kinolab
1319,2011-03-06,14,5 7 8 11 12 17 18 19 20 21 22 23 24 25,kinolab
1320,2011-03-09,14,2 3 5 6 7 12 13 15 16 18 19 22 24 25,kinolab
1321,2011-03-13,14,5 6 8 9 11 12 14 15 16 17 20 23 24 25,kinolab
1322,2011-03-16,14,5 6 8 9 10 11 12 14 15 16 17 18 20 24,kinolab
1323,2011-03-20,14,1 3 4 5 6 9 13 14 15 16 18 19 21 25,kinolab
1324,2011-03-23,14,4 6 9 10 12 14 15 16 17 18 21 22 24 25,kinolab
1325,2011-03-27,14,1 3 8 9 10 11 12 14 15 18 19 20 24 25,kinolab
1326,2011-03-30,14,1 2 5 6 8 9 11 12 16 17 18 19 23 25,kinolab
1327,2011-04-03,14,1 3 4 5 11 12 13 14 16 18 20 22 23 24,kinolab
1328,2011-04-06,14,2 3 6 8 9 10 12 13 14 15 18 20 21 23,kinolab
1329,2011-04-10,14,2 4 6 8 11 12 13 15 16 17 20 22 24 25,kinolab
1330,2011-04-13,14,1 2 4 6 7 8 13 14 15 18 19 20 22 23,kinolab
1331,2011-04-17,14,2 9 11 12 13 15 17 18 19 21 22 23 24 25,kinolab
1332,2011-04-20,14,1 2 5 10 11 13 15 16 17 18 19 20 23 24,kinolab
1333,2011-04-24,14,1 3 6 7 10 12 13 15 16 17 18 19 20 25,kinolab
1334,2011-04-27,14,1 3 4 5 6 7 8 10 17 18 20 21 22 24,kinolab
1335,2011-05-01,14,1 2 3 4 6 10 11 13 16 18 22 23 24 25,kinolab
1336,2011-05-04,14,1 2 3 4 6 7 9 12 13 14 19 21 23 25,kinolab
1337,2011-05-08,14,1 2 3 4 5 7 8 9 10 12 16 17 20 21,kinolab
1338,2011-05-11,14,2 3 4 6 8 9 11 15 16 17 19 20 21 22,kinolab
1339,2011-05-15,14,2 3 4 5 6 8 11 15 16 20 21 22 24 25,kinolab
1340,2011-05-18,14,3 4 5 6 7 9 12 13 18 19 22 23 24 25,kinolab
1341,2011-05-22,14,1 5 6 7 9 10 11 12 13 15 16 17 21 24,kinolab
1342,2011-05-25,14,1 2 4 7 10 11 12 13 15 17 19 22 23 24,kinolab
1343,2011-05-29,14,4 5 8 9 10 11 16 18 19 21 22 23 24 25,kinolab
1344,2011-06-01,14,1 2 4 5 7 8 9 10 11 13 14 15 17 22,kinolab
1345,2011-06-05,14,2 5 6 7 9 11 12 14 15 16 17 18 20 21,kinolab
1346,2011-06-08,14,2 3 4 5 6 8 9 10 12 16 17 18 23 25,kinolab
1347,2011-06-12,14,1 2 3 4 5 6 7 10 12 13 14 15 16 17,kinolab
1348,2011-06-15,14,1 6 7 8 9 11 12 13 18 20 21 22 24 25,kinolab
1349,2011-06-19,14,1 2 3 4 9 12 13 16 17 18 19 20 21 22,kinolab
1350,2011-06-22,14,4 5 6 7 10 11 12 13 14 15 17 19 20 25,kinolab
1351,2011-06-26,14,1 2 5 6 9 10 13 15 16 17 18 22 23 25,kinolab
1352,2011-06-29,14,3 4 9 10 13 14 15 17 18 19 20 23 24 25,kinolab
1353,2011-07-03,14,1 6 7 9 10 13 14 16 19 20 21 22 23 24,kinolab
1354,2011-07-06,14,2 4 5 8 10 11 12 13 15 17 18 20 21 22,kinolab
1355,2011-07-10,14,1 2 3 4 5 6 8 9 10 11 18 21 22 23,kinolab
1356,2011-07-13,14,1 4 5 6 7 8 9 11 12 13 16 17 21 22,kinolab
1357,2011-07-17,14,2 6 8 9 10 12 15 16 18 19 20 21 23 25,kinolab
1358,2011-07-20,14,5 7 8 9 10 12 13 15 16 17 18 19 20 22,kinolab
1359,2011-07-24,14,1 3 5 6 8 9 11 16 17 18 20 22 23 25,kinolab
1360,2011-07-27,14,5 6 7 8 9 12 14 15 16 17 19 21 23 25,kinolab
1361,2011-07-31,14,3 6 7 9 10 14 15 17 19 20 21 22 23 25,kinolab
1362,2011-08-03,14,1 2 4 5 7 8 9 11 13 15 16 22 23 25,kinolab
1363,2011-08-07,14,1 2 3 4 5 6 10 11 12 13 15 22 24 25,kinolab
1364,2011-08-10,14,1 3 4 5 6 7 10 11 12 15 16 23 24 25,kinolab
1365,2011-08-14,14,1 2 3 5 9 10 11 13 17 18 22 23 24 25,kinolab
1366,2011-08-17,14,1 7 9 11 12 13 14 15 16 18 20 22 24 25,kinolab
1367,2011-08-21,14,1 6 7 8 9 12 13 14 15 16 17 20 22 24,kinolab
1368,2011-08-24,14,1 2 3 4 6 9 11 14 15 16 17 20 21 24,kinolab
1369,2011-08-28,14,1 2 4 5 6 7 9 11 12 17 18 19 22 25,kinolab
1370,2011-08-31,14,1 2 3 4 5 6 7 13 14 15 18 19 21 25,kinolab
1371,2011-09-04,14,1 5 6 7 8 9 10 11 12 13 14 15 18 22,kinolab
1372,2011-09-07,14,3 4 7 9 13 16 17 18 19 20 21 22 24 25,kinolab
1373,2011-09-11,14,2 3 4 6 8 11 13 14 15 16 17 18 20 24,kinolab
1374,2011-09-14,14,1 2 4 7 8 9 10 11 13 16 18 20 21 22,kinolab
1375,2011-09-18,14,2 5 7 9 12 13 15 16 17 18 22 23 24 25,kinolab
1376,2011-09-21,14,1 3 5 6 8 13 15 17 18 19 20 21 22 25,kinolab
1377,2011-09-25,14,2 4 5 6 7 11 12 13 16 17 20 21 22 25,kinolab
1378,2011-09-28,14,2 4 5 6 7 9 12 14 17 18 19 21 23 24,kinolab
1379,2011-10-02,14,2 3 6 9 10 15 17 18 19 20 21 23 24 25,kinolab
1380,2011-10-05,14,4 5 6 8 10 11 14 15 17 20 21 22 23 24,kinolab
1381,2011-10-09,14,1 2 3 4 5 6 7 9 13 14 18 20 21 23,kinolab
1382,2011-10-12,14,1 2 4 5 6 12 13 15 17 19 20 21 24 25,kinolab
1383,2011-10-16,14,3 6 7 8 10 12 14 15 16 17 19 22 23 24,kinolab
1384,2011-10-19,14,1 2 5 6 8 9 10 12 13 15 16 21 23 24,kinolab
1385,2011-10-23,14,1 3 4 6 7 8 13 14 16 19 21 23 24 25,kinolab
1386,2011-10-26,14,1 3 7 8 10 11 13 14 15 18 19 20 22 23,kinolab
1387,2011-10-30,14,1 2 5 6 7 8 9 10 12 16 17 23 24 25,kinolab
1388,2011-11-02,14,1 5 7 8 10 11 14 16 17 18 19 20 23 25,kinolab
1389,2011-11-06,14,1 2 3 8 9 10 12 13 14 18 19 21 22 24,kinolab
1390,2011-11-09,14,2 5 6 7 8 12 13 14 15 18 20 21 22 23,kinolab
1391,2011-11-13,14,1 7 8 9 10 11 12 13 15 18 20 22 23 24,kinolab
1392,2011-11-16,14,1 2 4 5 6 8 11 13 14 19 21 22 24 25,kinolab
1393,2011-11-20,14,1 2 3 4 7 11 12 15 17 18 20 22 24 25,kinolab
1394,2011-11-23,14,2 5 7 8 9 11 12 14 16 18 19 21 23 25,kinolab
1395,2011-11-27,14,1 4 6 7 8 9 10 11 12 14 15 17 19 22,kinolab
1396,2011-11-30,14,1 3 4 5 6 7 8 10 13 15 16 17 22 23,kinolab
1397,2011-12-04,14,1 2 3 4 5 8 10 13 17 20 21 22 23 24,kinolab
1398,2011-12-07,14,1 2 5 7 9 10 11 15 16 20 21 22 23 24,kinolab
1399,2011-12-11,14,1 2 3 7 8 12 13 14 17 19 20 22 23 24,kinolab
1400,2011-12-14,14,1 2 3 7 8 9 11 13 14 19 20 22 24 25,kinolab
1401,2011-12-18,14,2 3 6 7 8 12 15 16 17 18 19 20 22 23,kinolab
1402,2011-12-21,14,1 2 7 10 13 15 16 17 18 20 21 22 23 24,kinolab
1403,2011-12-25,14,1 3 4 5 7 8 9 10 11 12 14 17 24 25,kinolab
1404,2011-12-28,14,2 3 4 6 8 9 10 11 13 14 16 17 19 20,kinolab
1405,2012-01-01,14,1 2 3 5 6 13 16 18 20 21 22 23 24 25,kinolab
1406,2012-01-04,14,1 4 6 7 8 9 11 12 15 16 18 19 22 23,kinolab
1407,2012-01-08,14,2 3 6 8 9 12 15 18 19 20 21 23 24 25,kinolab
1408,2012-01-11,14,1 2 6 7 12 14 15 17 19 20 21 23 24 25,kinolab
1409,2012-01-15,14,2 3 5 6 7 8 11 12 13 15 17 20 22 23,kinolab
1410,2012-01-18,14,2 4 8 9 10 12 13 16 17 18 20 21 22 23,kinolab
1411,2012-01-22,14,1 2 3 4 5 6 11 15 17 18 20 21 23 24,kinolab
1412,2012-01-25,14,1 5 6 8 10 11 12 13 14 17 19 20 22 24,kinolab
1413,2012-01-29,14,1 2 3 4 5 9 11 12 13 14 15 18 19 23,kinolab
1414,2012-02-01,14,1 3 4 7 8 9 10 13 14 15 17 18 24 25,kinolab
1415,2012-02-05,14,3 4 5 6 9 10 11 12 13 14 15 18 23 24,kinolab
1416,2012-02-08,14,1 7 9 11 13 14 15 18 20 21 22 23 24 25,kinolab
1417,2012-02-12,14,1 2 6 7 8 9 12 13 14 17 18 21 22 23,kinolab
1418,2012-02-15,14,1 3 4 5 8 9 11 12 13 14 15 16 17 20,kinolab
1419,2012-02-19,14,4 5 6 7 9 11 14 16 18 19 21 22 23 24,kinolab
1420,2012-02-22,14,1 2 3 4 5 6 8 11 14 15 17 18 20 25,kinolab
1421,2012-02-26,14,1 2 3 4 5 6 10 11 14 17 19 22 24 25,kinolab
1422,2012-02-29,14,2 3 5 7 8 10 12 16 17 18 19 20 21 25,kinolab
1423,2012-03-04,14,2 5 7 8 9 10 11 13 14 15 16 18 21 25,kinolab
1424,2012-03-07,14,1 2 4 9 10 11 15 17 18 19 20 21 22 25,kinolab
1425,2012-03-11,14,1 2 6 9 10 11 15 17 18 21 22 23 24 25,kinolab
1426,2012-03-14,14,1 2 3 5 6 10 11 12 16 18 19 22 23 24,kinolab
1427,2012-03-18,14,2 3 4 5 6 9 10 12 13 16 20 21 22 25,kinolab
1428,2012-03-21,14,3 4 5 7 8 9 10 11 12 13 15 16 17 24,kinolab
1429,2012-03-25,14,2 4 5 8 9 10 13 14 15 16 17 20 22 25,kinolab
1430,2012-03-28,14,1 2 5 7 8 11 12 13 14 16 17 20 23 24,kinolab
1431,2012-04-01,14,1 2 3 5 6 8 9 12 13 15 16 18 22 25,kinolab
1432,2012-04-04,14,2 4 5 6 8 9 10 11 12 13 19 20 21 22,kinolab
1433,2012-04-08,14,1 3 5 6 7 8 12 14 15 17 18 19 23 25,kinolab
1434,2012-04-11,14,1 2 3 4 5 7 11 12 13 14 21 22 23 24,kinolab
1435,2012-04-15,14,3 5 7 8 9 16 17 18 19 20 22 23 24 25,kinolab
1436,2012-04-18,14,2 4 5 6 7 9 11 13 14 15 17 18 20 24,kinolab
1437,2012-04-22,14,1 2 3 9 10 11 14 16 17 18 19 20 23 24,kinolab
1438,2012-04-25,14,1 4 5 8 10 13 14 15 18 19 21 22 23 25,kinolab
1439,2012-04-29,14,1 3 4 7 13 14 15 16 19 21 22 23 24 25,kinolab
1440,2012-05-02,14,1 3 5 6 9 11 14 15 16 18 20 21 22 23,kinolab
1441,2012-05-06,14,1 2 4 9 12 13 17 18 19 20 21 22 23 24,kinolab
1442,2012-05-09,14,3 7 8 9 11 12 13 15 16 18 19 21 22 24,kinolab
1443,2012-05-13,14,3 6 7 8 9 10 12 15 17 18 19 20 23 24,kinolab
1444,2012-05-16,14,2 5 6 8 9 10 11 12 14 17 19 21 22 23,kinolab
1445,2012-05-20,14,1 2 5 8 9 10 12 15 16 17 20 21 22 24,kinolab
1446,2012-05-23,14,1 2 5 7 8 11 12 16 17 20 21 23 24 25,kinolab
1447,2012-05-27,14,2 5 7 9 10 11 13 14 15 17 19 22 24 25,kinolab
1448,2012-05-30,14,2 3 4 10 13 15 16 17 18 19 22 23 24 25,kinolab
1449,2012-06-03,14,5 7 8 9 10 11 14 16 18 19 20 21 23 25,kinolab
1450,2012-06-06,14,1 2 8 9 10 11 12 14 16 17 18 20 21 23,kinolab
1451,2012-06-10,14,6 7 9 10 11 13 17 18 19 20 21 22 24 25,kinolab
1452,2012-06-13,14,2 3 4 5 8 11 12 14 15 16 18 19 22 23,kinolab
1453,2012-06-17,14,1 3 4 7 8 10 11 13 16 17 20 21 23 24,kinolab
1454,2012-06-20,14,1 4 5 11 13 14 15 16 17 18 19 20 23 25,kinolab
1455,2012-06-24,14,1 2 3 7 9 10 12 13 14 16 17 20 21 25,kinolab
1456,2012-06-27,14,1 5 6 7 9 12 13 15 17 18 21 23 24 25,kinolab
1457,2012-07-01,14,1 3 6 7 8 9 10 13 18 19 20 22 24 25,kinolab
1458,2012-07-04,14,1 2 3 5 6 8 9 10 11 14 17 19 22 24,kinolab
1459,2012-07-08,14,2 3 4 6 7 9 10 12 16 17 21 23 24 25,kinolab
1460,2012-07-11,14,1 2 4 6 9 10 14 15 16 19 20 22 23 24,kinolab
1461,2012-07-15,14,2 3 4 5 6 8 9 13 14 18 21 22 23 25,kinolab
1462,2012-07-18,14,1 4 6 10 12 13 17 18 19 20 22 23 24 25,kinolab
1463,2012-07-22,14,1 4 6 7 8 9 11 12 14 15 16 20 23 24,kinolab
1464,2012-07-25,14,1 3 5 6 7 12 14 15 18 21 22 23 24 25,kinolab
1465,2012-07-29,14,1 3 4 5 6 9 10 11 13 15 16 17 21 25,kinolab
1466,2012-08-01,14,3 4 5 9 10 11 12 15 17 19 20 21 24 25,kinolab
1467,2012-08-05,14,1 2 5 8 12 13 14 15 18 20 21 22 24 25,kinolab
1468,2012-08-08,14,2 3 5 7 9 10 14 15 16 18 19 22 23 24,kinolab
1469,2012-08-12,14,1 2 3 4 5 8 10 14 15 16 18 20 21 23,kinolab
1470,2012-08-15,14,4 5 6 7 8 12 13 14 15 16 17 22 24 25,kinolab
1471,2012-08-19,14,2 3 7 9 10 12 13 14 15 20 21 23 24 25,kinolab
1472,2012-08-22,14,2 4 5 6 7 8 11 13 14 15 16 17 20 21,kinolab
1473,2012-08-26,14,1 2 4 5 7 9 10 11 15 16 17 20 24 25,kinolab
1474,2012-08-29,14,1 2 3 4 5 6 8 11 15 16 18 21 23 24,kinolab
1475,2012-09-02,14,2 3 6 7 8 9 10 13 14 16 17 18 22 23,kinolab
1476,2012-09-05,14,2 4 5 7 8 11 14 16 17 18 20 22 23 25,kinolab
1477,2012-09-09,14,2 3 4 8 9 11 12 13 14 15 17 22 24 25,kinolab
1478,2012-09-12,14,4 6 10 11 12 13 14 15 16 17 18 21 23 25,kinolab
1479,2012-09-16,14,1 2 4 5 8 11 12 15 16 18 19 21 24 25,kinolab
1480,2012-09-19,14,2 3 4 5 6 8 10 11 12 14 16 17 23 25,kinolab
1481,2012-09-23,14,1 3 7 8 11 12 14 15 16 19 21 22 23 25,kinolab
1482,2012-09-26,14,1 3 5 7 8 11 14 15 17 19 20 23 24 25,kinolab
1483,2012-09-30,14,3 4 6 8 9 11 14 17 18 20 21 23 24 25,kinolab
1484,2012-10-03,14,4 7 9 10 11 12 14 15 17 18 19 21 24 25,kinolab
1485,2012-10-07,14,1 2 4 7 8 11 12 13 15 17 19 21 24 25,kinolab
1486,2012-10-10,14,2 3 4 5 8 9 10 11 14 20 22 23 24 25,kinolab
1487,2012-10-14,14,2 4 5 8 9 10 11 12 14 15 16 22 23 24,kinolab
1488,2012-10-17,14,2 3 4 5 6 7 8 10 11 12 14 19 21 24,kinolab
1489,2012-10-21,14,2 3 6 8 9 11 14 15 17 18 20 21 22 24,kinolab
1490,2012-10-24,14,2 4 5 6 8 10 14 15 16 18 19 21 22 25,kinolab
1491,2012-10-28,14,2 3 4 5 6 9 12 15 16 17 18 21 22 25,kinolab
1492,2012-10-31,14,1 5 6 7 8 11 14 15 16 19 21 22 23 25,kinolab
1493,2012-11-04,14,1 3 7 9 10 13 15 16 17 18 20 21 22 25,kinolab
1494,2012-11-07,14,1 2 3 4 6 9 15 16 17 19 21 23 24 25,kinolab
1495,2012-11-11,14,5 7 10 12 13 14 15 18 20 21 22 23 24 25,kinolab
1496,2012-11-14,14,2 4 5 9 11 13 14 15 16 19 21 22 23 25,kinolab
1497,2012-11-18,14,1 2 3 4 5 7 10 11 14 17 19 20 23 25,kinolab
1498,2012-11-21,14,1 4 5 6 10 11 12 13 16 18 21 23 24 25,kinolab
1499,2012-11-25,14,3 5 6 7 10 11 13 14 15 17 18 19 23 25,kinolab
1500,2012-11-28,14,1 2 4 6 7 8 9 13 14 16 17 20 24 25,kinolab
1501,2012-12-02,14,1 2 3 4 8 10 11 13 14 15 16 17 21 25,kinolab
1502,2012-12-05,14,2 3 5 6 7 8 9 12 14 15 17 23 24 25,kinolab
1503,2012-12-09,14,3 4 5 6 7 9 10 12 13 18 19 20 21 22,kinolab
1504,2012-12-12,14,1 2 4 5 8 11 14 15 19 20 21 22 23 24,kinolab
1505,2012-12-16,14,4 5 6 7 9 10 12 14 15 17 18 20 22 24,kinolab
1506,2012-12-19,14,1 3 5 11 12 13 14 15 16 18 19 21 23 25,kinolab
1507,2012-12-23,14,1 2 4 6 10 11 14 16 17 18 19 21 23 24,kinolab
1508,2012-12-26,14,1 3 7 8 10 11 12 13 15 18 22 23 24 25,kinolab
1509,2012-12-30,14,3 5 9 10 12 15 16 17 19 20 21 22 24 25,kinolab
1510,2013-01-02,14,1 4 5 7 9 10 11 12 13 15 18 19 20 24,kinolab
1511,2013-01-06,14,1 5 6 8 9 10 11 12 17 19 22 23 24 25,kinolab
1512,2013-01-09,14,1 3 4 5 6 7 8 9 11 14 15 17 20 25,kinolab
1513,2013-01-13,14,2 3 4 5 6 7 9 12 13 14 20 21 24 25,kinolab
1514,2013-01-16,14,4 5 10 13 14 15 16 17 18 19 21 22 23 24,kinolab
1515,2013-01-20,14,1 3 5 7 8 9 11 12 14 18 21 22 23 25,kinolab
1516,2013-01-23,14,1 4 6 7 8 9 11 12 13 14 15 19 20 24,kinolab
1517,2013-01-27,14,1 3 6 7 8 9 10 16 17 18 19 20 22 24,kinolab
1518,2013-01-30,14,1 2 4 6 8 11 12 13 15 17 18 21 22 25,kinolab
1519,2013-02-03,14,2 4 7 10 11 12 14 16 17 18 19 20 24 25,kinolab
1520,2013-02-06,14,2 5 7 8 9 10 11 12 15 19 21 23 24 25,kinolab
1521,2013-02-10,14,2 3 5 6 7 9 10 11 12 17 18 19 20 25,kinolab
1522,2013-02-13,14,3 5 6 7 8 9 10 13 14 16 20 21 23 25,kinolab
1523,2013-02-17,14,2 5 7 8 9 12 13 16 17 18 19 21 22 23,kinolab
1524,2013-02-20,14,1 4 8 9 10 11 12 13 14 15 18 19 23 24,kinolab
1525,2013-02-24,14,2 3 6 7 8 10 15 16 17 20 21 22 23 24,kinolab
1526,2013-02-27,14,1 2 4 7 8 9 12 13 14 15 18 20 24 25,kinolab
1527,2013-03-03,14,3 4 6 7 8 10 13 14 15 16 17 18 22 23,kinolab
1528,2013-03-06,14,1 5 6 7 9 11 12 13 16 21 22 23 24 25,kinolab
1529,2013-03-10,14,1 2 4 5 6 7 8 11 15 17 19 21 23 24,kinolab
1530,2013-03-13,14,1 2 3 4 5 6 12 14 16 17 19 22 23 25,kinolab
1531,2013-03-17,14,3 4 7 11 12 13 16 18 19 20 21 22 24 25,kinolab
1532,2013-03-20,14,1 2 5 7 10 13 14 16 17 20 21 23 24 25,kinolab
1533,2013-03-24,14,4 5 8 9 10 14 15 18 19 20 22 23 24 25,kinolab
1534,2013-03-27,14,1 2 4 5 9 11 12 13 16 17 18 19 21 22,kinolab
1535,2013-03-31,14,2 6 7 8 9 13 14 15 16 18 19 20 21 24,kinolab
1536,2013-04-03,14,1 3 4 5 7 8 10 11 14 19 20 22 23 24,kinolab
1537,2013-04-07,14,3 4 6 10 13 14 16 17 19 20 21 23 24 25,kinolab
1538,2013-04-10,14,1 4 5 8 9 10 11 12 13 14 15 21 24 25,kinolab
1539,2013-04-14,14,3 4 6 9 10 12 13 14 15 16 17 18 19 20,kinolab
1540,2013-04-17,14,5 6 8 9 10 12 13 14 15 17 19 21 22 24,kinolab
1541,2013-04-21,14,1 3 4 7 8 9 10 13 15 18 19 21 22 25,kinolab
1542,2013-04-24,14,2 4 5 6 8 11 12 13 15 16 19 22 23 25,kinolab
1543,2013-04-28,14,3 4 8 10 11 13 16 17 18 19 20 21 24 25,kinolab
1544,2013-05-01,14,3 5 6 7 8 9 10 11 12 13 15 16 21 24,kinolab
1545,2013-05-05,14,1 2 6 7 8 9 10 11 15 16 17 21 23 24,kinolab
1546,2013-05-08,14,3 5 6 7 9 10 12 15 16 17 19 21 23 24,kinolab
1547,2013-05-12,14,3 4 5 8 9 10 12 15 16 17 20 22 23 25,kinolab
1548,2013-05-15,14,3 4 5 7 8 9 10 11 14 16 18 19 24 25,kinolab
1549,2013-05-19,14,1 5 6 7 8 9 10 11 12 14 15 17 21 24,kinolab
1550,2013-05-22,14,1 3 4 5 7 11 14 15 16 17 18 21 22 25,kinolab
1551,2013-05-26,14,4 5 6 7 8 9 10 11 16 17 18 19 23 24,kinolab
1552,2013-05-29,14,1 2 3 5 6 7 8 14 17 20 22 23 24 25,kinolab
1553,2013-06-02,14,2 3 5 7 10 12 13 15 16 18 19 20 23 25,kinolab
1554,2013-06-05,14,1 2 3 4 5 10 12 17 20 21 22 23 24 25,kinolab
1555,2013-06-09,14,2 4 5 7 11 12 13 15 16 17 21 22 23 24,kinolab
1556,2013-06-12,14,2 3 4 5 7 9 11 12 13 14 15 18 19 23,kinolab
1557,2013-06-16,14,1 5 6 7 8 9 10 11 13 16 18 19 20 22,kinolab
1558,2013-06-19,14,2 4 7 8 12 13 15 16 17 18 20 23 24 25,kinolab
1559,2013-06-23,14,2 4 5 6 7 8 9 13 15 16 17 19 20 25,kinolab
1560,2013-06-26,14,3 4 7 9 13 15 17 18 19 20 22 23 24 25,kinolab
1561,2013-06-30,14,1 2 4 6 9 10 14 15 17 18 19 20 22 25,kinolab
1562,2013-07-03,14,1 5 9 12 14 16 17 18 19 21 22 23 24 25,kinolab
1563,2013-07-07,14,1 2 3 4 5 6 7 8 9 14 15 19 20 25,kinolab
1564,2013-07-10,14,1 5 6 7 8 10 11 13 14 15 16 18 20 25,kinolab
1565,2013-07-14,14,2 4 9 10 11 12 14 16 17 20 21 22 23 24,kinolab
1566,2013-07-17,14,4 6 7 8 11 12 13 16 17 18 20 23 24 25,kinolab
1567,2013-07-21,14,1 3 4 6 10 13 14 15 16 18 19 20 22 24,kinolab
1568,2013-07-24,14,3 4 5 7 9 12 14 15 18 20 21 22 24 25,kinolab
1569,2013-07-28,14,2 3 4 8 12 14 15 16 17 18 19 21 23 24,kinolab
1570,2013-07-31,14,2 4 5 8 11 15 16 17 19 20 21 22 23 25,kinolab
1571,2013-08-04,14,2 3 5 6 10 12 14 15 17 19 20 21 23 24,kinolab
1572,2013-08-07,14,1 2 4 5 7 8 9 10 13 15 16 23 24 25,kinolab
1573,2013-08-11,14,4 5 7 8 9 10 13 14 16 18 21 23 24 25,kinolab
1574,2013-08-14,14,2 4 7 8 10 13 14 16 19 20 21 22 24 25,kinolab
1575,2013-08-18,14,1 3 5 6 7 8 10 11 13 15 18 21 23 25,kinolab
1576,2013-08-21,14,2 3 4 6 10 11 13 14 17 19 20 23 24 25,kinolab
1577,2013-08-25,14,3 4 5 9 11 12 13 14 15 18 19 20 22 23,kinolab
1578,2013-08-28,14,1 3 4 5 9 10 12 15 16 17 20 21 22 24,kinolab
1579,2013-09-01,14,2 3 5 9 10 11 13 14 17 18 19 20 21 24,kinolab
1580,2013-09-04,14,1 2 3 5 9 10 13 14 15 16 21 22 24 25,kinolab
1581,2013-09-08,14,4 5 6 7 8 12 13 15 16 17 20 21 22 25,kinolab
1582,2013-09-11,14,2 3 7 10 11 14 15 16 18 21 22 23 24 25,kinolab
1583,2013-09-15,14,1 3 4 5 7 8 9 10 11 13 16 21 23 24,kinolab
1584,2013-09-18,14,2 3 5 6 7 9 10 12 13 16 19 20 22 25,kinolab
1585,2013-09-22,14,1 2 4 5 6 7 8 10 12 14 16 18 19 20,kinolab
1586,2013-09-25,14,1 3 4 6 9 11 14 16 17 19 20 21 23 24,kinolab
1587,2013-09-29,14,4 5 6 8 9 11 12 13 15 16 18 19 20 24,kinolab
1588,2013-10-02,14,4 6 7 8 9 10 12 13 15 18 20 21 22 24,kinolab
1589,2013-10-06,14,1 2 4 5 6 7 8 10 13 15 17 20 21 24,kinolab
1590,2013-10-09,14,4 5 6 8 9 11 12 13 14 15 17 18 21 25,kinolab
1591,2013-10-13,14,2 4 5 6 8 9 12 13 14 18 19 20 21 23,kinolab
1592,2013-10-16,14,1 3 4 5 6 7 9 13 14 15 19 23 24 25,kinolab
1593,2013-10-20,14,2 5 6 8 9 11 12 13 17 18 20 22 24 25,kinolab
1594,2013-10-23,14,2 4 5 6 7 8 9 10 12 13 17 18 20 25,kinolab
1595,2013-10-27,14,2 3 5 7 8 9 10 11 12 13 14 17 20 22,kinolab
1596,2013-10-30,14,2 3 4 5 6 9 11 13 14 15 19 21 23 24,kinolab
1597,2013-11-03,14,1 3 4 5 7 8 12 13 15 17 19 22 24 25,kinolab
1598,2013-11-06,14,1 2 4 7 9 10 11 12 16 17 20 22 23 24,kinolab
1599,2013-11-10,14,4 5 6 10 13 14 15 17 18 21 22 23 24 25,kinolab
1600,2013-11-13,14,3 4 5 8 9 10 12 14 16 17 21 22 24 25,kinolab
1601,2013-11-17,14,1 2 5 6 9 10 12 16 17 18 21 22 23 25,kinolab
1602,2013-11-20,14,2 4 5 6 7 10 12 13 14 16 18 19 23 25,kinolab
1603,2013-11-24,14,2 7 8 10 11 12 13 16 17 18 21 22 23 25,kinolab
1604,2013-11-27,14,1 2 4 5 9 10 11 14 16 18 19 20 22 23,kinolab
1605,2013-12-01,14,1 3 4 5 6 9 10 11 12 13 15 18 24 25,kinolab
1606,2013-12-04,14,1 4 7 10 11 13 17 19 20 21 22 23 24 25,kinolab
1607,2013-12-08,14,2 5 6 7 8 10 11 12 14 16 17 19 21 22,kinolab
1608,2013-12-11,14,3 4 5 6 7 8 9 13 15 16 18 21 22 24,kinolab
1609,2013-12-15,14,1 2 4 7 8 9 10 11 12 14 18 19 22 25,kinolab
1610,2013-12-18,14,1 5 6 7 8 9 11 12 13 14 17 18 19 22,kinolab
1611,2013-12-22,14,2 3 6 7 9 11 12 14 15 16 19 22 23 24,kinolab
1612,2013-12-25,14,1 2 3 5 6 11 12 13 15 16 19 21 23 24,kinolab
1613,2013-12-29,14,1 2 4 8 9 11 14 15 17 18 20 22 23 25,kinolab
1614,2014-01-01,14,4 6 7 8 9 10 14 15 17 19 22 23 24 25,kinolab
1615,2014-01-05,14,1 2 3 4 5 7 9 15 16 18 20 21 23 25,kinolab
1616,2014-01-08,14,1 2 4 7 8 9 10 13 14 15 17 19 22 24,kinolab
1617,2014-01-12,14,1 2 3 6 7 8 12 14 15 16 18 19 21 22,kinolab
1618,2014-01-15,14,2 4 5 8 9 10 12 13 15 18 22 23 24 25,kinolab
1619,2014-01-19,14,1 3 7 8 9 10 13 14 15 16 17 18 23 25,kinolab
1620,2014-01-22,14,1 2 3 6 7 9 10 11 16 17 18 21 22 23,kinolab
1621,2014-01-26,14,1 2 3 4 5 9 11 12 14 16 19 20 22 23,kinolab
1622,2014-01-29,14,1 2 4 7 8 10 12 13 19 20 21 22 23 25,kinolab
1623,2014-02-02,14,2 3 4 5 6 7 10 15 16 18 20 22 23 25,kinolab
1624,2014-02-05,14,2 3 5 9 10 11 13 14 17 18 20 21 23 24,kinolab
1625,2014-02-09,14,1 2 4 5 6 11 13 14 16 18 21 23 24 25,kinolab
1626,2014-02-12,14,1 3 4 7 8 9 10 12 13 15 17 21 23 24,kinolab
1627,2014-02-16,14,2 3 4 5 7 8 9 10 12 16 17 22 23 24,kinolab
1628,2014-02-19,14,3 4 6 7 11 12 15 16 17 18 19 20 23 25,kinolab
1629,2014-02-23,14,1 4 5 6 9 10 11 12 13 14 19 20 24 25,kinolab
1630,2014-02-26,14,2 5 7 8 9 10 11 12 13 14 17 19 20 23,kinolab
1631,2014-03-02,14,3 5 9 11 13 14 15 16 19 20 21 22 23 25,kinolab
1632,2014-03-05,14,2 4 5 7 8 10 11 12 14 16 20 22 23 24,kinolab
1633,2014-03-09,14,1 2 4 5 6 7 10 12 13 14 17 18 23 24,kinolab
1634,2014-03-12,14,1 2 4 6 7 8 10 12 13 17 20 23 24 25,kinolab
1635,2014-03-16,14,1 3 4 5 6 9 10 11 12 14 15 21 22 25,kinolab
1636,2014-03-19,14,1 2 4 5 10 11 12 15 17 19 21 22 23 25,kinolab
1637,2014-03-23,14,1 3 4 5 7 9 12 13 14 17 18 19 22 25,kinolab
1638,2014-03-26,14,2 3 6 9 11 13 14 15 16 17 18 19 21 25,kinolab
1639,2014-03-30,14,1 2 3 4 5 7 8 11 14 16 18 20 22 25,kinolab
1640,2014-04-02,14,1 3 6 7 9 13 14 15 17 20 21 22 24 25,kinolab
1641,2014-04-06,14,1 2 3 6 8 9 10 11 15 19 20 21 23 25,kinolab
1642,2014-04-09,14,2 3 4 6 7 8 10 11 14 16 18 20 21 24,kinolab
1643,2014-04-13,14,1 2 6 7 8 10 11 12 13 14 16 17 19 24,kinolab
1644,2014-04-16,14,1 2 3 4 6 7 8 12 13 15 16 17 21 23,kinolab
1645,2014-04-20,14,1 5 7 10 11 12 13 14 17 18 19 21 23 25,kinolab
1646,2014-04-23,14,2 3 5 6 7 9 10 11 12 14 17 21 23 25,kinolab
1647,2014-04-27,14,2 3 4 6 7 8 9 10 12 14 16 17 20 23,kinolab
1648,2014-04-30,14,3 5 6 7 8 9 10 11 13 14 15 16 17 22,kinolab
1649,2014-05-04,14,2 4 5 7 8 10 11 16 17 18 20 21 23 24,kinolab
1650,2014-05-07,14,1 3 4 6 7 8 10 11 13 15 16 18 20 21,kinolab
1651,2014-05-11,14,1 2 3 4 7 8 9 11 12 16 21 22 24 25,kinolab
1652,2014-05-14,14,2 3 4 6 7 8 9 11 12 13 14 17 18 21,kinolab
1653,2014-05-18,14,1 6 9 13 14 15 17 18 19 20 21 23 24 25,kinolab
1654,2014-05-21,14,1 4 5 6 8 9 12 13 14 16 17 21 22 23,kinolab
1655,2014-05-25,14,1 6 7 9 10 11 13 14 17 18 19 20 22 25,kinolab
1656,2014-05-28,14,6 7 8 9 10 11 13 16 17 19 20 23 24 25,kinolab
1657,2014-06-01,14,3 5 7 8 9 10 11 13 14 18 19 20 22 24,kinolab
1658,2014-06-04,14,1 2 4 5 6 8 10 11 14 17 20 22 24 25,kinolab
1659,2014-06-08,14,1 4 5 7 9 10 11 12 13 14 16 22 23 24,kinolab
1660,2014-06-11,14,1 2 8 9 10 11 12 13 14 15 17 19 20 23,kinolab
1661,2014-06-15,14,1 4 6 7 8 9 10 12 16 18 19 20 24 25,kinolab
1662,2014-06-18,14,1 3 5 6 7 9 12 13 14 19 20 22 23 25,kinolab
1663,2014-06-22,14,3 5 6 8 9 10 13 18 20 21 22 23 24 25,kinolab
1664,2014-06-25,14,3 4 6 7 9 10 11 12 13 15 18 19 21 24,kinolab
1665,2014-06-29,14,2 5 6 7 8 11 12 13 19 20 21 22 23 25,kinolab
1666,2014-07-02,14,1 2 4 6 8 9 13 14 18 20 21 22 23 25,kinolab
1667,2014-07-06,14,1 2 5 6 8 9 11 13 17 19 20 21 22 25,kinolab
1668,2014-07-09,14,1 2 7 8 10 13 15 16 17 19 20 21 22 25,kinolab
1669,2014-07-13,14,1 3 4 6 7 8 11 12 13 14 16 19 21 23,kinolab
1670,2014-07-16,14,1 2 4 5 6 7 8 10 12 13 17 18 21 23,kinolab
1671,2014-07-20,14,5 7 8 12 13 14 15 16 18 19 20 21 24 25,kinolab
1672,2014-07-23,14,3 4 6 9 11 14 16 17 18 19 20 21 22 24,kinolab
1673,2014-07-27,14,2 4 5 6 7 8 9 10 11 13 14 16 21 25,kinolab
1674,2014-07-30,14,1 4 5 8 9 10 11 12 13 14 16 18 20 25,kinolab
1675,2014-08-03,14,1 2 3 5 6 7 10 12 14 16 18 19 20 23,kinolab
1676,2014-08-06,14,1 4 7 8 10 12 14 16 17 19 20 21 23 25,kinolab
1677,2014-08-10,14,3 4 6 8 9 10 12 13 14 16 18 19 20 24,kinolab
1678,2014-08-13,14,2 3 4 8 10 11 12 13 14 15 16 18 20 24,kinolab
1679,2014-08-17,14,2 3 5 9 12 13 14 17 19 20 21 22 23 24,kinolab
1680,2014-08-20,14,2 3 7 8 10 11 15 16 17 18 19 21 23 24,kinolab
1681,2014-08-24,14,2 3 5 6 8 9 10 15 17 19 20 22 24 25,kinolab
1682,2014-08-27,14,1 2 3 4 9 10 13 14 19 20 21 22 23 24,kinolab
1683,2014-08-31,14,2 4 8 10 11 14 15 17 18 20 21 22 24 25,kinolab
1684,2014-09-03,14,1 7 8 9 10 11 12 14 15 16 17 18 20 25,kinolab
1685,2014-09-07,14,1 2 3 4 7 9 12 13 14 15 16 17 18 23,kinolab
1686,2014-09-10,14,1 3 5 6 7 8 11 13 17 18 19 21 22 25,kinolab
1687,2014-09-14,14,2 5 6 9 10 11 12 13 14 20 21 22 23 25,kinolab
1688,2014-09-17,14,6 7 8 12 13 14 15 16 18 19 20 21 22 24,kinolab
1689,2014-09-21,14,3 5 6 8 10 12 13 14 15 18 19 22 24 25,kinolab
1690,2014-09-24,14,3 4 5 6 13 14 15 16 18 19 22 23 24 25,kinolab
1691,2014-09-28,14,1 2 3 7 10 12 13 15 16 18 21 23 24 25,kinolab
1692,2014-10-01,14,1 4 5 6 8 9 12 13 14 17 18 20 23 25,kinolab
1693,2014-10-05,14,2 3 4 6 8 9 11 13 15 17 22 23 24 25,kinolab
1694,2014-10-08,14,1 3 4 5 6 11 14 15 19 20 21 22 24 25,kinolab
1695,2014-10-12,14,1 2 3 5 7 8 12 15 17 19 20 21 23 24,kinolab
1696,2014-10-15,14,1 4 5 6 7 9 10 12 14 15 17 20 21 22,kinolab
1697,2014-10-19,14,1 2 4 7 8 10 12 13 14 17 20 22 23 24,kinolab
1698,2014-10-22,14,3 4 5 7 9 10 11 12 15 16 22 23 24 25,kinolab
1699,2014-10-26,14,4 7 8 10 11 14 15 16 17 18 19 21 23 25,kinolab
1700,2014-10-29,14,6 9 11 12 13 14 16 17 19 20 21 22 23 25,kinolab
1701,2014-11-02,14,1 3 4 9 10 11 12 15 16 18 19 21 23 24,kinolab
1702,2014-11-05,14,1 2 6 7 8 9 11 14 15 17 18 22 24 25,kinolab
1703,2014-11-09,14,2 3 4 5 7 9 10 11 12 13 15 16 22 23,kinolab
1704,2014-11-12,14,1 3 4 6 8 10 12 16 18 19 20 21 22 24,kinolab
1705,2014-11-16,14,1 2 3 5 7 9 11 12 13 16 18 19 21 25,kinolab
1706,2014-11-19,14,2 3 5 6 9 11 12 13 14 15 18 21 22 24,kinolab
1707,2014-11-23,14,2 3 4 7 13 14 15 16 20 21 22 23 24 25,kinolab
1708,2014-11-26,14,1 2 5 6 7 13 14 15 16 17 18 19 23 25,kinolab
1709,2014-11-30,14,1 5 6 11 12 13 14 15 16 17 19 20 24 25,kinolab
1710,2014-12-03,14,6 8 9 10 11 12 13 14 15 16 21 23 24 25,kinolab
1711,2014-12-07,14,1 2 3 4 5 6 10 11 14 15 17 23 24 25,kinolab
1712,2014-12-10,14,2 4 7 9 11 12 13 14 16 17 18 20 21 24,kinolab
1713,2014-12-14,14,2 5 6 8 10 12 13 16 17 20 21 22 23 25,kinolab
1714,2014-12-17,14,2 3 4 7 8 9 10 11 12 13 18 19 21 23,kinolab
1715,2014-12-21,14,1 2 3 4 5 8 9 10 13 15 17 18 20 23,kinolab
1716,2014-12-24,14,1 2 8 10 11 13 14 15 16 17 19 20 22 24,kinolab
1717,2014-12-28,14,1 2 4 6 7 10 11 13 14 16 18 19 21 22,kinolab
1718,2014-12-31,14,2 3 5 7 10 12 13 14 15 18 19 21 22 23,kinolab
1719,2015-01-04,14,1 4 5 7 8 9 10 11 12 14 16 17 18 19,kinolab
1720,2015-01-07,14,2 3 7 9 10 16 17 18 19 20 21 22 24 25,kinolab
1721,2015-01-11,14,1 4 6 7 8 10 11 16 18 19 21 22 23 25,kinolab
1722,2015-01-14,14,3 4 5 6 7 9 11 16 17 19 20 21 23 25,kinolab
1723,2015-01-18,14,1 3 5 6 7 8 9 11 12 13 16 19 22 25,kinolab
1724,2015-01-21,14,3 4 5 6 7 8 10 11 13 15 18 20 21 23,kinolab
1725,2015-01-25,14,1 3 4 6 8 9 13 18 19 20 22 23 24 25,kinolab
1726,2015-01-28,14,1 2 3 4 5 6 7 9 10 11 18 19 20 21,kinolab
1727,2015-02-01,14,2 3 4 6 7 9 10 11 12 17 20 22 23 24,kinolab
1728,2015-02-04,14,1 3 4 5 8 9 10 13 16 18 20 21 22 25,kinolab
1729,2015-02-08,14,1 2 3 4 6 7 9 10 12 14 17 18 19 24,kinolab
1730,2015-02-11,14,3 4 8 9 11 15 17 18 20 21 22 23 24 25,kinolab
1731,2015-02-15,14,1 3 4 6 7 8 9 10 11 13 15 16 19 22,kinolab
1732,2015-02-18,14,1 4 6 7 9 12 13 14 15 18 19 20 22 24,kinolab
1733,2015-02-22,14,1 2 3 4 8 10 11 12 14 16 17 20 22 24,kinolab
1734,2015-02-25,14,2 4 6 9 11 12 13 14 15 16 17 19 21 23,kinolab
1735,2015-03-01,14,1 2 3 6 7 11 12 13 17 18 19 20 21 23,kinolab
1736,2015-03-04,14,1 2 3 8 9 10 11 12 17 20 21 22 24 25,kinolab
1737,2015-03-08,14,1 3 4 6 8 9 14 17 18 21 22 23 24 25,kinolab
1738,2015-03-11,14,1 4 7 10 12 14 15 16 17 21 22 23 24 25,kinolab
1739,2015-03-15,14,1 2 4 6 7 9 11 13 14 16 20 22 23 25,kinolab
1740,2015-03-18,14,2 3 4 5 8 9 10 11 13 14 18 21 23 24,kinolab
1741,2015-03-22,14,1 3 6 9 10 12 13 14 15 16 17 18 21 25,kinolab
1742,2015-03-25,14,3 4 5 7 8 9 10 11 12 16 17 20 22 23,kinolab
1743,2015-03-29,14,2 3 4 5 7 9 11 14 16 17 18 22 23 25,kinolab
1744,2015-04-01,14,1 6 7 8 9 10 11 12 17 18 20 21 23 25,kinolab
1745,2015-04-05,14,1 4 6 7 8 9 10 16 17 18 20 21 22 23,kinolab
1746,2015-04-08,14,1 2 3 6 7 9 10 11 12 15 16 17 18 21,kinolab
1747,2015-04-12,14,1 2 3 5 6 8 9 13 15 16 20 21 23 24,kinolab
1748,2015-04-15,14,1 4 6 7 11 12 14 15 17 19 20 22 24 25,kinolab
1749,2015-04-19,14,1 2 4 9 10 11 12 13 16 17 18 19 21 23,kinolab
1750,2015-04-22,14,1 2 3 4 6 9 12 14 15 16 17 20 21 24,kinolab
1751,2015-04-26,14,1 2 3 6 7 8 10 12 14 15 16 19 22 23,kinolab
1752,2015-04-29,14,2 3 4 5 10 11 12 13 15 16 17 19 22 24,kinolab
1753,2015-05-03,14,2 3 4 6 11 15 16 17 18 19 20 21 22 23,kinolab
1754,2015-05-06,14,1 2 3 4 6 7 9 11 12 14 15 18 21 22,kinolab
1755,2015-05-10,14,3 4 5 6 8 9 11 15 16 17 18 20 21 24,kinolab
1756,2015-05-13,14,1 2 3 4 6 11 13 14 15 17 18 20 21 23,kinolab
1757,2015-05-17,14,1 2 4 6 8 9 12 14 16 19 20 21 23 25,kinolab
1758,2015-05-20,14,3 5 6 8 9 10 11 13 14 16 18 21 22 23,kinolab
1759,2015-05-24,14,1 2 3 4 5 8 11 13 14 15 20 22 23 24,kinolab
1760,2015-05-27,14,2 3 4 5 7 11 15 16 17 18 21 22 23 24,kinolab
1761,2015-05-31,14,1 2 4 5 7 8 10 12 13 14 15 19 21 23,kinolab
1762,2015-06-03,14,1 3 4 5 7 9 11 12 16 17 19 20 21 24,kinolab
1763,2015-06-07,14,2 3 5 7 9 11 12 13 15 16 17 20 21 24,kinolab
1764,2015-06-10,14,1 3 5 6 11 12 13 14 16 17 20 21 23 25,kinolab
1765,2015-06-14,14,2 3 5 7 8 10 12 14 15 16 17 20 23 24,kinolab
1766,2015-06-17,14,1 2 3 4 5 6 7 15 16 18 21 22 23 24,kinolab
1767,2015-06-21,14,2 4 5 6 8 10 11 12 15 18 21 22 23 24,kinolab
1768,2015-06-24,14,1 2 4 5 6 7 9 11 12 13 18 20 22 24,kinolab
1769,2015-06-28,14,2 3 5 7 9 10 13 16 17 18 21 22 24 25,kinolab
1770,2015-07-01,14,3 6 7 8 9 10 11 12 15 19 22 23 24 25,kinolab
1771,2015-07-05,14,3 5 7 9 10 13 16 17 19 21 22 23 24 25,kinolab
1772,2015-07-08,14,3 4 5 8 9 13 14 15 17 18 21 22 23 25,kinolab
1773,2015-07-12,14,1 5 6 7 8 10 12 15 16 17 18 20 21 22,kinolab
1774,2015-07-15,14,1 2 5 9 10 12 14 15 16 20 21 22 24 25,kinolab
1775,2015-07-19,14,3 5 6 7 8 9 10 11 14 16 17 21 23 25,kinolab
1776,2015-07-22,14,3 5 6 7 9 10 16 18 19 20 21 22 23 24,kinolab
1777,2015-07-26,14,3 4 6 8 9 11 12 13 15 16 17 19 22 25,kinolab
1778,2015-07-29,14,2 3 4 6 10 11 14 17 18 19 21 22 23 24,kinolab
1779,2015-08-02,14,2 3 5 8 11 14 16 17 19 20 21 23 24 25,kinolab
1780,2015-08-05,14,1 4 5 8 10 11 12 14 15 18 19 22 24 25,kinolab
1781,2015-08-09,14,2 3 4 7 8 11 13 14 15 16 21 23 24 25,kinolab
1782,2015-08-12,14,1 2 4 5 6 10 11 12 17 18 20 21 22 23,kinolab
1783,2015-08-16,14,2 3 6 7 9 10 14 15 16 17 20 21 22 24,kinolab
1784,2015-08-19,14,1 3 4 8 11 12 13 15 17 20 21 22 24 25,kinolab
1785,2015-08-23,14,1 4 5 7 8 9 10 14 15 16 19 20 21 23,kinolab
1786,2015-08-26,14,1 3 4 5 8 9 11 14 15 17 21 22 24 25,kinolab
1787,2015-08-30,14,2 3 6 7 8 9 10 11 14 18 21 22 23 25,kinolab
1788,2015-09-02,14,1 2 3 5 6 9 10 11 12 13 17 20 21 24,kinolab
1789,2015-09-06,14,2 3 4 5 6 9 10 13 15 16 17 20 22 23,kinolab
1790,2015-09-09,14,1 2 4 8 9 11 12 13 15 17 18 20 21 25,kinolab
1791,2015-09-13,14,3 4 7 9 12 13 16 17 18 19 20 21 22 23,kinolab
1792,2015-09-16,14,3 5 6 7 8 10 11 12 13 15 20 22 23 24,kinolab
1793,2015-09-20,14,3 4 6 9 10 12 13 14 15 19 20 21 22 23,kinolab
1794,2015-09-23,14,1 3 4 6 8 9 11 16 17 20 21 22 23 25,kinolab
1795,2015-09-27,14,1 2 5 7 8 11 13 14 17 18 19 20 22 25,kinolab
1796,2015-09-30,14,2 3 4 6 11 12 13 14 15 19 20 21 22 24,kinolab
1797,2015-10-04,14,1 2 5 6 8 9 10 11 12 14 16 20 21 25,kinolab
1798,2015-10-07,14,3 4 6 9 10 11 13 15 16 17 20 21 23 24,kinolab
1799,2015-10-11,14,3 4 5 6 7 9 11 12 15 17 18 20 24 25,kinolab
1800,2015-10-14,14,3 4 8 10 11 13 14 15 17 20 21 22 23 25,kinolab
1801,2015-10-18,14,2 7 8 9 12 14 16 17 18 19 20 21 22 23,kinolab
1802,2015-10-21,14,1 2 4 6 11 12 13 14 16 17 18 19 21 24,kinolab
1803,2015-10-25,14,1 3 5 6 7 9 10 12 13 14 16 21 24 25,kinolab
1804,2015-10-28,14,1 2 4 6 7 11 14 15 16 17 20 21 23 24,kinolab
1805,2015-11-01,14,1 3 4 5 6 8 9 11 13 17 19 20 23 24,kinolab
1806,2015-11-04,14,1 2 5 8 9 10 11 15 17 18 21 22 23 25,kinolab
1807,2015-11-08,14,1 6 8 9 11 12 14 18 19 20 22 23 24 25,kinolab
1808,2015-11-11,14,2 6 8 10 11 12 14 15 17 19 20 21 23 25,kinolab
1809,2015-11-15,14,1 2 7 9 14 15 16 17 19 20 21 22 24 25,kinolab
1810,2015-11-18,14,2 3 4 9 11 12 14 15 17 18 19 20 22 23,kinolab
1811,2015-11-22,14,1 2 3 4 5 8 11 12 15 16 17 18 19 25,kinolab
1812,2015-11-25,14,1 2 3 4 5 8 9 11 15 19 20 21 22 24,kinolab
1813,2015-11-29,14,2 4 6 7 8 9 10 11 13 14 17 20 21 23,kinolab
1814,2015-12-02,14,5 9 10 11 12 14 15 16 17 20 22 23 24 25,kinolab
1815,2015-12-06,14,1 3 5 8 9 11 12 13 15 16 18 19 22 23,kinolab
1816,2015-12-09,14,1 2 3 4 5 6 8 10 12 13 18 19 23 25,kinolab
1817,2015-12-13,14,1 2 3 4 6 7 12 13 14 17 22 23 24 25,kinolab
1818,2015-12-16,14,3 4 5 6 7 8 9 11 13 17 19 20 21 24,kinolab
1819,2015-12-20,14,2 4 6 8 12 13 14 15 16 17 19 22 24 25,kinolab
1820,2015-12-23,14,2 4 5 6 10 11 13 15 16 17 19 21 22 25,kinolab
1821,2015-12-27,14,1 2 3 4 5 7 8 9 11 12 14 15 19 25,kinolab
1822,2015-12-30,14,1 3 4 6 7 8 9 15 17 18 19 22 24 25,kinolab
1823,2016-01-03,14,1 3 4 7 8 9 10 11 12 13 15 19 20 23,kinolab
1824,2016-01-06,14,3 4 8 11 12 13 15 16 18 19 20 21 22 25,kinolab
1825,2016-01-10,14,1 2 3 7 9 10 11 12 15 16 21 22 24 25,kinolab
1826,2016-01-13,14,1 2 3 4 7 8 9 10 16 18 19 20 22 23,kinolab
1827,2016-01-17,14,1 2 3 4 6 9 11 14 17 18 19 20 22 23,kinolab
1828,2016-01-20,14,2 4 5 6 7 12 14 16 17 19 20 21 24 25,kinolab
1829,2016-01-24,14,3 4 6 7 9 10 11 12 14 15 16 18 19 24,kinolab
1830,2016-01-27,14,1 4 8 9 11 14 15 18 19 20 21 22 24 25,kinolab
1831,2016-01-31,14,1 2 4 5 7 9 11 12 13 18 19 21 23 25,kinolab
1832,2016-02-03,14,1 2 3 7 9 10 11 13 15 16 17 20 21 23,kinolab
1833,2016-02-07,14,1 2 5 6 7 8 13 17 18 20 21 22 23 24,kinolab
1834,2016-02-10,14,1 4 5 9 11 12 13 14 16 17 18 20 22 25,kinolab
1835,2016-02-14,14,1 2 3 4 5 6 8 10 11 18 19 21 23 24,kinolab
1836,2016-02-17,14,3 4 7 9 11 13 14 15 17 18 22 23 24 25,kinolab
1837,2016-02-21,14,1 3 4 7 8 9 10 12 14 15 18 19 21 22,kinolab
1838,2016-02-24,14,1 2 3 4 5 10 12 13 14 15 20 21 22 24,kinolab
1839,2016-02-28,14,1 3 7 9 11 12 14 15 17 18 20 22 23 25,kinolab
1840,2016-03-02,14,6 7 9 10 11 14 15 17 18 19 20 22 23 24,kinolab
1841,2016-03-06,14,1 2 3 6 7 9 10 11 13 15 17 18 20 22,kinolab
1842,2016-03-09,14,1 3 4 5 6 8 9 12 14 15 18 19 20 23,kinolab
1843,2016-03-13,14,1 3 4 5 7 10 11 13 14 16 17 18 20 21,kinolab
1844,2016-03-16,14,7 8 11 13 14 15 17 18 19 20 21 22 23 24,kinolab
1845,2016-03-20,14,1 3 4 5 6 9 10 11 16 19 22 23 24 25,kinolab
1846,2016-03-23,14,1 3 4 5 6 9 10 12 15 16 19 20 24 25,kinolab
1847,2016-03-27,14,2 3 5 6 7 9 10 11 12 16 19 20 22 24,kinolab
1848,2016-03-30,14,1 3 4 5 7 8 10 12 15 16 17 18 21 25,kinolab
1849,2016-04-03,14,2 3 4 5 6 7 10 11 12 13 16 17 18 25,kinolab
1850,2016-04-06,14,1 2 5 6 8 9 10 14 15 16 17 19 22 24,kinolab
1851,2016-04-10,14,3 4 5 7 8 12 13 14 16 17 18 19 23 24,kinolab
1852,2016-04-13,14,2 3 5 6 10 11 14 16 18 19 20 22 23 25,kinolab
1853,2016-04-17,14,1 3 4 5 6 8 10 12 13 14 19 20 21 23,kinolab
1854,2016-04-20,14,2 4 5 8 9 10 11 13 14 15 17 20 23 24,kinolab
1855,2016-04-24,14,2 5 6 7 9 10 14 15 17 18 21 22 23 24,kinolab
1856,2016-04-27,14,2 4 5 7 8 10 11 15 18 19 21 22 23 25,kinolab
1857,2016-05-01,14,2 3 4 7 9 10 12 13 15 16 17 19 22 24,kinolab
1858,2016-05-04,14,1 3 6 7 8 9 10 13 18 20 21 22 23 24,kinolab
1859,2016-05-08,14,1 3 7 8 10 11 12 13 14 15 16 17 21 23,kinolab
1860,2016-05-11,14,2 3 4 7 8 9 12 14 15 16 19 22 23 24,kinolab
1861,2016-05-15,14,2 5 6 9 11 13 15 17 18 19 20 21 23 25,kinolab
1862,2016-05-18,14,3 4 5 6 9 13 14 15 16 17 18 19 20 25,kinolab
1863,2016-05-22,14,3 5 6 8 9 10 11 13 14 15 18 19 21 23,kinolab
1864,2016-05-25,14,1 2 6 8 10 12 13 15 16 17 20 23 24 25,kinolab
1865,2016-05-29,14,1 2 4 5 7 9 14 15 17 19 20 21 22 24,kinolab
1866,2016-06-01,14,1 2 3 4 5 12 15 16 18 20 21 22 23 25,kinolab
1867,2016-06-05,14,1 3 5 7 10 12 13 14 15 17 18 21 24 25,kinolab
1868,2016-06-08,14,2 3 4 5 6 7 10 14 15 17 19 22 23 24,kinolab
1869,2016-06-12,14,1 3 4 7 9 10 13 15 16 17 18 20 21 23,kinolab
1870,2016-06-15,14,1 3 5 8 9 12 14 15 16 19 20 21 23 24,kinolab
1871,2016-06-19,14,1 3 6 8 10 13 15 16 17 19 20 22 23 24,kinolab
1872,2016-06-22,14,2 4 5 7 8 9 11 13 16 17 19 21 22 24,kinolab
1873,2016-06-26,14,1 3 4 5 6 7 9 11 16 18 20 22 24 25,kinolab
1874,2016-06-29,14,2 3 5 6 8 9 10 11 12 14 15 16 21 22,kinolab
1875,2016-07-03,14,1 2 4 7 8 10 11 12 13 14 16 21 23 25,kinolab
1876,2016-07-06,14,2 4 5 6 7 8 11 15 16 18 19 20 22 23,kinolab
1877,2016-07-10,14,4 5 6 7 8 9 10 12 14 19 20 22 24 25,kinolab
1878,2016-07-13,14,1 8 9 11 12 14 15 16 17 18 19 20 22 23,kinolab
1879,2016-07-17,14,2 3 4 6 9 10 11 12 13 16 17 20 21 25,kinolab
1880,2016-07-20,14,2 3 4 6 8 9 10 11 16 17 21 22 23 24,kinolab
1881,2016-07-24,14,1 2 5 7 11 13 17 18 19 20 21 22 24 25,kinolab
1882,2016-07-27,14,2 3 4 6 7 10 11 12 14 15 18 21 22 23,kinolab
1883,2016-07-31,14,2 3 5 6 7 8 9 11 13 17 19 20 21 23,kinolab
1884,2016-08-03,14,1 2 4 5 10 11 12 13 15 16 20 21 22 24,kinolab
1885,2016-08-07,14,3 5 7 8 10 13 15 16 18 20 21 22 24 25,kinolab
1886,2016-08-10,14,1 3 5 6 7 13 15 17 18 19 20 21 24 25,kinolab
1887,2016-08-14,14,1 5 6 8 9 10 11 14 18 19 20 21 23 25,kinolab
1888,2016-08-17,14,2 3 4 7 8 9 10 12 16 19 20 22 24 25,kinolab
1889,2016-08-21,14,1 3 4 5 6 7 8 11 13 14 16 19 21 25,kinolab
1890,2016-08-24,14,1 7 8 9 10 11 16 18 19 20 21 22 24 25,kinolab
1891,2016-08-28,14,1 2 3 4 5 8 9 13 15 18 20 22 24 25,kinolab
1892,2016-08-31,14,3 4 5 7 8 9 10 13 18 20 21 22 23 25,kinolab
1893,2016-09-04,14,2 4 7 8 9 15 16 17 19 20 22 23 24 25,kinolab
1894,2016-09-07,14,2 3 4 5 6 8 9 10 12 15 17 20 22 25,kinolab
1895,2016-09-11,14,2 4 6 7 8 10 12 13 14 18 19 20 21 24,kinolab
1896,2016-09-14,14,3 4 5 6 8 9 10 13 14 16 19 20 21 23,kinolab
1897,2016-09-18,14,3 6 7 8 10 11 12 13 17 19 20 21 24 25,kinolab
1898,2016-09-21,14,1 2 3 4 5 8 9 10 12 13 15 16 20 24,kinolab
1899,2016-09-25,14,2 6 8 9 11 12 15 16 17 20 21 22 23 24,kinolab
1900,2016-09-28,14,3 5 7 8 9 11 14 17 18 19 20 21 22 23,kinolab
1901,2016-10-02,14,1 2 3 6 7 8 9 10 13 14 16 19 22 24,kinolab
1902,2016-10-05,14,1 3 4 5 9 10 13 15 16 17 18 20 22 24,kinolab
1903,2016-10-09,14,1 3 4 5 8 10 11 14 17 19 21 22 23 25,kinolab
1904,2016-10-12,14,1 3 4 5 8 9 10 11 16 18 20 22 23 25,kinolab
1905,2016-10-16,14,1 2 4 6 7 9 10 12 16 18 19 21 22 25,kinolab
1906,2016-10-19,14,1 2 8 9 12 14 15 16 17 19 21 22 23 25,kinolab
1907,2016-10-23,14,1 2 4 6 9 11 13 16 18 19 20 23 24 25,kinolab
1908,2016-10-26,14,1 2 5 7 8 9 10 11 13 14 16 18 22 24,kinolab
1909,2016-10-30,14,1 3 4 6 7 8 9 10 12 14 18 19 21 22,kinolab
1910,2016-11-02,14,1 2 3 5 7 13 14 16 18 19 20 21 22 23,kinolab
1911,2016-11-06,14,1 2 3 4 5 6 8 11 13 14 16 18 22 24,kinolab
1912,2016-11-09,14,2 5 6 7 8 9 13 14 16 17 18 19 22 24,kinolab
1913,2016-11-13,14,1 2 4 5 6 7 13 14 16 17 19 20 22 24,kinolab
1914,2016-11-16,14,1 2 5 6 7 11 15 16 18 19 20 21 22 24,kinolab
1915,2016-11-20,14,1 2 5 6 8 11 12 13 14 16 17 18 23 24,kinolab
1916,2016-11-23,14,1 4 5 6 7 9 10 11 12 13 17 19 22 25,kinolab
1917,2016-11-27,14,2 3 4 5 7 9 11 13 14 16 18 19 22 24,kinolab
1918,2016-11-30,14,4 5 6 7 8 10 11 12 13 15 17 19 20 24,kinolab
1919,2016-12-04,14,2 3 4 5 7 8 9 10 12 16 18 19 22 23,kinolab
1920,2016-12-07,14,1 4 7 8 9 12 13 15 16 18 20 21 23 24,kinolab
1921,2016-12-11,14,1 2 3 4 5 6 7 10 11 14 16 20 22 25,kinolab
1922,2016-12-14,14,1 3 4 5 7 8 9 10 11 12 13 16 20 25,kinolab
1923,2016-12-18,14,1 2 3 5 7 9 10 12 15 18 19 20 24 25,kinolab
1924,2016-12-21,14,1 2 4 6 8 13 14 15 17 18 20 22 23 24,kinolab
1925,2016-12-25,14,1 2 3 4 5 6 10 12 14 16 17 18 22 25,kinolab
1926,2016-12-28,14,1 3 5 7 8 9 12 14 15 18 19 21 24 25,kinolab
1927,2017-01-01,14,1 3 5 6 7 8 10 12 15 16 17 18 20 25,kinolab
1928,2017-01-04,14,1 4 5 6 9 10 13 14 15 19 20 21 23 25,kinolab
1929,2017-01-08,14,3 4 5 7 9 11 14 16 17 18 20 21 22 25,kinolab
1930,2017-01-11,14,1 3 5 6 7 8 10 11 13 14 15 16 18 19,kinolab
1931,2017-01-15,14,1 2 4 5 6 8 9 10 14 15 19 21 22 24,kinolab
1932,2017-01-18,14,2 4 5 8 9 10 11 14 15 18 20 22 23 24,kinolab
1933,2017-01-22,14,2 3 6 8 9 10 13 14 16 19 20 21 22 23,kinolab
1934,2017-01-25,14,1 2 3 7 8 10 11 14 16 17 21 22 23 24,kinolab
1935,2017-01-29,14,3 4 5 6 7 8 9 10 11 12 14 23 24 25,kinolab
1936,2017-02-01,14,5 6 8 9 10 11 12 13 14 17 20 21 23 25,kinolab
1937,2017-02-05,14,2 3 4 5 6 9 13 16 17 18 19 20 23 25,kinolab
1938,2017-02-08,14,1 2 3 5 6 9 10 11 12 13 14 15 19 21,kinolab
1939,2017-02-12,14,2 3 5 7 8 9 15 17 18 19 20 21 22 25,kinolab
1940,2017-02-15,14,5 7 8 9 10 12 13 14 15 17 18 19 22 25,kinolab
1941,2017-02-19,14,2 5 6 7 8 9 10 12 15 16 18 19 20 25,kinolab
1942,2017-02-22,14,1 2 4 5 6 7 9 10 11 14 15 21 22 25,kinolab
1943,2017-02-26,14,1 2 7 8 10 11 12 14 15 16 18 19 22 25,kinolab
1944,2017-03-01,14,2 3 5 6 8 11 13 15 17 18 19 21 22 23,kinolab
1945,2017-03-05,14,2 3 4 5 6 8 9 12 13 16 17 18 20 23,kinolab
1946,2017-03-08,14,4 5 6 7 8 9 12 13 16 18 19 20 23 25,kinolab
1947,2017-03-12,14,2 3 5 6 7 8 10 14 15 17 18 19 22 23,kinolab
1948,2017-03-15,14,2 3 8 10 11 12 13 14 17 20 21 22 23 24,kinolab
1949,2017-03-19,14,2 4 7 8 11 13 14 16 18 19 20 21 22 25,kinolab
1950,2017-03-22,14,2 3 5 6 7 11 12 13 14 17 18 19 23 25,kinolab
1951,2017-03-26,14,2 4 7 8 9 10 11 16 17 18 19 20 22 25,kinolab
1952,2017-03-29,14,1 2 4 6 7 8 12 15 17 19 20 21 23 24,kinolab
1953,2017-04-02,14,2 5 6 7 8 11 12 13 15 16 19 21 22 23,kinolab
1954,2017-04-05,14,1 2 5 7 8 9 11 13 16 17 19 22 24 25,kinolab
1955,2017-04-09,14,1 3 5 6 9 10 11 13 14 17 18 19 23 24,kinolab
1956,2017-04-12,14,5 6 7 12 13 15 16 17 18 19 21 22 23 25,kinolab
1957,2017-04-16,14,4 5 6 11 13 15 16 17 18 19 20 21 22 23,kinolab
1958,2017-04-19,14,1 2 4 5 6 7 9 10 16 19 21 23 24 25,kinolab
1959,2017-04-23,14,1 5 6 7 10 12 13 14 15 16 17 20 21 25,kinolab
1960,2017-04-26,14,1 6 7 9 10 11 13 14 15 18 20 21 23 24,kinolab
1961,2017-04-30,14,1 2 4 5 7 8 10 12 14 16 17 19 21 25,kinolab
1962,2017-05-03,14,1 2 3 4 5 9 11 15 18 19 22 23 24 25,kinolab
1963,2017-05-07,14,1 3 6 8 9 11 13 14 16 18 20 21 22 25,kinolab
1964,2017-05-10,14,1 3 4 5 6 7 9 10 11 13 15 16 18 22,kinolab
1965,2017-05-14,14,1 2 4 5 7 8 10 12 15 17 20 22 23 24,kinolab
1966,2017-05-17,14,2 4 7 8 9 10 13 14 15 17 19 20 23 24,kinolab
1967,2017-05-21,14,2 3 6 8 9 12 13 14 15 16 17 19 21 23,kinolab
1968,2017-05-24,14,3 5 6 7 11 13 14 17 18 19 21 22 24 25,kinolab
1969,2017-05-28,14,1 3 5 6 7 8 9 14 15 16 17 18 21 24,kinolab
1970,2017-05-31,14,2 3 5 6 8 10 13 14 15 17 18 19 22 24,kinolab
1971,2017-06-04,14,1 2 3 7 10 11 12 13 14 15 16 17 21 22,kinolab
1972,2017-06-07,14,1 4 5 6 8 9 11 13 15 19 20 22 23 25,kinolab
1973,2017-06-11,14,1 3 5 6 7 8 9 11 12 13 14 17 22 25,kinolab
1974,2017-06-14,14,1 4 7 8 11 12 14 15 16 18 21 22 23 25,kinolab
1975,2017-06-18,14,4 5 6 7 8 10 11 12 14 15 17 18 21 23,kinolab
1976,2017-06-21,14,1 2 3 4 7 9 11 13 15 18 19 20 21 25,kinolab
1977,2017-06-25,14,1 2 3 6 8 9 11 15 16 18 21 23 24 25,kinolab
1978,2017-06-28,14,1 2 3 5 7 8 10 12 16 19 21 22 23 25,kinolab
1979,2017-07-02,14,1 4 5 7 8 9 11 16 17 18 19 21 22 23,kinolab
1980,2017-07-05,14,2 3 7 9 10 11 15 16 17 18 19 20 21 24,kinolab
1981,2017-07-09,14,2 3 4 5 7 8 12 13 14 16 18 21 22 25,kinolab
1982,2017-07-12,14,2 4 7 8 9 12 15 16 18 20 21 23 24 25,kinolab
1983,2017-07-16,14,3 4 7 9 10 13 14 15 16 17 18 20 24 25,kinolab
1984,2017-07-19,14,1 2 3 4 6 7 8 11 12 13 14 16 17 19,kinolab
1985,2017-07-23,14,1 2 3 4 6 7 9 13 14 15 17 18 20 24,kinolab
1986,2017-07-26,14,1 2 9 11 12 13 14 15 17 18 19 20 23 24,kinolab
1987,2017-07-30,14,2 3 4 6 10 11 15 17 18 19 20 23 24 25,kinolab
1988,2017-08-02,14,1 2 4 5 10 14 15 16 17 20 21 22 24 25,kinolab
1989,2017-08-06,14,1 2 3 6 7 8 10 13 15 20 21 23 24 25,kinolab
1990,2017-08-09,14,3 4 5 8 9 10 11 12 18 19 20 21 23 25,kinolab
1991,2017-08-13,14,2 3 5 8 9 11 12 13 18 19 20 21 22 25,kinolab
1992,2017-08-16,14,4 6 8 9 10 12 16 17 18 20 21 22 23 24,kinolab
1993,2017-08-20,14,1 2 4 6 10 11 12 14 17 18 19 22 23 24,kinolab
1994,2017-08-23,14,3 5 6 7 8 10 13 16 18 19 20 22 23 24,kinolab
1995,2017-08-27,14,1 2 3 6 7 11 13 14 15 20 21 22 23 24,kinolab
1996,2017-08-30,14,3 4 5 7 8 10 12 13 14 16 19 23 24 25,kinolab
1997,2017-09-03,14,1 3 5 7 8 10 11 12 13 15 17 23 24 25,kinolab
1998,2017-09-06,14,1 2 4 8 10 11 12 13 15 16 21 22 23 24,kinolab
1999,2017-09-10,14,1 2 5 6 7 8 11 16 17 18 19 22 23 25,kinolab
2000,2017-09-13,14,2 5 6 7 8 9 10 14 15 17 19 21 23 25,kinolab
2001,2017-09-17,14,1 2 4 6 7 8 10 15 17 18 20 21 22 24,kinolab
2002,2017-09-20,14,1 2 3 5 8 10 12 13 14 16 18 19 20 23,kinolab
2003,2017-09-24,14,1 3 5 6 8 11 13 15 17 18 21 23 24 25,kinolab
2004,2017-09-27,14,1 3 4 5 6 7 8 11 15 16 17 18 19 25,kinolab
2005,2017-10-01,14,1 2 3 4 5 8 10 12 13 15 19 20 21 25,kinolab
2006,2017-10-04,14,1 3 5 6 8 9 12 17 18 19 21 22 24 25,kinolab
2007,2017-10-08,14,1 2 3 5 7 9 11 12 13 15 16 18 19 23,kinolab
2008,2017-10-11,14,2 3 4 6 8 9 10 11 12 14 15 17 19 24,kinolab
2009,2017-10-15,14,1 2 4 6 7 8 10 11 12 13 18 19 24 25,kinolab
2010,2017-10-18,14,1 3 4 5 7 9 10 13 16 18 19 20 24 25,kinolab
2011,2017-10-22,14,2 4 6 7 10 11 12 14 15 17 19 22 23 25,kinolab
2012,2017-10-25,14,2 5 9 12 15 16 17 18 19 20 21 22 23 25,kinolab
2013,2017-10-29,14,1 4 5 6 8 12 13 14 15 17 19 21 22 25,kinolab
2014,2017-11-01,14,1 2 3 5 6 7 8 15 16 18 21 22 23 24,kinolab
2015,2017-11-05,14,1 4 6 7 8 9 10 11 14 15 16 19 22 24,kinolab
2016,2017-11-08,14,1 2 3 4 5 6 7 9 11 13 15 16 22 24,kinolab
2017,2017-11-12,14,1 3 4 5 8 9 10 12 13 15 16 17 21 23,kinolab
2018,2017-11-15,14,1 4 5 6 7 11 12 13 15 18 19 20 21 23,kinolab
2019,2017-11-19,14,2 3 6 8 10 11 13 15 16 19 21 23 24 25,kinolab
2020,2017-11-22,14,1 4 5 6 7 10 11 12 13 14 20 22 24 25,kinolab
2021,2017-11-26,14,1 3 5 6 10 11 13 14 15 16 19 20 22 23,kinolab
2022,2017-11-29,14,1 4 6 7 8 10 11 13 15 17 19 20 21 24,kinolab
2023,2017-12-03,14,1 2 3 4 7 8 10 13 15 16 19 21 22 24,kinolab
2024,2017-12-06,14,1 2 3 5 6 8 11 12 13 14 16 18 21 24,kinolab
2025,2017-12-10,14,1 3 4 6 8 9 11 13 14 18 19 22 23 25,kinolab
2026,2017-12-13,14,2 4 5 7 9 10 11 13 14 17 18 20 22 25,kinolab
2027,2017-12-17,14,5 8 10 11 12 13 14 15 17 18 20 21 22 23,kinolab
2028,2017-12-20,14,1 4 7 9 10 11 12 13 16 17 18 21 23 25,kinolab
2029,2017-12-24,14,1 3 4 5 10 13 17 18 19 20 22 23 24 25,kinolab
2030,2017-12-27,14,3 4 5 6 9 10 12 14 15 17 18 23 24 25,kinolab
2031,2017-12-31,14,3 4 6 7 8 9 11 13 16 18 19 20 21 23,kinolab
2032,2018-01-03,14,3 4 7 9 10 12 14 17 18 19 20 22 24 25,kinolab
2033,2018-01-07,14,1 2 4 6 8 11 12 13 16 17 19 20 22 24,kinolab
2034,2018-01-10,14,2 3 6 7 9 10 11 12 13 17 20 21 22 24,kinolab
2035,2018-01-14,14,1 2 3 8 10 12 13 17 18 20 21 22 24 25,kinolab
2036,2018-01-17,14,3 4 6 7 8 9 11 17 18 21 22 23 24 25,kinolab
2037,2018-01-21,14,4 6 10 11 12 13 15 16 17 18 19 20 21 23,kinolab
2038,2018-01-24,14,2 3 4 5 7 11 12 13 14 15 16 17 18 19,kinolab
2039,2018-01-28,14,1 2 4 5 10 12 14 15 17 19 20 23 24 25,kinolab
2040,2018-01-31,14,1 2 6 7 8 10 11 12 13 14 18 19 21 22,kinolab
2041,2018-02-04,14,1 2 3 5 6 11 12 13 17 20 21 23 24 25,kinolab
2042,2018-02-07,14,4 5 6 8 11 12 15 17 19 21 22 23 24 25,kinolab
2043,2018-02-11,14,2 3 4 5 6 10 11 12 13 16 20 22 23 25,kinolab
2044,2018-02-14,14,2 6 7 8 9 10 13 14 18 19 20 22 23 25,kinolab
2045,2018-02-18,14,2 4 5 10 11 13 15 16 17 18 19 21 22 24,kinolab
2046,2018-02-21,14,1 2 3 6 7 12 13 14 17 18 19 21 23 24,kinolab
2047,2018-02-25,14,3 4 5 6 9 10 11 13 14 15 20 22 23 25,kinolab
2048,2018-02-28,14,3 5 8 11 12 14 16 17 19 20 21 22 23 24,kinolab
2049,2018-03-04,14,1 2 3 4 5 7 8 9 10 15 16 19 20 24,kinolab
2050,2018-03-07,14,1 4 5 6 10 11 12 17 18 19 21 22 24 25,kinolab
2051,2018-03-11,14,2 3 4 6 9 13 16 17 18 19 20 21 23 24,kinolab
2052,2018-03-14,14,1 2 3 5 6 11 12 15 19 20 21 22 24 25,kinolab
2053,2018-03-18,14,1 3 7 8 10 11 12 13 14 15 19 20 21 25,kinolab
2054,2018-03-21,14,3 4 5 6 7 12 13 14 15 18 19 22 23 24,kinolab
2055,2018-03-25,14,1 2 4 6 10 12 14 15 17 19 20 22 23 24,kinolab
2056,2018-03-28,14,1 2 5 6 8 10 11 12 15 17 20 21 23 24,kinolab
2057,2018-04-01,14,2 6 7 9 10 11 13 14 18 19 20 21 22 24,kinolab
2058,2018-04-04,14,3 4 7 8 10 11 12 13 15 16 17 18 20 21,kinolab
2059,2018-04-08,14,3 4 6 7 10 14 15 17 18 19 20 21 22 24,kinolab
2060,2018-04-11,14,5 6 7 8 10 13 14 15 16 20 21 22 24 25,kinolab
2061,2018-04-15,14,2 4 5 6 9 10 14 17 18 20 21 23 24 25,kinolab
2062,2018-04-18,14,2 3 4 7 9 10 11 12 13 15 18 19 20 21,kinolab
2063,2018-04-22,14,1 3 7 8 11 12 14 15 16 20 21 22 23 25,kinolab
2064,2018-04-25,14,1 5 7 8 10 11 12 13 16 20 21 23 24 25,kinolab
2065,2018-04-29,14,1 4 8 9 10 12 14 16 17 19 20 22 23 24,kinolab
2066,2018-05-02,14,1 3 4 6 7 8 9 10 12 14 15 18 21 24,kinolab
2067,2018-05-06,14,2 3 5 7 8 9 11 15 16 17 18 20 21 23,kinolab
2068,2018-05-09,14,2 4 5 8 10 11 12 13 15 16 18 19 24 25,kinolab
2069,2018-05-13,14,5 6 9 10 11 12 13 14 16 18 22 23 24 25,kinolab
2070,2018-05-16,14,1 5 6 7 8 9 11 12 13 15 20 22 23 24,kinolab
2071,2018-05-20,14,2 4 5 7 9 13 14 15 16 18 21 23 24 25,kinolab
2072,2018-05-23,14,1 2 3 4 6 7 8 11 13 18 19 21 23 24,kinolab
2073,2018-05-27,14,2 3 4 5 6 7 8 9 10 11 14 16 19 25,kinolab
2074,2018-05-30,14,1 3 4 5 7 10 12 13 15 18 21 22 23 24,kinolab
2075,2018-06-03,14,1 3 4 6 8 10 11 12 18 19 21 22 24 25,kinolab
2076,2018-06-06,14,1 2 3 4 6 9 10 12 14 16 17 23 24 25,kinolab
2077,2018-06-10,14,1 2 3 8 9 10 12 13 14 15 16 21 22 23,kinolab
2078,2018-06-13,14,1 2 3 5 6 7 8 9 10 16 21 22 23 25,kinolab
2079,2018-06-17,14,2 3 4 7 8 9 10 11 14 17 20 21 22 25,kinolab
2080,2018-06-20,14,1 5 6 8 9 12 13 15 16 18 21 22 24 25,kinolab
2081,2018-06-24,14,2 5 7 9 10 12 13 15 20 21 22 23 24 25,kinolab
2082,2018-06-27,14,1 3 4 7 10 11 12 13 14 15 16 20 23 25,kinolab
2083,2018-07-01,14,1 3 6 8 10 12 13 15 16 20 21 22 23 24,kinolab
2084,2018-07-04,14,3 4 5 6 8 12 13 15 17 18 21 22 23 25,kinolab
2085,2018-07-08,14,2 3 4 5 8 9 12 13 14 16 17 18 19 21,kinolab
2086,2018-07-11,14,3 5 9 10 11 12 13 15 16 17 18 22 23 24,kinolab
2087,2018-07-15,14,4 5 6 9 10 11 12 13 14 16 17 19 20 23,kinolab
2088,2018-07-18,14,1 3 5 6 7 9 10 12 13 14 15 22 23 25,kinolab
2089,2018-07-22,14,1 2 4 5 7 8 12 15 16 17 18 20 24 25,kinolab
2090,2018-07-25,14,1 2 4 5 8 10 12 14 16 18 19 21 24 25,kinolab
2091,2018-07-29,14,2 6 7 8 10 13 15 16 17 19 20 21 22 24,kinolab
2092,2018-08-01,14,1 3 5 6 10 11 12 15 16 17 19 21 24 25,kinolab
2093,2018-08-05,14,1 3 4 5 6 8 9 12 18 19 20 21 23 24,kinolab
2094,2018-08-08,14,1 2 3 5 6 7 9 10 11 12 15 20 21 24,kinolab
2095,2018-08-12,14,1 2 3 6 7 9 13 16 18 20 21 23 24 25,kinolab
2096,2018-08-15,14,1 4 6 10 11 12 13 14 16 17 18 21 24 25,kinolab
2097,2018-08-19,14,2 4 6 9 10 11 12 14 15 20 21 22 23 25,kinolab
2098,2018-08-22,14,3 4 7 9 10 11 12 13 14 16 17 18 22 24,kinolab
2099,2018-08-26,14,4 5 6 7 8 9 12 13 14 15 18 20 24 25,kinolab
2100,2018-08-29,14,2 3 4 6 9 13 15 17 18 19 21 22 23 24,kinolab
2101,2018-09-02,14,3 4 5 6 9 10 11 13 14 15 16 21 22 23,kinolab
2102,2018-09-05,14,2 3 4 6 9 10 11 13 14 16 17 20 21 25,kinolab
2103,2018-09-09,14,3 4 5 7 12 13 14 15 16 18 19 21 22 24,kinolab
2104,2018-09-12,14,1 2 4 8 9 13 14 15 18 19 20 22 23 25,kinolab
2105,2018-09-16,14,3 5 8 9 11 13 15 16 17 18 19 21 24 25,kinolab
2106,2018-09-19,14,6 9 10 12 15 16 17 19 20 21 22 23 24 25,kinolab
2107,2018-09-23,14,2 3 5 6 8 11 13 14 15 18 19 20 24 25,kinolab
2108,2018-09-26,14,2 3 4 6 7 8 13 15 16 20 21 22 23 25,kinolab
2109,2018-09-30,14,2 4 5 10 11 12 13 16 17 18 19 20 24 25,kinolab
2110,2018-10-03,14,2 3 5 8 9 10 11 13 14 16 18 19 21 24,kinolab
2111,2018-10-07,14,2 4 5 6 7 9 10 13 17 18 20 21 23 24,kinolab
2112,2018-10-10,14,1 3 5 6 8 9 10 11 12 15 16 20 24 25,kinolab
2113,2018-10-14,14,2 4 7 10 11 12 15 16 17 18 19 21 23 25,kinolab
2114,2018-10-17,14,2 3 5 8 9 13 14 15 16 20 21 23 24 25,kinolab
2115,2018-10-21,14,1 2 3 4 5 6 8 10 11 14 16 17 22 23,kinolab
2116,2018-10-24,14,1 2 6 7 8 9 12 13 14 18 19 22 24 25,kinolab
2117,2018-10-28,14,2 4 5 6 10 13 15 17 18 19 20 21 22 25,kinolab
2118,2018-10-31,14,1 3 4 7 8 9 13 16 17 19 21 22 23 24,kinolab
2119,2018-11-04,14,1 2 4 6 7 10 11 14 16 17 18 22 23 25,kinolab
2120,2018-11-07,14,3 5 7 9 10 12 13 16 17 18 19 20 23 24,kinolab
2121,2018-11-11,14,2 3 5 6 8 12 13 14 16 17 19 23 24 25,kinolab
2122,2018-11-14,14,2 3 4 5 6 7 10 14 18 19 21 22 24 25,kinolab
2123,2018-11-18,14,1 2 3 5 6 9 10 12 13 14 18 20 21 23,kinolab
2124,2018-11-21,14,2 5 6 8 9 10 11 12 14 17 18 21 23 24,kinolab
2125,2018-11-25,14,1 3 5 9 10 11 15 17 18 19 20 22 24 25,kinolab
2126,2018-11-28,14,4 5 7 8 9 10 13 14 17 18 19 22 23 24,kinolab
2127,2018-12-02,14,1 2 3 4 7 11 12 15 18 20 21 22 23 24,kinolab
2128,2018-12-05,14,1 4 5 6 9 10 11 12 14 20 21 22 23 24,kinolab
2129,2018-12-09,14,1 3 4 5 6 8 10 12 16 19 20 21 23 24,kinolab
2130,2018-12-12,14,1 2 5 7 10 12 13 16 17 19 20 22 23 24,kinolab
2131,2018-12-16,14,1 3 4 5 7 9 10 12 13 14 17 18 19 23,kinolab
2132,2018-12-19,14,1 2 3 5 6 7 8 10 11 15 20 21 24 25,kinolab
2133,2018-12-23,14,1 3 4 5 6 7 13 15 16 17 18 19 24 25,kinolab
2134,2018-12-26,14,1 2 4 7 9 10 11 14 15 16 19 20 21 22,kinolab
2135,2018-12-30,14,1 2 3 5 6 9 12 14 16 19 21 22 23 25,kinolab
2136,2019-01-02,14,1 2 4 7 10 12 15 16 17 18 21 22 24 25,kinolab
2137,2019-01-06,14,1 3 4 5 6 7 12 14 17 19 21 22 23 24,kinolab
2138,2019-01-09,14,1 3 5 6 8 9 12 13 14 16 18 20 22 25,kinolab
2139,2019-01-13,14,5 6 9 11 12 14 15 16 17 20 21 22 23 24,kinolab
2140,2019-01-16,14,1 2 4 7 8 11 14 15 16 17 18 19 22 25,kinolab
2141,2019-01-20,14,1 2 3 6 7 8 10 12 13 17 21 22 24 25,kinolab
2142,2019-01-23,14,1 2 3 8 12 14 15 17 18 19 20 21 22 24,kinolab
2143,2019-01-27,14,1 3 4 5 7 8 9 11 15 18 19 20 21 23,kinolab
2144,2019-01-30,14,1 6 7 8 9 10 12 13 18 19 20 22 24 25,kinolab
2145,2019-02-03,14,1 3 5 6 7 9 11 12 18 19 21 22 23 24,kinolab
2146,2019-02-06,14,2 4 5 8 10 11 12 13 15 17 18 19 20 22,kinolab
2147,2019-02-10,14,1 3 5 6 7 8 9 10 11 12 14 17 22 23,kinolab
2148,2019-02-13,14,2 3 6 7 11 14 15 18 19 20 21 22 23 25,kinolab
2149,2019-02-17,14,1 2 5 6 11 13 14 15 17 19 21 23 24 25,kinolab
2150,2019-02-20,14,1 7 8 9 10 11 12 13 14 16 17 18 19 22,kinolab
2151,2019-02-24,14,1 2 7 9 10 11 16 18 19 20 21 22 24 25,kinolab
2152,2019-02-27,14,3 4 5 7 8 9 10 12 16 17 19 20 21 23,kinolab
2153,2019-03-03,14,1 2 5 8 11 13 14 15 16 17 19 21 22 25,kinolab
2154,2019-03-06,14,1 4 6 8 10 11 12 15 16 17 20 21 22 25,kinolab
2155,2019-03-10,14,2 3 4 6 10 13 15 17 18 19 20 22 24 25,kinolab
2156,2019-03-13,14,1 3 4 5 7 11 12 13 14 15 19 20 21 24,kinolab
2157,2019-03-17,14,1 2 5 7 9 11 15 18 19 20 21 22 24 25,kinolab
2158,2019-03-20,14,1 3 4 6 7 8 9 10 11 12 13 14 18 25,kinolab
2159,2019-03-24,14,2 3 5 6 7 10 12 13 16 20 21 22 23 25,kinolab
2160,2019-03-27,14,2 4 5 7 9 11 14 16 18 19 22 23 24 25,kinolab
2161,2019-03-31,14,3 4 7 8 9 10 11 12 13 16 19 21 23 24,kinolab
2162,2019-04-03,14,1 5 6 8 9 11 15 19 20 21 22 23 24 25,kinolab
2163,2019-04-07,14,3 5 8 9 10 12 15 17 18 19 20 22 23 25,kinolab
2164,2019-04-10,14,2 3 5 6 7 8 9 12 13 15 17 20 21 23,kinolab
2165,2019-04-14,14,1 2 3 5 7 9 11 14 15 17 18 19 21 23,kinolab
2166,2019-04-17,14,1 2 4 9 10 11 12 14 15 17 18 19 21 25,kinolab
2167,2019-04-21,14,1 2 3 6 7 10 13 14 15 16 17 19 22 25,kinolab
2168,2019-04-24,14,3 4 5 6 8 10 11 12 13 15 16 17 19 20,kinolab
2169,2019-04-28,14,1 3 5 6 7 8 14 17 19 20 21 22 23 24,kinolab
2170,2019-05-01,14,3 4 6 7 9 10 13 14 16 17 21 22 23 24,kinolab
2171,2019-05-05,14,1 3 5 6 8 10 11 13 14 15 20 22 23 24,kinolab
2172,2019-05-08,14,3 4 5 6 8 11 14 15 16 18 21 23 24 25,kinolab
2173,2019-05-12,14,1 3 5 6 7 8 10 11 12 14 15 18 19 21,kinolab
2174,2019-05-15,14,1 5 6 7 8 9 12 14 15 18 19 21 24 25,kinolab
2175,2019-05-19,14,1 2 4 5 8 11 13 14 15 17 21 23 24 25,kinolab
2176,2019-05-22,14,2 4 5 6 8 9 10 11 12 15 18 21 23 25,kinolab
2177,2019-05-26,14,1 3 4 6 7 10 12 13 14 16 20 22 24 25,kinolab
2178,2019-05-29,14,1 2 3 6 7 8 10 11 13 14 16 18 19 21,kinolab
2179,2019-06-02,14,1 2 3 4 6 7 8 12 16 17 18 19 20 23,kinolab
2180,2019-06-05,14,3 4 6 10 12 13 15 16 17 19 20 21 22 23,kinolab
2181,2019-06-09,14,1 4 6 7 8 9 10 11 13 15 17 19 23 25,kinolab
2182,2019-06-12,14,2 3 5 6 7 9 10 12 13 16 18 20 23 24,kinolab
2183,2019-06-16,14,1 2 3 5 7 8 12 14 16 17 18 19 20 23,kinolab
2184,2019-06-19,14,2 3 6 8 9 10 12 14 16 17 18 21 22 24,kinolab
2185,2019-06-23,14,3 4 6 12 13 14 16 18 19 21 22 23 24 25,kinolab
2186,2019-06-26,14,1 2 3 5 7 10 13 14 15 16 19 22 23 24,kinolab
2187,2019-06-30,14,2 5 7 8 9 11 12 14 15 16 17 20 22 23,kinolab
2188,2019-07-03,14,2 3 5 8 9 10 11 15 16 18 19 21 23 24,kinolab
2189,2019-07-07,14,2 3 7 8 9 10 13 14 15 17 18 21 23 24,kinolab
2190,2019-07-10,14,3 6 9 10 13 15 16 17 19 20 22 23 24 25,kinolab
2191,2019-07-14,14,2 3 4 5 9 15 16 17 19 20 21 23 24 25,kinolab
2192,2019-07-17,14,1 2 3 10 11 12 13 14 15 16 17 21 23 25,kinolab
2193,2019-07-21,14,2 3 5 7 11 12 13 14 16 18 20 22 24 25,kinolab
2194,2019-07-24,14,3 4 5 6 7 8 13 15 16 17 19 21 22 24,kinolab
2195,2019-07-28,14,1 2 5 6 7 8 11 15 16 17 18 21 22 25,kinolab
2196,2019-07-31,14,2 4 6 8 11 13 14 16 18 20 21 23 24 25,kinolab
2197,2019-08-04,14,2 3 4 5 7 8 9 10 14 16 20 21 23 25,kinolab
2198,2019-08-07,14,2 4 6 8 9 10 11 14 15 17 18 20 22 25,kinolab
2199,2019-08-11,14,1 3 4 9 10 11 12 14 15 16 17 19 20 23,kinolab
2200,2019-08-14,14,2 3 4 5 6 9 11 12 16 19 20 22 23 25,kinolab
2201,2019-08-18,14,1 2 3 5 6 7 12 14 15 18 20 22 24 25,kinolab
2202,2019-08-21,14,3 6 7 8 10 11 13 14 15 16 18 20 23 25,kinolab
2203,2019-08-25,14,1 2 4 7 8 10 11 12 18 19 20 23 24 25,kinolab
2204,2019-08-28,14,2 3 5 6 8 9 10 11 13 17 19 21 23 24,kinolab
2205,2019-09-01,14,1 4 5 6 7 8 12 13 14 15 16 17 19 25,kinolab
2206,2019-09-04,14,1 3 4 6 8 12 15 16 17 18 20 23 24 25,kinolab
2207,2019-09-08,14,1 2 3 4 5 8 11 12 13 15 17 20 21 24,kinolab
2208,2019-09-11,14,2 4 5 7 9 10 11 13 14 15 18 19 20 21,kinolab
2209,2019-09-15,14,1 4 7 8 9 11 14 15 17 20 21 22 24 25,kinolab
2210,2019-09-18,14,2 4 6 7 10 13 15 16 17 18 19 20 22 24,kinolab
2211,2019-09-22,14,5 7 8 10 12 17 18 19 20 21 22 23 24 25,kinolab
2212,2019-09-25,14,1 2 5 6 8 13 14 15 16 17 18 19 22 25,kinolab
2213,2019-09-29,14,1 5 8 9 11 12 15 16 17 18 20 21 22 25,kinolab
2214,2019-10-02,14,1 3 5 7 8 10 13 15 17 18 21 22 23 25,kinolab
2215,2019-10-06,14,3 4 5 6 7 9 11 14 17 18 19 20 22 23,kinolab
2216,2019-10-09,14,4 5 6 7 8 10 11 12 13 15 16 17 22 24,kinolab
2217,2019-10-13,14,1 3 7 10 11 12 13 15 16 18 19 20 21 25,kinolab
2218,2019-10-16,14,1 2 4 8 9 12 14 15 17 18 19 20 23 24,kinolab
2219,2019-10-20,14,1 2 3 5 11 13 14 15 16 18 19 22 24 25,kinolab
2220,2019-10-23,14,3 5 6 9 10 11 13 15 16 17 19 21 23 25,kinolab
2221,2019-10-27,14,2 3 5 7 9 12 13 14 17 18 19 23 24 25,kinolab
2222,2019-10-30,14,2 3 5 6 7 8 9 10 13 16 17 19 24 25,kinolab
2223,2019-11-03,14,1 2 6 7 9 11 14 15 18 20 22 23 24 25,kinolab
2224,2019-11-06,14,1 2 5 6 7 8 10 11 13 16 18 21 23 25,kinolab
2225,2019-11-10,14,1 2 3 6 7 9 11 13 15 21 22 23 24 25,kinolab
2226,2019-11-13,14,1 5 7 8 10 11 14 16 17 18 19 21 22 25,kinolab
2227,2019-11-17,14,2 3 5 8 10 13 15 16 17 18 19 20 22 24,kinolab
2228,2019-11-20,14,2 5 6 8 11 12 13 14 15 16 18 19 20 24,kinolab
2229,2019-11-24,14,1 3 4 7 10 13 14 15 16 17 18 22 23 24,kinolab
2230,2019-11-27,14,4 5 7 8 9 10 13 14 16 19 20 23 24 25,kinolab
2231,2019-12-01,14,1 3 4 6 7 9 11 13 16 18 19 20 21 22,kinolab
2232,2019-12-04,14,1 2 3 4 5 6 8 9 10 12 14 15 19 23,kinolab
2233,2019-12-08,14,2 3 4 5 6 8 10 13 14 18 20 21 24 25,kinolab
2234,2019-12-11,14,1 4 6 7 9 10 11 13 14 16 18 20 21 24,kinolab
2235,2019-12-15,14,2 3 4 5 7 8 9 10 11 14 15 16 20 21,kinolab
2236,2019-12-18,14,2 3 4 5 6 7 9 11 14 19 21 22 23 25,kinolab
2237,2019-12-22,14,3 4 5 6 7 9 10 12 14 15 16 21 24 25,kinolab
2238,2019-12-25,14,2 4 7 8 9 10 12 13 16 17 18 20 21 23,kinolab
2239,2019-12-29,14,4 6 8 10 12 13 15 17 18 19 20 21 23 24,kinolab
2240,2020-01-01,14,1 2 7 8 10 13 15 17 18 19 21 22 23 25,kinolab
2241,2020-01-05,14,5 6 8 10 11 13 15 17 19 20 21 22 24 25,kinolab
2242,2020-01-08,14,2 3 4 7 10 11 12 13 15 17 19 21 24 25,kinolab
2243,2020-01-12,14,2 5 6 7 8 10 12 14 17 20 21 22 23 25,kinolab
2244,2020-01-15,14,1 2 6 7 8 9 10 11 13 15 16 21 22 23,kinolab
2245,2020-01-19,14,1 2 3 5 6 8 9 12 14 16 17 21 23 24,kinolab
2246,2020-01-22,14,1 3 4 5 6 8 12 13 14 15 18 20 22 25,kinolab
2247,2020-01-26,14,2 5 6 7 8 12 13 16 17 18 19 22 24 25,kinolab
2248,2020-01-29,14,3 4 5 7 8 9 14 15 16 18 20 21 22 23,kinolab
2249,2020-02-02,14,1 2 4 5 7 10 11 15 18 20 21 22 23 24,kinolab
2250,2020-02-05,14,1 2 5 7 8 14 15 16 17 18 19 21 23 24,kinolab
2251,2020-02-09,14,1 3 5 6 8 9 11 12 13 14 15 16 19 21,kinolab
2252,2020-02-12,14,3 4 5 7 9 10 11 12 13 14 19 20 21 24,kinolab
2253,2020-02-16,14,4 5 6 7 10 11 13 15 17 19 20 21 23 25,kinolab
2254,2020-02-19,14,1 2 6 8 12 14 15 16 17 19 20 21 23 24,kinolab
2255,2020-02-23,14,2 3 4 5 9 10 11 12 13 14 16 21 22 25,kinolab
2256,2020-02-26,14,2 3 6 7 8 10 12 13 17 19 21 22 23 24,kinolab
2257,2020-03-01,14,1 4 6 8 9 11 12 13 14 16 17 18 20 25,kinolab
2258,2020-03-04,14,3 4 10 11 12 13 14 16 17 19 20 21 22 24,kinolab
2259,2020-03-08,14,3 4 5 7 12 14 15 16 18 19 21 22 23 24,kinolab
2260,2020-03-11,14,2 3 5 6 9 10 11 13 14 15 16 17 21 24,kinolab
2261,2020-03-13,14,1 2 5 6 8 9 10 11 13 17 18 19 20 22,kinolab
2262,2020-03-15,14,1 3 4 5 6 7 8 9 16 19 20 21 22 23,kinolab
2263,2020-03-18,14,2 3 4 5 8 11 14 17 18 19 20 21 22 25,kinolab
2264,2020-03-20,14,2 3 5 7 10 11 12 13 15 18 20 21 22 24,kinolab
2265,2020-03-22,14,2 3 5 8 10 11 12 13 14 16 17 19 20 23,kinolab
2266,2020-03-25,14,2 4 5 10 11 12 14 17 18 20 21 22 24 25,kinolab
2267,2020-03-27,14,4 5 6 9 11 13 14 15 16 20 22 23 24 25,kinolab
2268,2020-03-29,14,1 2 6 8 10 12 14 15 16 18 21 23 24 25,kinolab
2269,2020-04-01,14,1 5 6 7 10 12 13 14 16 17 18 19 20 22,kinolab
2270,2020-04-03,14,1 2 3 4 6 8 10 11 12 14 17 19 20 21,kinolab
2271,2020-04-05,14,1 3 5 6 7 8 10 12 14 16 19 20 23 24,kinolab
2272,2020-04-08,14,1 10 11 12 13 14 15 16 17 19 21 23 24 25,kinolab
2273,2020-04-10,14,3 5 6 7 8 9 13 16 19 20 21 22 24 25,kinolab
2274,2020-04-12,14,1 2 4 5 7 8 10 11 15 18 21 23 24 25,kinolab
2275,2020-04-15,14,3 5 7 8 9 11 12 14 15 16 18 19 20 24,kinolab
2276,2020-04-17,14,1 3 6 7 8 10 12 13 15 17 18 19 22 24,kinolab
2277,2020-04-19,14,2 5 7 8 11 14 15 16 19 20 21 22 24 25,kinolab
2278,2020-04-22,14,1 2 4 6 8 9 11 12 18 20 22 23 24 25,kinolab
2279,2020-04-24,14,1 2 4 8 10 11 12 15 16 17 19 20 21 22,kinolab
2280,2020-04-26,14,3 5 6 10 12 13 14 15 17 18 21 22 23 25,kinolab
2281,2020-04-29,14,2 4 5 9 10 11 12 13 15 16 17 21 22 23,kinolab
2282,2020-05-01,14,2 3 4 5 6 7 11 12 14 16 20 21 24 25,kinolab
2283,2020-05-03,14,2 3 5 6 7 8 10 13 15 16 17 20 21 25,kinolab
2284,2020-05-06,14,1 2 3 6 11 12 13 14 15 16 19 20 22 24,kinolab
2285,2020-05-08,14,1 3 6 7 8 9 10 11 12 15 20 22 23 24,kinolab
2286,2020-05-10,14,1 3 5 6 8 9 11 14 15 17 22 23 24 25,kinolab
2287,2020-05-13,14,2 3 6 7 9 10 11 12 13 14 16 17 19 25,kinolab
2288,2020-05-15,14,1 2 3 4 10 11 13 14 15 17 18 20 22 25,kinolab
2289,2020-05-17,14,2 3 4 5 6 10 11 12 15 16 19 22 23 25,kinolab
2290,2020-05-20,14,3 4 6 7 8 10 11 12 15 18 20 21 22 23,kinolab
2291,2020-05-22,14,1 2 3 5 6 7 10 12 13 14 16 18 21 22,kinolab
2292,2020-05-24,14,2 3 4 6 7 9 10 11 12 13 15 16 20 22,kinolab
2293,2020-05-27,14,2 3 6 7 8 9 10 15 16 18 20 23 24 25,kinolab
2294,2020-05-29,14,2 3 6 9 11 12 14 16 17 19 22 23 24 25,kinolab
2295,2020-05-31,14,1 2 3 5 8 11 12 14 16 18 20 22 24 25,kinolab
2296,2020-06-03,14,1 2 4 6 7 8 14 15 16 18 21 22 23 25,kinolab
2297,2020-06-05,14,3 4 5 8 10 12 13 14 16 17 19 20 21 22,kinolab
2298,2020-06-07,14,1 2 4 5 9 10 11 12 13 15 16 19 21 22,kinolab
2299,2020-06-10,14,1 6 7 8 9 11 14 15 17 18 20 21 22 23,kinolab
2300,2020-06-12,14,1 4 6 8 9 12 13 14 15 18 20 21 22 24,kinolab
2301,2020-06-14,14,1 2 3 4 5 8 9 10 14 15 16 18 21 25,kinolab
2302,2020-06-17,14,2 3 6 8 9 10 11 12 14 15 16 18 22 25,kinolab
2303,2020-06-19,14,1 2 4 5 6 7 8 9 11 12 15 17 20 22,kinolab
2304,2020-06-21,14,1 3 4 8 9 11 12 13 16 17 18 19 21 25,kinolab
2305,2020-06-24,14,4 6 9 10 12 13 17 18 19 20 21 22 23 25,kinolab
2306,2020-06-26,14,1 2 4 5 8 9 10 12 13 15 18 21 23 25,kinolab
2307,2020-06-28,14,1 5 8 9 10 11 12 13 15 16 18 19 22 23,kinolab
2308,2020-07-01,14,3 4 5 7 8 9 12 13 14 17 19 20 22 24,kinolab
2309,2020-07-03,14,1 3 5 7 8 9 10 13 15 16 17 21 24 25,kinolab
2310,2020-07-05,14,1 4 5 6 7 9 12 13 14 15 16 18 20 24,kinolab
2311,2020-07-08,14,1 3 4 5 6 11 12 13 14 15 21 22 24 25,kinolab
2312,2020-07-10,14,2 4 6 8 9 12 13 14 16 18 19 23 24 25,kinolab
2313,2020-07-12,14,2 4 6 7 8 9 10 12 13 15 17 18 21 24,kinolab
2314,2020-07-15,14,1 4 7 8 9 10 11 13 14 16 17 20 22 23,kinolab
2315,2020-07-17,14,2 3 5 6 7 8 9 10 12 13 14 18 21 25,kinolab
2316,2020-07-19,14,6 7 8 10 12 13 14 15 16 19 21 22 23 25,kinolab
2317,2020-07-22,14,1 4 5 6 10 11 13 17 18 19 20 21 23 24,kinolab
2318,2020-07-24,14,1 2 4 5 6 7 8 9 12 13 18 22 24 25,kinolab
2319,2020-07-26,14,2 3 4 5 7 8 10 11 14 16 20 21 22 24,kinolab
2320,2020-07-29,14,1 2 3 6 7 8 9 11 12 13 18 22 24 25,kinolab
2321,2020-07-31,14,1 2 3 4 7 9 10 11 13 15 16 17 24 25,kinolab
2322,2020-08-02,14,1 2 3 4 5 8 9 10 13 15 16 19 23 24,kinolab
2323,2020-08-05,14,2 5 6 7 8 9 11 12 13 17 18 19 21 24,kinolab
2324,2020-08-07,14,2 3 4 5 6 7 10 11 14 15 16 21 22 24,kinolab
2325,2020-08-09,14,1 2 3 4 5 6 8 11 16 17 20 22 23 25,kinolab
2326,2020-08-12,14,2 5 6 7 8 10 13 16 17 18 19 20 22 23,kinolab
2327,2020-08-14,14,1 4 7 8 9 11 12 13 15 16 19 20 23 25,kinolab
2328,2020-08-16,14,3 4 5 6 8 11 14 15 16 18 20 22 23 24,kinolab
2329,2020-08-19,14,1 2 3 5 6 9 11 15 16 17 18 19 22 24,kinolab
2330,2020-08-21,14,3 4 5 7 8 9 11 13 15 18 19 21 23 24,kinolab
2331,2020-08-23,14,1 2 3 6 7 9 10 11 14 16 17 18 20 25,kinolab
2332,2020-08-26,14,1 2 8 9 10 11 13 14 15 16 19 23 24 25,kinolab
2333,2020-08-28,14,1 6 7 8 9 11 12 13 14 17 19 20 21 22,kinolab
2334,2020-08-30,14,2 5 6 8 9 10 12 13 14 15 19 20 23 25,kinolab
2335,2020-09-02,14,1 3 4 5 7 9 10 11 12 15 17 21 22 24,kinolab
2336,2020-09-04,14,2 3 4 6 7 8 9 10 15 16 18 22 23 24,kinolab
2337,2020-09-06,14,2 3 7 8 9 11 13 14 15 16 17 19 24 25,kinolab
2338,2020-09-09,14,1 3 4 6 8 9 12 14 17 18 21 22 23 25,kinolab
2339,2020-09-11,14,4 5 8 10 11 12 13 14 17 18 19 20 23 25,kinolab
2340,2020-09-13,14,5 6 7 8 9 10 14 15 16 17 22 23 24 25,kinolab
2341,2020-09-16,14,3 4 9 10 11 14 18 19 20 21 22 23 24 25,kinolab
2342,2020-09-18,14,1 4 7 9 11 12 13 16 17 18 19 21 23 25,kinolab
2343,2020-09-20,14,3 6 7 9 10 12 13 15 16 19 21 23 24 25,kinolab
2344,2020-09-23,14,1 3 5 6 11 13 14 16 17 18 21 22 24 25,kinolab
2345,2020-09-25,14,3 4 5 7 9 13 14 15 16 18 20 21 24 25,kinolab
2346,2020-09-27,14,4 5 9 10 11 14 15 16 17 21 22 23 24 25,kinolab
2347,2020-09-30,14,1 3 5 6 9 11 13 14 15 16 18 19 20 25,kinolab
2348,2020-10-02,14,2 4 5 7 9 11 12 13 15 16 17 19 20 25,kinolab
2349,2020-10-04,14,1 3 4 7 8 9 11 12 16 18 20 21 22 23,kinolab
2350,2020-10-07,14,3 6 7 8 9 10 11 12 13 14 16 21 23 24,kinolab
2351,2020-10-09,14,3 4 5 7 9 13 14 15 19 20 21 22 23 25,kinolab
2352,2020-10-11,14,1 4 6 8 9 11 12 13 15 16 19 20 23 25,kinolab
2353,2020-10-14,14,1 5 6 11 12 13 15 16 17 19 20 21 24 25,kinolab
2354,2020-10-16,14,2 5 10 11 12 13 14 15 16 17 19 21 22 25,kinolab
2355,2020-10-18,14,2 4 5 6 8 9 11 12 14 15 16 20 24 25,kinolab
2356,2020-10-21,14,1 2 3 8 9 11 12 13 14 17 22 23 24 25,kinolab
2357,2020-10-23,14,3 4 7 9 10 11 12 13 14 15 16 17 19 22,kinolab
2358,2020-10-25,14,1 2 3 4 6 7 8 10 13 15 17 20 21 24,kinolab
2359,2020-10-28,14,1 2 4 8 9 10 12 14 17 20 21 22 23 25,kinolab
2360,2020-10-30,14,2 4 6 8 10 12 13 14 16 19 20 22 23 24,kinolab
2361,2020-11-01,14,3 4 12 13 14 16 17 18 19 20 21 22 23 25,kinolab
2362,2020-11-04,14,2 3 5 7 12 13 16 17 18 19 20 21 24 25,kinolab+nicovh
2363,2020-11-06,14,2 4 7 8 10 13 15 16 18 21 22 23 24 25,kinolab
2364,2020-11-08,14,1 3 6 7 9 10 12 13 16 17 19 20 22 25,kinolab+nicovh
2365,2020-11-11,14,2 3 4 6 7 9 11 12 14 18 20 21 24 25,kinolab+nicovh
2366,2020-11-13,14,1 2 3 4 5 6 8 9 10 11 15 16 21 25,kinolab
2367,2020-11-15,14,1 6 8 10 12 13 15 17 19 21 22 23 24 25,kinolab+nicovh
2368,2020-11-18,14,3 5 6 8 10 11 13 14 15 17 19 22 24 25,kinolab+nicovh
2369,2020-11-20,14,1 2 4 5 7 10 12 13 15 18 20 22 24 25,kinolab
2370,2020-11-22,14,4 5 6 7 8 9 11 13 14 17 18 20 21 24,kinolab+nicovh
2371,2020-11-25,14,2 4 5 8 11 12 13 14 16 18 20 21 24 25,kinolab+nicovh
2372,2020-11-27,14,1 3 4 6 8 11 13 14 16 19 21 22 23 24,kinolab
2373,2020-11-29,14,4 5 6 8 9 11 12 13 16 17 19 22 24 25,kinolab+nicovh
2374,2020-12-02,14,1 2 4 6 7 9 10 11 13 17 18 20 23 24,kinolab+nicovh
2375,2020-12-04,14,2 3 6 8 10 12 14 15 16 17 18 22 23 24,kinolab
2376,2020-12-06,14,1 3 4 5 8 11 15 17 18 19 20 22 24 25,kinolab+nicovh
2377,2020-12-09,14,2 5 6 9 10 11 13 14 17 19 21 22 23 25,kinolab+nicovh
2378,2020-12-11,14,2 4 6 8 9 10 11 12 13 14 16 21 22 24,kinolab
2379,2020-12-13,14,1 6 7 8 10 13 14 15 17 18 20 21 22 23,kinolab+nicovh
2380,2020-12-16,14,2 3 9 10 12 13 14 15 19 20 22 23 24 25,kinolab+nicovh
2381,2020-12-18,14,2 3 4 5 6 8 11 14 15 18 22 23 24 25,kinolab
2382,2020-12-20,14,1 3 4 7 10 11 12 13 14 16 19 21 24 25,kinolab+nicovh
2383,2020-12-23,14,4 5 8 12 13 15 16 17 18 19 20 21 22 25,kinolab+nicovh
2384,2020-12-25,14,1 2 3 4 6 7 10 11 12 16 19 21 22 23,kinolab
2385,2020-12-27,14,1 3 4 6 7 8 9 13 14 15 17 19 24 25,kinolab+nicovh
2386,2020-12-30,14,1 2 3 4 5 6 7 10 12 15 16 20 22 23,kinolab+nicovh
2387,2021-01-01,14,3 4 5 9 12 13 15 16 17 18 20 21 22 25,kinolab
2388,2021-01-03,14,2 3 4 5 8 9 10 11 12 14 15 17 19 22,kinolab+nicovh
2389,2021-01-06,14,1 3 4 5 6 9 12 14 15 17 19 20 24 25,kinolab+nicovh
2390,2021-01-08,14,2 4 5 6 9 10 13 17 18 21 22 23 24 25,kinolab
2391,2021-01-10,14,2 5 7 9 11 14 15 16 18 19 20 23 24 25,kinolab+nicovh
2392,2021-01-13,14,1 2 3 4 11 14 16 18 19 20 21 23 24 25,kinolab+nicovh
2393,2021-01-15,14,1 2 3 4 7 8 9 11 12 14 16 18 24 25,kinolab
2394,2021-01-17,14,2 9 10 11 12 14 15 16 17 19 21 22 24 25,kinolab+nicovh
2395,2021-01-20,14,2 4 7 9 10 11 13 15 16 17 20 21 22 24,kinolab+nicovh
2396,2021-01-22,14,1 2 8 9 10 11 14 15 16 17 18 19 20 22,kinolab+nicovh
2397,2021-01-24,14,1 2 3 4 8 13 14 15 17 18 19 21 22 25,kinolab+nicovh
2398,2021-01-27,14,3 4 5 6 7 8 11 13 16 17 19 22 23 25,kinolab+nicovh
2399,2021-01-29,14,2 3 4 8 10 11 12 14 15 19 20 21 22 23,kinolab+nicovh
2400,2021-01-31,14,1 2 3 4 5 6 8 10 11 13 15 16 19 23,kinolab+nicovh
2401,2021-02-03,14,1 2 5 6 8 10 11 12 15 18 19 21 22 24,kinolab+nicovh
2402,2021-02-05,14,1 2 4 6 7 9 10 11 13 15 17 18 23 24,kinolab+nicovh
2403,2021-02-07,14,1 4 5 8 10 11 14 15 16 19 21 22 23 24,kinolab+nicovh
2404,2021-02-10,14,1 2 3 4 6 9 10 11 13 14 16 18 23 25,kinolab
2405,2021-02-12,14,1 3 6 7 8 9 10 12 14 18 19 22 23 25,kinolab+nicovh
2406,2021-02-14,14,1 2 6 7 8 9 10 11 12 14 20 21 23 25,kinolab+nicovh
2407,2021-02-17,14,1 4 9 10 11 12 15 16 18 20 21 22 24 25,kinolab+nicovh
2408,2021-02-19,14,4 5 10 11 12 14 15 16 17 19 20 22 23 25,kinolab+nicovh
2409,2021-02-21,14,5 6 9 10 11 13 14 16 17 19 22 23 24 25,kinolab+nicovh
2410,2021-02-24,14,1 2 4 7 8 10 13 14 16 17 19 20 21 23,kinolab+nicovh
2411,2021-02-26,14,3 8 9 10 12 13 14 17 18 20 21 23 24 25,kinolab+nicovh
2412,2021-02-28,14,1 2 3 4 6 8 10 16 17 18 21 22 23 25,kinolab+nicovh
2413,2021-03-03,14,1 4 5 6 7 9 12 15 17 18 19 21 23 24,kinolab+nicovh
2414,2021-03-05,14,1 3 4 7 8 10 12 17 19 20 21 22 23 24,kinolab+nicovh
2415,2021-03-07,14,4 5 6 10 11 12 13 16 17 18 21 22 23 24,kinolab+nicovh
2416,2021-03-10,14,1 2 5 6 7 8 9 10 12 13 18 20 23 25,kinolab+nicovh
2417,2021-03-12,14,2 6 8 9 10 11 12 15 16 17 18 19 24 25,kinolab+nicovh
2418,2021-03-14,14,2 3 4 6 9 12 14 15 16 19 21 22 23 24,kinolab+nicovh
2419,2021-03-17,14,1 2 4 5 7 9 10 15 19 20 22 23 24 25,kinolab+nicovh
2420,2021-03-19,14,2 4 6 8 10 12 14 15 17 18 19 21 23 25,kinolab+nicovh
2421,2021-03-21,14,2 3 4 8 9 11 14 15 18 19 20 22 23 24,kinolab+nicovh
2422,2021-03-24,14,1 2 3 4 6 13 15 16 17 18 19 22 24 25,kinolab+nicovh
2423,2021-03-26,14,1 3 4 5 6 7 8 9 10 14 15 21 22 23,kinolab+nicovh
2424,2021-03-28,14,3 5 6 8 9 10 12 16 18 19 21 22 24 25,kinolab+nicovh
2425,2021-03-31,14,2 3 6 7 8 9 11 12 13 15 16 17 19 25,kinolab+nicovh
2426,2021-04-02,14,1 2 3 7 8 9 10 15 16 17 18 19 24 25,kinolab+nicovh
2427,2021-04-04,14,1 3 5 6 7 8 15 18 19 20 21 22 24 25,kinolab+nicovh
2428,2021-04-07,14,2 3 8 9 10 11 12 15 18 19 20 21 23 24,kinolab+nicovh
2429,2021-04-09,14,4 7 8 9 10 13 15 16 17 18 19 21 22 23,kinolab+nicovh
2430,2021-04-11,14,4 6 7 8 10 11 13 15 17 18 19 20 23 25,kinolab+nicovh
2431,2021-04-14,14,3 5 6 7 8 11 12 13 15 17 20 22 23 25,kinolab+nicovh
2432,2021-04-16,14,1 2 3 4 9 10 13 15 16 18 20 23 24 25,kinolab+nicovh
2433,2021-04-18,14,1 4 5 7 8 9 10 13 15 16 17 18 20 21,kinolab+nicovh
2434,2021-04-21,14,3 4 5 8 10 11 13 14 15 18 19 21 23 24,kinolab+nicovh
2435,2021-04-23,14,2 6 8 9 10 11 12 15 17 19 21 22 23 24,kinolab+nicovh
2436,2021-04-25,14,1 6 7 9 11 13 14 17 18 19 20 22 24 25,kinolab+nicovh
2437,2021-04-28,14,1 2 4 5 6 9 12 16 18 19 20 21 23 24,kinolab+nicovh
2438,2021-04-30,14,2 3 7 8 10 11 12 15 16 20 21 22 24 25,kinolab+nicovh
2439,2021-05-02,14,4 10 11 12 13 14 16 17 18 19 20 21 22 24,kinolab+nicovh
2440,2021-05-05,14,1 3 4 6 8 10 12 14 16 19 21 22 24 25,kinolab+nicovh
2441,2021-05-07,14,1 2 4 6 9 10 12 16 17 18 19 21 23 25,kinolab+nicovh
2442,2021-05-09,14,1 2 3 5 9 10 12 14 15 17 18 20 21 25,kinolab+nicovh
2443,2021-05-12,14,1 2 3 5 10 14 15 17 18 19 21 23 24 25,kinolab+nicovh
2444,2021-05-14,14,1 2 3 4 5 8 11 12 16 17 19 20 21 23,kinolab+nicovh
2445,2021-05-16,14,2 3 4 6 7 8 9 10 11 13 15 17 18 19,kinolab+nicovh
2446,2021-05-19,14,2 4 7 8 9 10 11 12 13 15 17 19 23 25,kinolab+nicovh
2447,2021-05-21,14,1 2 4 5 8 10 13 14 15 16 18 19 20 22,kinolab+nicovh
2448,2021-05-23,14,2 3 4 6 8 9 10 11 14 16 17 20 22 23,kinolab+nicovh
2449,2021-05-26,14,2 3 4 5 6 8 14 15 16 17 18 19 21 22,kinolab+nicovh
2450,2021-05-28,14,1 2 3 4 5 7 8 10 11 12 13 20 23 24,kinolab+nicovh
2451,2021-05-30,14,1 2 4 6 7 8 11 13 14 17 18 22 23 24,kinolab+nicovh
2452,2021-06-02,14,2 3 4 5 6 9 10 13 15 17 18 19 20 25,kinolab+nicovh
2453,2021-06-04,14,3 4 5 6 7 10 11 13 17 18 21 22 23 24,kinolab+nicovh
2454,2021-06-06,14,2 4 5 6 7 9 11 12 18 19 20 21 23 24,kinolab+nicovh
2455,2021-06-09,14,6 7 8 11 13 14 15 18 19 20 22 23 24 25,kinolab+nicovh
2456,2021-06-11,14,3 5 8 9 10 12 13 14 15 16 19 23 24 25,kinolab+nicovh
2457,2021-06-13,14,2 5 9 11 12 13 15 18 19 20 21 22 23 25,kinolab+nicovh
2458,2021-06-16,14,1 3 4 6 7 11 12 14 18 19 21 22 23 24,kinolab+nicovh
2459,2021-06-18,14,6 7 9 10 11 12 13 14 15 16 17 19 20 25,kinolab+nicovh
2460,2021-06-20,14,1 3 4 5 6 10 12 14 18 21 22 23 24 25,kinolab+nicovh
2461,2021-06-23,14,1 4 6 8 10 12 15 16 17 18 21 23 24 25,kinolab+nicovh
2462,2021-06-25,14,2 3 4 8 9 10 11 12 19 20 21 23 24 25,kinolab+nicovh
2463,2021-06-27,14,1 3 4 5 8 10 11 14 15 17 21 22 24 25,kinolab+nicovh
2464,2021-06-30,14,1 2 7 11 12 14 15 16 18 20 21 23 24 25,kinolab+nicovh
2465,2021-07-02,14,2 4 5 8 9 11 13 14 16 18 19 20 21 25,kinolab+nicovh
2466,2021-07-04,14,1 4 5 6 7 8 9 15 17 19 21 23 24 25,kinolab+nicovh
2467,2021-07-07,14,2 3 4 6 7 10 14 15 16 19 20 23 24 25,kinolab+nicovh
2468,2021-07-09,14,1 2 4 6 7 8 9 11 14 16 19 21 22 24,kinolab+nicovh
2469,2021-07-11,14,1 5 6 7 8 10 12 14 15 16 17 18 22 24,kinolab+nicovh
2470,2021-07-14,14,1 3 4 6 7 8 9 10 11 12 18 20 23 25,kinolab+nicovh
2471,2021-07-16,14,1 7 8 9 10 12 14 15 16 17 20 21 22 25,kinolab+nicovh
2472,2021-07-18,14,2 3 4 5 10 11 13 14 20 21 22 23 24 25,kinolab+nicovh
2473,2021-07-21,14,1 3 4 5 6 8 9 13 16 18 20 22 23 25,kinolab+nicovh
2474,2021-07-23,14,1 3 5 7 8 9 11 12 15 16 17 19 20 24,kinolab+nicovh
2475,2021-07-25,14,1 2 4 7 8 9 11 12 16 17 19 20 22 24,kinolab+nicovh
2476,2021-07-28,14,1 2 3 4 7 8 9 10 13 14 15 16 22 23,kinolab+nicovh
2477,2021-07-30,14,4 5 6 7 9 11 12 14 15 19 21 23 24 25,kinolab+nicovh
2478,2021-08-01,14,4 5 6 8 9 11 14 15 16 19 20 21 23 25,kinolab+nicovh
2479,2021-08-04,14,1 2 3 5 6 8 9 10 16 18 20 22 24 25,kinolab+nicovh
2480,2021-08-06,14,2 3 4 5 6 7 8 9 10 12 14 15 20 25,kinolab+nicovh
2481,2021-08-08,14,3 4 5 6 7 8 9 10 12 15 19 20 23 24,kinolab+nicovh
2482,2021-08-11,14,1 3 4 5 8 9 12 13 15 19 20 22 23 25,kinolab+nicovh
2483,2021-08-13,14,2 3 4 5 6 9 11 12 15 17 18 19 21 23,kinolab+nicovh
2484,2021-08-15,14,1 3 4 5 7 11 12 13 14 15 16 18 19 25,kinolab+nicovh
2485,2021-08-18,14,1 3 6 7 11 12 15 17 19 20 21 22 24 25,kinolab+nicovh
2486,2021-08-20,14,3 6 7 8 10 11 12 17 18 19 20 21 24 25,kinolab+nicovh
2487,2021-08-22,14,1 4 6 9 10 11 13 15 16 19 20 21 22 24,kinolab+nicovh
2488,2021-08-25,14,2 3 5 7 9 10 13 14 15 16 17 19 21 25,kinolab+nicovh
2489,2021-08-27,14,1 3 4 5 6 7 8 9 10 14 19 20 23 25,kinolab+nicovh
2490,2021-08-29,14,1 2 4 6 10 12 13 16 17 19 21 22 24 25,kinolab+nicovh
2491,2021-09-01,14,1 3 4 8 9 13 15 18 19 20 21 22 24 25,kinolab+nicovh
2492,2021-09-03,14,2 3 5 6 9 11 13 16 17 19 21 22 23 25,kinolab+nicovh
2493,2021-09-05,14,1 2 4 5 6 7 9 10 11 13 14 16 17 20,kinolab+nicovh
2494,2021-09-08,14,1 2 3 5 7 9 15 17 19 20 21 23 24 25,kinolab+nicovh
2495,2021-09-10,14,1 2 3 7 8 10 12 14 16 20 21 23 24 25,kinolab+nicovh
2496,2021-09-12,14,1 3 4 8 9 10 12 14 16 18 21 23 24 25,kinolab+nicovh
2497,2021-09-15,14,1 6 9 12 13 15 16 17 18 19 20 21 23 24,kinolab+nicovh
2498,2021-09-17,14,1 3 6 9 10 11 12 13 16 17 21 22 23 25,kinolab+nicovh
2499,2021-09-19,14,1 3 4 5 6 7 10 13 17 18 19 21 23 25,kinolab+nicovh
2500,2021-09-22,14,1 2 4 7 8 9 13 14 15 18 22 23 24 25,kinolab+nicovh
2501,2021-09-24,14,1 4 5 9 10 11 12 15 19 20 21 23 24 25,kinolab+nicovh
2502,2021-09-26,14,2 4 5 7 8 10 11 12 17 18 20 21 22 23,kinolab+nicovh
2503,2021-09-29,14,1 4 5 7 10 12 14 15 17 18 19 21 23 24,kinolab+nicovh
2504,2021-10-01,14,2 3 4 7 10 12 13 15 17 18 19 22 23 24,kinolab+nicovh
2505,2021-10-03,14,1 2 3 6 8 11 12 13 16 17 18 21 22 23,kinolab+nicovh
2506,2021-10-06,14,2 3 6 8 11 12 13 14 16 17 20 21 23 24,kinolab+nicovh
2507,2021-10-08,14,5 6 8 9 11 12 14 16 17 19 20 22 24 25,kinolab+nicovh
2508,2021-10-10,14,1 6 7 8 10 15 16 17 18 19 22 23 24 25,kinolab+nicovh
2509,2021-10-13,14,1 2 4 5 6 11 13 14 15 16 17 18 21 25,kinolab+nicovh
2510,2021-10-15,14,1 2 4 5 8 9 11 15 16 17 19 21 23 25,kinolab+nicovh
2511,2021-10-17,14,1 3 4 5 6 8 9 10 11 13 15 19 22 25,kinolab+nicovh
2512,2021-10-20,14,1 4 7 9 12 14 17 18 19 20 22 23 24 25,kinolab+nicovh
2513,2021-10-22,14,1 2 3 4 9 12 13 14 18 19 20 21 24 25,kinolab+nicovh
2514,2021-10-24,14,2 4 6 9 10 11 13 16 17 18 19 20 21 24,kinolab+nicovh
2515,2021-10-27,14,1 2 4 7 9 11 12 14 16 17 18 23 24 25,kinolab+nicovh
2516,2021-10-29,14,1 2 4 5 6 7 10 11 12 13 15 17 20 25,kinolab+nicovh
2517,2021-10-31,14,3 9 10 11 12 13 14 16 18 20 21 22 24 25,kinolab+nicovh
2518,2021-11-03,14,1 4 5 7 8 9 11 12 14 17 20 23 24 25,kinolab+nicovh
2519,2021-11-05,14,1 2 4 5 7 8 9 10 11 12 14 18 21 24,kinolab+nicovh
2520,2021-11-07,14,2 5 6 7 8 9 10 12 13 14 15 17 18 20,kinolab+nicovh
2521,2021-11-10,14,1 2 3 4 5 6 7 8 11 16 18 21 24 25,kinolab+nicovh
2522,2021-11-12,14,3 5 6 8 9 12 13 14 16 19 21 23 24 25,kinolab+nicovh
2523,2021-11-14,14,1 2 7 8 10 11 13 14 15 17 21 22 23 25,kinolab+nicovh
2524,2021-11-17,14,2 5 7 9 11 13 15 16 17 18 19 20 22 23,kinolab+nicovh
2525,2021-11-19,14,2 3 5 6 7 9 10 11 12 13 15 18 19 23,kinolab+nicovh
2526,2021-11-21,14,2 4 5 7 9 11 12 16 17 19 20 21 23 25,kinolab+nicovh
2527,2021-11-24,14,1 2 7 8 9 10 11 12 15 17 18 20 23 25,kinolab+nicovh
2528,2021-11-26,14,2 3 5 7 9 10 11 16 17 18 21 22 24 25,kinolab+nicovh
2529,2021-11-28,14,3 7 8 9 10 11 15 16 17 18 19 22 24 25,kinolab+nicovh
2530,2021-12-01,14,2 3 6 7 8 10 12 13 15 18 19 20 22 23,kinolab+nicovh
2531,2021-12-03,14,1 4 5 8 10 12 13 15 17 19 20 21 22 24,kinolab+nicovh
2532,2021-12-05,14,2 4 5 7 8 9 10 12 15 16 20 21 24 25,kinolab+nicovh
2533,2021-12-08,14,1 3 6 9 11 13 15 16 17 19 20 22 24 25,kinolab+nicovh
2534,2021-12-10,14,4 5 6 7 8 10 11 13 16 17 18 21 23 24,kinolab+nicovh
2535,2021-12-12,14,2 4 6 7 8 11 12 15 16 17 18 20 21 23,kinolab+nicovh
2536,2021-12-15,14,1 6 7 10 11 13 15 16 17 18 21 22 23 24,kinolab+nicovh
2537,2021-12-17,14,1 2 4 5 7 8 9 13 14 17 21 22 24 25,kinolab+nicovh
2538,2021-12-19,14,1 6 7 8 10 11 12 14 15 16 19 22 24 25,kinolab+nicovh
2539,2021-12-22,14,1 2 4 5 7 8 11 13 16 19 20 23 24 25,kinolab+nicovh
2540,2021-12-24,14,1 2 4 6 7 8 9 10 12 14 21 22 24 25,kinolab+nicovh
2541,2021-12-26,14,1 2 3 4 7 8 9 11 13 18 19 21 23 24,kinolab+nicovh
2542,2021-12-29,14,2 3 5 6 8 11 15 16 17 18 19 22 23 24,kinolab+nicovh
2543,2021-12-31,14,5 7 9 10 12 13 16 17 18 19 20 21 23 24,kinolab+nicovh
2544,2022-01-02,14,4 5 7 9 11 12 13 15 16 17 20 21 24 25,kinolab+nicovh
2545,2022-01-05,14,3 4 5 7 8 9 10 11 16 18 19 23 24 25,kinolab+nicovh
2546,2022-01-07,14,1 2 3 4 8 10 13 14 16 17 18 22 23 24,kinolab+nicovh
2547,2022-01-09,14,1 2 3 4 5 7 8 9 12 14 18 19 22 25,kinolab+nicovh
2548,2022-01-12,14,2 3 5 6 7 9 10 11 13 16 17 20 21 23,kinolab+nicovh
2549,2022-01-14,14,1 3 4 5 7 8 9 11 14 15 17 20 23 25,kinolab+nicovh
2550,2022-01-16,14,3 5 7 8 10 14 16 18 19 20 22 23 24 25,kinolab+nicovh
2551,2022-01-19,14,1 2 4 7 10 14 15 16 18 19 21 23 24 25,kinolab+nicovh
2552,2022-01-21,14,2 5 6 9 12 13 15 16 19 20 21 23 24 25,kinolab+nicovh
2553,2022-01-23,14,1 3 4 7 8 10 11 12 15 17 18 21 22 24,kinolab+nicovh
2554,2022-01-26,14,1 2 3 6 9 10 15 16 17 18 20 21 23 25,kinolab+nicovh
2555,2022-01-28,14,1 3 5 6 8 9 10 11 12 15 18 19 22 25,kinolab+nicovh
2556,2022-01-30,14,5 6 7 9 10 11 12 13 14 16 17 20 23 24,kinolab+nicovh
2557,2022-02-02,14,2 3 5 7 10 11 12 13 14 17 20 21 23 24,kinolab+nicovh
2558,2022-02-04,14,1 4 7 9 10 11 13 14 16 19 21 23 24 25,kinolab+nicovh
2559,2022-02-06,14,1 2 5 11 12 13 14 15 17 18 20 21 23 24,kinolab+nicovh
2560,2022-02-09,14,1 2 3 5 6 10 11 16 17 18 20 21 22 25,kinolab+nicovh
2561,2022-02-11,14,1 4 5 7 11 12 13 15 16 17 21 23 24 25,kinolab+nicovh
2562,2022-02-13,14,2 5 6 7 9 10 13 15 17 18 20 21 23 24,kinolab+nicovh
2563,2022-02-16,14,4 6 8 9 11 14 15 16 19 20 22 23 24 25,kinolab+nicovh
2564,2022-02-18,14,3 4 6 7 9 10 14 15 16 20 21 22 24 25,kinolab+nicovh
2565,2022-02-20,14,1 2 3 4 5 9 12 14 15 16 20 21 22 23,kinolab+nicovh
2566,2022-02-23,14,1 2 3 4 6 7 9 11 14 15 18 21 23 25,kinolab+nicovh
2567,2022-02-25,14,1 2 3 4 7 8 9 10 12 13 16 18 20 22,kinolab+nicovh
2568,2022-02-27,14,3 4 5 6 7 9 10 11 13 18 22 23 24 25,kinolab+nicovh
2569,2022-03-02,14,1 2 5 7 8 12 15 16 17 19 20 22 24 25,kinolab+nicovh
2570,2022-03-04,14,2 3 4 5 7 8 11 12 13 19 20 21 23 24,kinolab+nicovh
2571,2022-03-06,14,1 2 6 7 8 9 10 15 17 19 22 23 24 25,kinolab+nicovh
2572,2022-03-09,14,1 3 5 12 13 14 15 17 18 19 20 22 23 24,kinolab+nicovh
2573,2022-03-11,14,1 2 3 4 5 7 9 10 12 13 19 20 22 24,kinolab+nicovh
2574,2022-03-13,14,5 6 9 11 12 13 14 17 19 20 21 22 24 25,kinolab+nicovh
2575,2022-03-16,14,2 3 4 5 6 7 8 11 13 14 17 19 23 25,kinolab+nicovh
2576,2022-03-18,14,3 4 5 7 8 12 14 15 17 18 19 20 22 24,kinolab+nicovh
2577,2022-03-20,14,1 2 4 5 6 7 11 12 13 14 15 17 22 25,kinolab+nicovh
2578,2022-03-23,14,1 2 3 4 6 7 9 11 13 14 16 20 22 25,kinolab+nicovh
2579,2022-03-25,14,1 3 4 6 9 10 11 13 15 20 21 22 23 24,kinolab+nicovh
2580,2022-03-27,14,1 3 4 6 9 10 11 13 14 15 17 21 22 23,kinolab+nicovh
2581,2022-03-30,14,1 2 3 4 6 7 9 10 12 14 15 17 20 22,kinolab+nicovh
2582,2022-04-01,14,2 5 6 7 9 10 12 14 15 18 19 20 21 22,kinolab+nicovh
2583,2022-04-03,14,3 6 7 9 10 12 14 15 17 19 21 22 24 25,kinolab+nicovh
2584,2022-04-06,14,1 2 7 8 9 10 12 13 14 15 16 17 19 23,kinolab+nicovh
2585,2022-04-08,14,2 5 7 8 9 10 17 18 19 20 21 22 24 25,kinolab+nicovh
2586,2022-04-10,14,2 4 5 6 7 8 9 10 15 16 18 21 22 25,kinolab+nicovh
2587,2022-04-13,14,2 3 5 7 8 10 11 16 17 18 20 21 23 24,kinolab+nicovh
2588,2022-04-15,14,1 2 4 6 9 10 11 12 17 18 19 20 23 24,kinolab+nicovh
2589,2022-04-17,14,1 8 9 10 11 12 14 15 16 17 19 20 24 25,kinolab+nicovh
2590,2022-04-20,14,2 3 5 6 7 8 9 10 13 16 18 21 22 23,kinolab+nicovh
2591,2022-04-22,14,1 3 4 7 8 11 12 14 15 16 17 18 20 22,kinolab+nicovh
2592,2022-04-24,14,3 7 9 11 12 15 16 17 19 20 21 23 24 25,kinolab+nicovh
2593,2022-04-27,14,2 5 7 8 9 11 12 13 14 15 19 20 22 23,kinolab+nicovh
2594,2022-04-29,14,1 4 5 7 8 12 13 14 15 17 18 21 23 25,kinolab+nicovh
2595,2022-05-01,14,1 4 5 8 10 11 12 13 18 20 22 23 24 25,kinolab+nicovh
2596,2022-05-04,14,1 2 5 6 7 8 10 11 12 16 20 21 22 24,kinolab+nicovh
2597,2022-05-06,14,1 2 3 4 5 6 7 8 13 14 17 18 19 23,kinolab+nicovh
2598,2022-05-08,14,3 4 5 7 8 10 12 15 16 17 19 22 23 25,kinolab+nicovh
2599,2022-05-11,14,1 4 5 6 9 10 12 13 14 15 17 18 21 22,kinolab+nicovh
2600,2022-05-13,14,3 5 6 7 8 10 12 13 14 17 18 19 23 24,kinolab+nicovh
2601,2022-05-15,14,1 2 5 8 9 10 11 12 17 18 19 21 22 25,kinolab+nicovh
2602,2022-05-18,14,1 2 3 4 7 9 12 15 17 19 21 22 23 25,kinolab+nicovh
2603,2022-05-20,14,2 4 5 6 7 8 11 12 14 16 18 21 23 24,kinolab+nicovh
2604,2022-05-22,14,1 2 4 6 7 8 10 11 12 13 16 21 22 24,kinolab+nicovh
2605,2022-05-25,14,1 2 4 6 7 8 10 11 13 14 16 19 21 25,kinolab+nicovh
2606,2022-05-27,14,2 3 4 5 6 7 8 9 10 11 12 18 19 24,kinolab+nicovh
2607,2022-05-29,14,1 2 3 4 7 8 9 11 14 15 19 20 22 25,kinolab+nicovh
2608,2022-06-01,14,1 4 7 8 10 12 13 15 17 18 19 20 21 24,kinolab+nicovh
2609,2022-06-03,14,2 3 4 5 6 10 11 12 13 16 17 18 20 21,kinolab+nicovh
2610,2022-06-05,14,4 6 7 10 12 13 15 16 19 20 21 23 24 25,kinolab+nicovh
2611,2022-06-08,14,1 2 3 6 8 9 12 14 15 16 17 18 23 24,kinolab+nicovh
2612,2022-06-10,14,1 3 5 8 11 12 13 16 17 19 21 22 23 25,kinolab+nicovh
2613,2022-06-12,14,1 4 5 6 7 8 11 12 13 16 17 19 20 22,kinolab+nicovh
2614,2022-06-15,14,1 3 4 5 9 12 13 14 15 17 18 19 20 23,kinolab+nicovh
2615,2022-06-17,14,1 4 6 9 12 13 14 16 18 19 20 21 23 25,kinolab+nicovh
2616,2022-06-19,14,3 5 8 9 11 12 13 14 15 17 18 21 22 25,kinolab+nicovh
2617,2022-06-22,14,3 4 5 9 12 13 15 18 19 20 21 22 23 24,kinolab+nicovh
2618,2022-06-24,14,1 5 6 10 11 12 13 14 15 16 18 19 20 25,kinolab+nicovh
2619,2022-06-26,14,1 2 3 4 7 8 12 15 18 19 20 23 24 25,kinolab+nicovh
2620,2022-06-29,14,1 3 4 5 6 7 8 9 10 16 18 20 22 25,kinolab+nicovh
2621,2022-07-01,14,2 4 8 9 10 15 17 18 19 21 22 23 24 25,kinolab+nicovh
2622,2022-07-03,14,1 3 4 8 11 14 15 16 18 19 20 23 24 25,kinolab+nicovh
2623,2022-07-06,14,1 2 4 6 7 10 11 14 15 19 20 23 24 25,kinolab+nicovh
2624,2022-07-08,14,1 2 4 8 9 10 12 14 15 16 20 22 23 25,kinolab+nicovh
2625,2022-07-10,14,1 3 6 7 9 11 12 13 14 15 16 18 22 23,kinolab+nicovh
2626,2022-07-13,14,1 5 6 7 8 11 14 15 16 17 18 19 24 25,kinolab+nicovh
2627,2022-07-15,14,1 3 4 5 6 8 9 12 13 17 18 22 23 25,kinolab+nicovh
2628,2022-07-17,14,2 3 5 6 7 8 11 13 14 17 18 20 21 24,kinolab+nicovh
2629,2022-07-20,14,1 5 9 10 11 12 13 14 15 17 19 20 22 25,kinolab+nicovh
2630,2022-07-22,14,2 3 4 5 6 8 9 10 11 13 16 18 22 24,kinolab+nicovh
2631,2022-07-24,14,1 2 3 4 5 8 10 13 14 20 21 23 24 25,kinolab+nicovh
2632,2022-07-27,14,2 9 10 13 14 16 17 18 19 20 21 22 23 24,kinolab+nicovh
2633,2022-07-29,14,2 4 5 8 10 11 12 13 17 19 21 22 23 24,kinolab+nicovh
2634,2022-07-31,14,1 2 3 5 7 10 13 15 18 19 20 21 23 24,kinolab+nicovh
2635,2022-08-03,14,1 2 3 4 5 6 8 10 11 13 14 21 23 25,kinolab+nicovh
2636,2022-08-05,14,4 5 9 10 11 12 13 14 15 16 18 19 24 25,kinolab+nicovh
2637,2022-08-07,14,1 3 5 6 7 8 9 11 12 14 15 18 19 20,kinolab+nicovh
2638,2022-08-10,14,1 3 4 5 6 10 11 12 13 16 19 21 23 24,kinolab+nicovh
2639,2022-08-12,14,4 5 6 9 11 12 13 15 16 17 18 21 23 25,kinolab+nicovh
2640,2022-08-14,14,4 7 8 9 10 11 12 15 16 17 18 21 24 25,kinolab+nicovh
2641,2022-08-17,14,2 3 7 9 10 12 14 16 17 19 20 21 24 25,kinolab+nicovh
2642,2022-08-19,14,1 4 5 6 8 9 10 12 14 15 17 18 20 22,kinolab+nicovh
2643,2022-08-21,14,1 3 5 6 8 9 10 12 13 14 17 21 23 24,kinolab+nicovh
2644,2022-08-24,14,2 5 8 9 10 11 13 15 16 18 19 20 23 25,kinolab+nicovh
2645,2022-08-26,14,2 3 6 8 12 13 17 18 19 20 21 22 24 25,kinolab+nicovh
2646,2022-08-28,14,2 4 6 12 13 14 16 17 18 19 20 21 23 24,kinolab+nicovh
2647,2022-08-31,14,1 3 8 10 11 13 14 19 20 21 22 23 24 25,kinolab+nicovh
2648,2022-09-02,14,1 4 5 9 10 11 14 16 17 19 20 21 23 24,kinolab+nicovh
2649,2022-09-04,14,6 8 9 11 12 13 14 17 18 19 21 22 23 24,kinolab+nicovh
2650,2022-09-07,14,2 3 5 7 8 9 12 14 17 18 21 22 23 24,kinolab+nicovh
2651,2022-09-09,14,1 2 3 5 7 8 9 10 11 12 13 20 21 24,kinolab+nicovh
2652,2022-09-11,14,1 4 5 8 9 10 12 14 15 19 20 22 23 24,kinolab+nicovh
2653,2022-09-14,14,2 5 6 8 9 10 11 13 15 16 17 18 19 24,kinolab+nicovh
2654,2022-09-16,14,1 2 4 5 7 9 10 11 12 13 16 17 18 25,kinolab+nicovh
2655,2022-09-18,14,1 3 5 6 7 8 9 10 12 13 15 16 20 22,kinolab+nicovh
2656,2022-09-21,14,1 2 3 4 11 14 15 17 18 20 22 23 24 25,kinolab+nicovh
2657,2022-09-23,14,1 2 6 7 8 9 10 11 12 13 16 18 19 21,kinolab+nicovh
2658,2022-09-25,14,4 8 9 10 11 12 13 15 17 18 19 22 23 25,kinolab+nicovh
2659,2022-09-28,14,1 2 4 6 7 11 12 13 15 16 21 22 23 25,kinolab+nicovh
2660,2022-09-30,14,5 7 9 10 13 15 16 17 19 20 21 22 23 24,kinolab+nicovh
2661,2022-10-02,14,1 3 4 6 7 10 11 13 14 16 18 19 20 25,kinolab+nicovh
2662,2022-10-05,14,1 3 5 6 7 8 10 11 12 16 17 19 20 24,kinolab+nicovh
2663,2022-10-07,14,1 2 4 6 9 12 14 16 18 19 21 22 23 24,kinolab+nicovh
2664,2022-10-09,14,1 2 3 5 9 10 12 16 18 19 20 21 24 25,kinolab+nicovh
2665,2022-10-12,14,1 2 3 4 7 10 11 12 15 17 20 22 23 25,kinolab+nicovh
2666,2022-10-14,14,1 2 5 7 8 9 11 12 13 16 19 21 24 25,kinolab+nicovh
2667,2022-10-16,14,2 4 6 7 10 11 13 17 18 19 21 22 24 25,kinolab+nicovh
2668,2022-10-19,14,1 3 4 5 6 9 10 11 14 17 18 20 21 25,kinolab+nicovh
2669,2022-10-21,14,2 4 6 7 8 10 11 12 16 18 20 22 24 25,kinolab+nicovh
2670,2022-10-23,14,1 2 3 4 8 11 12 13 16 17 18 21 23 25,kinolab+nicovh
2671,2022-10-26,14,1 3 4 5 6 7 11 12 13 14 18 19 20 21,kinolab+nicovh
2672,2022-10-28,14,2 5 6 8 10 11 12 13 15 16 18 19 20 22,kinolab+nicovh
2673,2022-10-30,14,1 2 4 7 8 10 13 17 19 20 21 22 23 24,kinolab+nicovh
2674,2022-11-02,14,2 4 5 6 9 12 13 16 17 19 21 22 23 25,kinolab+nicovh
2675,2022-11-04,14,1 3 5 6 12 13 14 15 16 18 19 22 24 25,kinolab+nicovh
2676,2022-11-06,14,2 3 7 8 11 12 13 14 15 17 21 22 23 25,kinolab+nicovh
2677,2022-11-09,14,2 4 9 11 13 14 15 17 18 19 20 21 23 24,kinolab+nicovh
2678,2022-11-11,14,1 4 5 7 9 13 14 16 17 19 21 22 24 25,kinolab+nicovh
2679,2022-11-13,14,1 2 4 5 6 7 9 10 12 14 18 20 21 24,kinolab+nicovh
2680,2022-11-16,14,1 2 3 6 8 10 12 13 15 16 17 23 24 25,kinolab+nicovh
2681,2022-11-18,14,2 4 5 10 11 13 14 15 18 20 22 23 24 25,kinolab+nicovh
2682,2022-11-20,14,2 5 7 8 9 10 13 15 16 17 18 23 24 25,kinolab+nicovh
2683,2022-11-23,14,1 2 3 5 7 8 9 10 12 16 19 20 22 24,kinolab+nicovh
2684,2022-11-25,14,2 6 8 9 10 12 13 14 15 17 18 21 22 23,kinolab+nicovh
2685,2022-11-27,14,4 7 8 9 12 14 15 16 17 18 21 22 23 24,kinolab+nicovh
2686,2022-11-30,14,2 3 4 5 9 10 11 13 14 15 19 20 21 24,kinolab+nicovh
2687,2022-12-02,14,1 2 3 4 5 6 8 9 10 13 16 18 21 25,kinolab+nicovh
2688,2022-12-04,14,2 3 4 6 9 11 14 16 17 18 19 23 24 25,kinolab+nicovh
2689,2022-12-07,14,1 3 4 7 10 14 15 16 18 19 20 21 22 23,kinolab+nicovh
2690,2022-12-09,14,2 4 5 7 8 9 10 12 13 14 15 17 18 21,kinolab+nicovh
2691,2022-12-11,14,2 5 7 9 12 13 15 16 17 20 21 22 23 25,kinolab+nicovh
2692,2022-12-14,14,1 2 4 6 7 8 9 12 15 16 17 18 23 25,kinolab+nicovh
2693,2022-12-16,14,1 2 5 9 12 15 16 17 18 19 20 22 23 24,kinolab+nicovh
2694,2022-12-18,14,3 6 7 9 10 11 12 13 16 18 19 21 22 24,kinolab+nicovh
2695,2022-12-21,14,1 2 5 9 13 14 15 16 17 18 20 22 23 25,kinolab+nicovh
2696,2022-12-23,14,3 5 6 7 8 10 11 12 13 16 19 21 22 24,kinolab+nicovh
2697,2022-12-25,14,1 2 3 6 10 11 13 14 15 16 17 19 22 23,kinolab+nicovh
2698,2022-12-28,14,2 4 5 8 10 11 12 13 17 18 19 22 23 25,kinolab+nicovh
2699,2022-12-30,14,2 3 4 5 7 10 11 14 15 18 19 20 21 23,kinolab+nicovh
2700,2023-01-01,14,1 2 3 4 5 6 9 11 13 18 19 22 24 25,kinolab+nicovh
2701,2023-01-04,14,1 3 4 6 7 9 12 14 15 17 19 20 22 23,kinolab+nicovh
2702,2023-01-06,14,2 3 4 6 7 8 11 12 15 16 20 22 23 24,kinolab+nicovh
2703,2023-01-08,14,6 8 9 10 12 13 16 17 18 19 20 22 24 25,kinolab+nicovh
2704,2023-01-11,14,3 4 5 7 8 11 12 15 16 19 20 21 22 24,kinolab+nicovh
2705,2023-01-13,14,1 2 7 8 11 12 13 19 20 21 22 23 24 25,kinolab+nicovh
2706,2023-01-15,14,2 5 7 8 9 10 11 12 13 14 16 19 20 24,kinolab+nicovh
2707,2023-01-18,14,1 4 5 6 7 8 10 11 15 18 21 22 23 24,kinolab+nicovh
2708,2023-01-20,14,3 5 7 8 9 10 11 12 15 17 18 19 20 25,kinolab+nicovh
2709,2023-01-22,14,1 2 6 8 9 10 11 12 15 17 18 19 22 23,kinolab+nicovh
2710,2023-01-25,14,2 3 5 7 8 9 10 15 17 19 20 22 23 25,kinolab+nicovh
2711,2023-01-27,14,1 3 5 10 11 14 15 16 17 19 20 22 23 24,kinolab+nicovh
2712,2023-01-29,14,1 3 5 9 10 11 13 14 15 16 17 19 20 25,kinolab+nicovh
2713,2023-02-01,14,1 3 4 5 6 8 9 10 12 14 15 16 18 22,kinolab+nicovh
2714,2023-02-03,14,1 3 5 7 8 10 11 12 14 16 17 21 22 24,kinolab+nicovh
2715,2023-02-05,14,1 4 5 6 9 10 13 16 17 19 20 22 24 25,kinolab+nicovh
2716,2023-02-08,14,1 4 5 6 8 9 10 12 13 14 15 16 17 19,kinolab+nicovh
2717,2023-02-10,14,2 3 4 6 7 12 13 14 16 17 20 21 22 25,kinolab+nicovh
2718,2023-02-12,14,2 3 4 6 7 8 9 12 13 14 17 21 24 25,kinolab+nicovh
2719,2023-02-15,14,1 2 4 5 6 8 11 13 14 19 20 21 24 25,kinolab+nicovh
2720,2023-02-17,14,1 2 3 6 9 10 12 13 15 18 19 22 23 25,kinolab+nicovh
2721,2023-02-19,14,2 4 5 7 9 10 12 13 15 17 19 21 22 24,kinolab+nicovh
2722,2023-02-22,14,3 6 7 8 11 12 13 14 19 20 22 23 24 25,kinolab+nicovh
2723,2023-02-24,14,1 2 3 4 6 7 12 14 16 17 18 21 24 25,kinolab+nicovh
2724,2023-02-26,14,1 2 4 5 6 7 10 13 14 15 16 19 22 25,kinolab+nicovh
2725,2023-03-01,14,1 3 5 6 8 10 11 13 14 17 18 20 22 23,kinolab+nicovh
2726,2023-03-03,14,1 4 5 6 8 9 10 11 13 16 18 20 24 25,kinolab+nicovh
2727,2023-03-05,14,1 3 4 7 8 9 10 12 16 17 18 19 20 25,kinolab+nicovh
2728,2023-03-08,14,3 6 7 9 10 12 13 15 17 18 19 20 22 24,kinolab+nicovh
2729,2023-03-10,14,1 2 3 6 9 10 12 13 14 16 19 20 21 25,kinolab+nicovh
2730,2023-03-12,14,3 7 11 12 13 14 15 16 17 18 19 22 24 25,kinolab+nicovh
2731,2023-03-15,14,1 6 9 10 11 13 14 16 18 19 22 23 24 25,kinolab+nicovh
2732,2023-03-17,14,5 6 9 11 14 15 16 17 18 20 21 22 23 24,kinolab+nicovh
2733,2023-03-19,14,4 7 8 9 10 11 12 14 15 18 19 20 24 25,kinolab+nicovh
2734,2023-03-22,14,2 3 4 7 11 13 14 15 16 20 21 22 23 24,kinolab+nicovh
2735,2023-03-24,14,4 7 8 9 10 14 15 16 17 19 20 21 22 23,kinolab+nicovh
2736,2023-03-26,14,6 7 8 10 12 13 14 15 16 17 18 19 23 24,kinolab+nicovh
2737,2023-03-29,14,1 2 3 4 5 6 9 10 11 14 15 16 19 25,kinolab+nicovh
2738,2023-03-31,14,1 2 5 6 7 11 12 13 14 15 16 19 20 25,kinolab+nicovh
2739,2023-04-02,14,3 4 6 7 8 9 11 13 14 16 18 19 23 24,kinolab+nicovh
2740,2023-04-05,14,1 6 7 8 9 11 14 15 18 19 20 21 24 25,kinolab+nicovh
2741,2023-04-07,14,1 2 7 8 10 11 13 16 17 18 20 21 22 25,kinolab+nicovh
2742,2023-04-09,14,1 2 3 4 5 6 7 9 11 12 14 17 20 25,kinolab+nicovh
2743,2023-04-12,14,1 4 5 10 11 12 14 16 17 18 20 23 24 25,kinolab+nicovh
2744,2023-04-14,14,3 4 6 8 11 12 15 18 20 21 22 23 24 25,kinolab+nicovh
2745,2023-04-16,14,1 2 3 4 8 9 11 12 16 17 19 22 24 25,kinolab+nicovh
2746,2023-04-19,14,1 2 3 5 6 7 10 14 15 17 20 22 24 25,kinolab+nicovh
2747,2023-04-21,14,3 4 6 8 9 11 12 13 14 15 18 19 22 25,kinolab+nicovh
2748,2023-04-23,14,1 3 7 8 9 12 13 16 17 18 21 22 23 25,kinolab+nicovh
2749,2023-04-26,14,4 5 7 8 10 14 15 16 18 20 22 23 24 25,kinolab+nicovh
2750,2023-04-28,14,1 4 5 7 10 11 14 15 17 18 19 20 22 25,kinolab+nicovh
2751,2023-04-30,14,1 2 6 8 9 10 12 14 15 17 18 23 24 25,kinolab+nicovh
2752,2023-05-03,14,1 2 4 5 6 8 9 10 11 14 16 18 20 21,kinolab+nicovh
2753,2023-05-05,14,1 4 6 8 9 10 12 13 16 18 20 21 23 25,kinolab+nicovh
2754,2023-05-07,14,2 3 5 7 8 10 17 18 19 21 22 23 24 25,kinolab+nicovh
2755,2023-05-10,14,2 3 5 6 9 10 11 13 15 16 20 22 23 24,kinolab+nicovh
2756,2023-05-12,14,1 4 6 7 8 11 12 15 16 17 21 23 24 25,kinolab+nicovh
2757,2023-05-14,14,2 4 5 8 9 10 11 13 15 17 18 19 23 25,kinolab+nicovh
2758,2023-05-17,14,1 3 4 5 6 8 9 10 11 12 16 20 21 25,kinolab+nicovh
2759,2023-05-19,14,1 2 3 5 9 11 12 13 14 16 19 20 21 24,kinolab+nicovh
2760,2023-05-21,14,2 3 4 5 7 13 15 16 17 18 19 20 22 24,kinolab+nicovh
2761,2023-05-24,14,1 3 6 8 11 12 13 15 16 19 20 23 24 25,kinolab+nicovh
2762,2023-05-26,14,1 2 3 4 6 8 9 14 15 17 19 20 21 23,kinolab+nicovh
2763,2023-05-28,14,2 3 5 9 10 11 12 13 14 15 16 17 18 20,kinolab+nicovh
2764,2023-05-31,14,2 4 7 10 12 14 16 17 18 19 22 23 24 25,kinolab+nicovh
2765,2023-06-02,14,5 8 9 10 12 13 14 15 17 21 22 23 24 25,kinolab+nicovh
2766,2023-06-04,14,1 5 7 9 10 11 12 16 17 18 19 22 23 25,kinolab+nicovh
2767,2023-06-07,14,2 3 4 5 6 10 14 16 17 18 19 20 22 23,kinolab+nicovh
2768,2023-06-09,14,3 4 5 7 8 9 10 11 15 17 22 23 24 25,kinolab+nicovh
2769,2023-06-11,14,1 4 6 8 9 10 12 15 16 18 22 23 24 25,kinolab+nicovh
2770,2023-06-14,14,2 4 5 6 8 9 11 13 14 15 18 20 21 22,kinolab+nicovh
2771,2023-06-16,14,2 3 4 5 8 9 10 11 12 14 20 21 22 23,kinolab+nicovh
2772,2023-06-18,14,5 6 7 10 12 13 14 15 16 18 19 22 24 25,kinolab+nicovh
2773,2023-06-21,14,1 2 5 7 10 11 12 13 14 16 19 21 23 25,kinolab+nicovh
2774,2023-06-23,14,2 3 5 6 7 13 14 18 19 21 22 23 24 25,kinolab+nicovh
2775,2023-06-25,14,1 2 3 5 10 11 13 15 16 17 18 20 22 24,kinolab+nicovh
2776,2023-06-28,14,1 2 3 9 11 13 14 16 18 20 21 22 23 24,kinolab+nicovh
2777,2023-06-30,14,2 3 5 7 9 11 12 13 14 15 17 18 24 25,kinolab+nicovh
2778,2023-07-02,14,1 3 4 5 6 8 10 11 12 13 14 15 19 23,kinolab+nicovh
2779,2023-07-05,14,3 5 8 9 10 12 13 14 15 18 19 20 22 25,kinolab+nicovh
2780,2023-07-07,14,2 3 4 5 9 11 12 15 16 18 19 21 22 23,kinolab+nicovh
2781,2023-07-09,14,1 2 5 7 13 14 15 16 17 19 21 22 23 24,kinolab+nicovh
2782,2023-07-12,14,1 2 3 4 5 7 8 14 15 16 17 18 22 24,kinolab+nicovh
2783,2023-07-14,14,1 3 5 7 8 9 13 14 17 18 19 21 24 25,kinolab+nicovh
2784,2023-07-16,14,1 2 3 4 6 7 9 11 13 15 17 18 19 22,kinolab+nicovh
2785,2023-07-19,14,1 3 5 6 7 8 9 11 13 15 17 18 21 22,kinolab+nicovh
2786,2023-07-21,14,1 4 5 9 10 11 13 14 17 18 19 21 23 24,kinolab+nicovh
2787,2023-07-23,14,1 3 6 7 8 9 11 12 14 15 17 19 21 22,kinolab+nicovh
2788,2023-07-26,14,2 5 9 10 11 12 13 14 16 17 20 22 24 25,kinolab+nicovh
2789,2023-07-28,14,1 3 4 7 8 11 13 14 16 17 19 20 21 23,kinolab+nicovh
2790,2023-07-30,14,1 2 7 10 11 12 13 14 15 16 17 19 24 25,kinolab+nicovh
2791,2023-08-02,14,1 2 4 5 7 9 11 13 14 17 18 20 22 24,kinolab+nicovh
2792,2023-08-04,14,1 3 4 5 6 8 12 13 14 17 18 19 21 25,kinolab+nicovh
2793,2023-08-06,14,4 6 8 9 12 14 15 16 17 18 19 20 22 23,kinolab+nicovh
2794,2023-08-09,14,3 4 5 6 9 10 11 14 15 16 18 20 21 23,kinolab+nicovh
2795,2023-08-11,14,2 3 4 5 6 9 13 14 16 17 20 22 23 24,kinolab+nicovh
2796,2023-08-13,14,2 3 5 6 8 10 11 12 16 17 20 21 23 24,kinolab+nicovh
2797,2023-08-16,14,1 2 4 5 8 9 10 11 13 15 17 21 23 25,kinolab+nicovh
2798,2023-08-18,14,5 6 8 11 14 15 16 17 18 19 20 21 22 23,kinolab+nicovh
2799,2023-08-20,14,1 2 3 5 9 11 12 13 14 18 20 22 23 24,kinolab+nicovh
2800,2023-08-23,14,1 2 3 4 5 6 7 8 9 12 13 15 17 18,kinolab+nicovh
2801,2023-08-25,14,1 3 4 5 6 10 11 15 16 19 20 23 24 25,kinolab+nicovh
2802,2023-08-27,14,1 2 4 5 7 10 11 12 15 17 19 23 24 25,kinolab+nicovh
2803,2023-08-30,14,3 5 8 10 12 13 14 15 16 18 19 23 24 25,kinolab+nicovh
2804,2023-09-01,14,1 2 4 5 6 8 9 10 11 14 15 16 20 25,kinolab+nicovh
2805,2023-09-03,14,1 2 3 4 6 7 8 12 13 14 15 20 21 25,kinolab+nicovh
2806,2023-09-06,14,1 3 4 5 7 8 9 13 15 18 19 21 22 23,kinolab+nicovh
2807,2023-09-08,14,1 2 3 5 9 10 11 12 14 19 20 22 23 25,kinolab+nicovh
2808,2023-09-10,14,1 2 3 5 7 10 11 13 14 16 18 20 21 22,kinolab+nicovh
2809,2023-09-13,14,1 2 4 7 8 9 10 11 14 15 16 20 24 25,kinolab+nicovh
2810,2023-09-15,14,3 6 7 8 9 11 12 14 15 17 18 20 23 25,kinolab+nicovh
2811,2023-09-17,14,1 4 5 6 10 12 13 15 17 18 19 20 21 24,kinolab+nicovh
2812,2023-09-20,14,2 4 5 6 8 10 11 12 13 16 17 18 19 20,kinolab+nicovh
2813,2023-09-22,14,1 3 4 6 7 10 13 14 15 16 17 18 23 25,kinolab+nicovh
2814,2023-09-24,14,1 2 3 4 6 8 9 10 12 13 15 21 23 25,kinolab+nicovh
2815,2023-09-27,14,3 4 5 6 7 10 16 17 18 20 21 22 23 25,kinolab+nicovh
2816,2023-09-29,14,2 3 5 6 13 16 17 18 20 21 22 23 24 25,kinolab+nicovh
2817,2023-10-01,14,1 3 5 6 8 9 12 15 16 19 20 22 24 25,kinolab+nicovh
2818,2023-10-04,14,1 6 7 9 12 13 14 15 16 17 19 23 24 25,kinolab+nicovh
2819,2023-10-06,14,1 2 3 6 7 14 15 16 17 18 21 22 24 25,kinolab+nicovh
2820,2023-10-08,14,2 3 5 6 9 11 12 13 14 17 18 20 22 25,kinolab+nicovh
2821,2023-10-11,14,1 5 6 7 8 9 11 17 19 20 21 22 24 25,kinolab+nicovh
2822,2023-10-13,14,1 2 3 5 8 10 12 14 16 18 21 23 24 25,kinolab+nicovh
2823,2023-10-15,14,1 2 4 5 6 11 12 13 14 15 16 17 19 23,kinolab+nicovh
2824,2023-10-18,14,1 4 5 6 7 8 12 13 15 17 19 20 21 24,kinolab+nicovh
2825,2023-10-20,14,1 2 3 4 5 8 9 10 13 14 15 16 23 25,kinolab+nicovh
2826,2023-10-22,14,1 3 5 6 8 10 12 14 15 17 18 21 23 25,kinolab+nicovh
2827,2023-10-25,14,2 3 4 7 9 11 12 13 14 20 21 22 24 25,kinolab+nicovh
2828,2023-10-27,14,1 3 5 6 8 13 16 17 18 19 20 22 23 25,kinolab+nicovh
2829,2023-10-29,14,3 4 5 7 10 11 12 14 15 17 19 20 24 25,kinolab+nicovh
2830,2023-11-01,14,1 3 4 5 6 8 10 11 14 17 19 20 21 23,kinolab+nicovh
2831,2023-11-03,14,2 3 4 6 7 11 13 15 16 17 18 19 24 25,kinolab+nicovh
2832,2023-11-05,14,1 2 3 4 5 7 8 11 16 17 19 20 22 24,kinolab+nicovh
2833,2023-11-08,14,1 3 5 6 8 10 13 14 15 16 17 18 20 22,kinolab+nicovh
2834,2023-11-10,14,4 5 6 9 10 12 13 15 16 17 19 20 23 24,kinolab+nicovh
2835,2023-11-12,14,3 6 7 8 12 13 14 16 18 19 20 21 23 25,kinolab+nicovh
2836,2023-11-15,14,2 3 5 6 8 9 11 14 16 17 18 20 24 25,kinolab+nicovh
2837,2023-11-17,14,1 3 5 6 9 10 11 12 13 15 16 17 18 23,kinolab+nicovh
2838,2023-11-19,14,1 4 5 6 7 9 11 12 13 15 16 17 18 19,kinolab+nicovh
2839,2023-11-22,14,1 2 4 10 11 12 15 16 17 19 22 23 24 25,kinolab+nicovh
2840,2023-11-24,14,2 5 6 7 8 11 12 13 15 16 18 19 21 25,kinolab+nicovh
2841,2023-11-26,14,2 3 4 5 6 7 8 10 15 17 18 19 22 25,kinolab+nicovh
2842,2023-11-29,14,4 5 7 9 12 13 15 16 17 18 19 20 21 22,kinolab+nicovh
2843,2023-12-01,14,3 4 7 9 10 12 15 16 17 19 22 23 24 25,kinolab+nicovh
2844,2023-12-03,14,4 5 7 8 9 10 12 13 14 15 17 20 21 24,kinolab+nicovh
2845,2023-12-06,14,1 2 3 4 6 8 9 10 15 19 20 21 24 25,kinolab+nicovh
2846,2023-12-08,14,2 5 6 7 10 11 12 13 14 15 16 18 21 23,kinolab+nicovh
2847,2023-12-10,14,3 4 5 6 7 9 10 14 17 20 21 23 24 25,kinolab+nicovh
2848,2023-12-13,14,1 3 4 6 8 9 12 14 15 16 17 19 24 25,kinolab+nicovh
2849,2023-12-15,14,5 6 9 10 13 15 17 18 19 21 22 23 24 25,kinolab+nicovh
2850,2023-12-17,14,1 5 6 9 10 12 13 14 18 19 20 23 24 25,kinolab+nicovh
2851,2023-12-20,14,4 5 8 9 10 11 12 16 18 19 21 22 23 24,kinolab+nicovh
2852,2023-12-22,14,2 5 6 7 9 12 13 15 16 18 19 20 21 22,kinolab+nicovh
2853,2023-12-24,14,5 6 7 8 9 10 14 16 18 19 20 21 22 24,kinolab+nicovh
2854,2023-12-27,14,1 2 3 4 6 7 9 13 16 18 19 23 24 25,kinolab+nicovh
2855,2023-12-29,14,1 2 4 5 6 7 11 12 17 18 19 21 23 24,kinolab+nicovh
2856,2023-12-31,14,4 7 8 9 11 12 14 15 16 17 18 22 24 25,kinolab+nicovh
2857,2024-01-03,14,1 4 5 8 10 11 13 14 15 17 21 22 23 24,kinolab+nicovh
2858,2024-01-05,14,3 4 5 6 9 10 11 12 13 16 17 18 22 23,kinolab+nicovh
2859,2024-01-07,14,1 3 5 6 7 8 9 10 18 19 22 23 24 25,kinolab+nicovh
2860,2024-01-10,14,3 4 5 8 10 12 16 18 20 21 22 23 24 25,kinolab+nicovh
2861,2024-01-12,14,3 4 5 8 9 12 14 15 16 18 20 21 23 24,kinolab+nicovh
2862,2024-01-14,14,1 2 3 5 6 7 9 12 13 14 15 19 23 24,kinolab+nicovh
2863,2024-01-17,14,2 3 5 6 7 8 10 13 14 15 17 20 21 24,kinolab+nicovh
2864,2024-01-19,14,1 2 3 4 10 11 12 14 16 18 21 22 24 25,kinolab+nicovh
2865,2024-01-21,14,1 2 4 5 8 12 13 14 16 18 19 22 23 25,kinolab+nicovh
2866,2024-01-24,14,3 4 5 7 9 10 12 13 14 16 17 19 21 24,kinolab+nicovh
2867,2024-01-26,14,3 4 5 6 7 8 9 10 16 20 21 22 23 24,kinolab+nicovh
2868,2024-01-28,14,1 2 5 8 9 12 13 14 15 16 21 23 24 25,kinolab+nicovh
2869,2024-01-31,14,1 4 10 12 13 15 16 17 18 21 22 23 24 25,kinolab+nicovh
2870,2024-02-02,14,1 2 4 5 7 11 15 16 17 20 21 23 24 25,kinolab+nicovh
2871,2024-02-04,14,1 3 4 6 8 9 10 11 16 18 19 20 22 23,kinolab+nicovh
2872,2024-02-07,14,1 2 3 5 7 9 11 12 14 15 17 18 20 21,kinolab+nicovh
2873,2024-02-09,14,3 6 7 8 11 12 13 15 16 17 18 22 23 24,kinolab+nicovh
2874,2024-02-11,14,1 2 3 4 7 11 14 17 18 19 20 21 22 24,kinolab+nicovh
2875,2024-02-14,14,2 3 4 5 6 7 11 12 13 15 18 20 21 23,kinolab+nicovh
2876,2024-02-16,14,2 3 4 5 8 9 10 11 12 17 18 21 23 24,kinolab+nicovh
2877,2024-02-18,14,2 4 7 9 10 11 13 14 15 16 18 19 20 21,kinolab+nicovh
2878,2024-02-21,14,4 5 6 12 15 16 17 18 19 20 21 23 24 25,kinolab+nicovh
2879,2024-02-23,14,1 2 5 6 8 11 12 13 14 18 19 21 24 25,kinolab+nicovh
2880,2024-02-25,14,3 6 7 9 10 11 14 15 17 18 19 22 24 25,kinolab+nicovh
2881,2024-02-28,14,5 6 7 8 10 11 13 14 15 16 17 18 19 25,kinolab+nicovh
2882,2024-03-01,14,1 2 4 7 8 9 12 13 15 18 19 20 22 23,kinolab+nicovh
2883,2024-03-03,14,1 3 5 6 7 8 9 10 14 15 16 19 24 25,kinolab+nicovh
2884,2024-03-06,14,2 6 8 9 10 11 13 14 15 17 18 19 20 21,kinolab+nicovh
2885,2024-03-08,14,3 4 5 7 8 11 13 14 17 19 21 22 23 24,kinolab+nicovh
2886,2024-03-10,14,1 4 5 8 9 11 12 13 15 17 19 20 21 25,kinolab+nicovh
2887,2024-03-13,14,2 3 4 5 8 11 12 13 14 17 19 23 24 25,kinolab+nicovh
2888,2024-03-15,14,3 5 6 7 9 10 11 12 17 18 20 22 23 24,kinolab+nicovh
2889,2024-03-17,14,1 2 3 5 6 11 12 13 14 15 16 19 21 24,kinolab+nicovh
2890,2024-03-20,14,1 2 3 5 9 10 13 14 16 18 20 21 24 25,kinolab+nicovh
2891,2024-03-22,14,1 3 4 5 6 7 8 11 13 16 19 22 24 25,kinolab+nicovh
2892,2024-03-24,14,3 5 9 10 11 12 14 15 18 19 21 22 24 25,kinolab+nicovh
2893,2024-03-27,14,1 2 3 5 7 8 9 13 18 19 20 21 22 24,kinolab+nicovh
2894,2024-03-29,14,3 4 5 6 7 8 11 13 15 18 19 21 23 25,kinolab+nicovh
2895,2024-03-31,14,1 2 3 4 6 7 9 10 11 13 14 17 20 21,kinolab+nicovh
2896,2024-04-03,14,1 3 4 5 6 7 12 13 15 16 19 20 22 24,kinolab+nicovh
2897,2024-04-05,14,3 4 5 6 9 10 13 16 18 19 22 23 24 25,kinolab+nicovh
2898,2024-04-07,14,1 3 6 8 9 10 12 14 15 17 20 21 23 25,kinolab+nicovh
2899,2024-04-10,14,3 7 8 10 12 14 16 17 19 20 21 22 24 25,kinolab+nicovh
2900,2024-04-12,14,2 3 4 6 7 8 9 10 11 12 17 22 23 25,kinolab+nicovh
2901,2024-04-14,14,4 7 9 12 13 14 15 16 17 18 19 21 23 25,kinolab+nicovh
2902,2024-04-17,14,3 5 6 10 11 14 17 18 20 21 22 23 24 25,kinolab+nicovh
2903,2024-04-19,14,1 3 5 6 8 10 11 12 14 15 16 17 22 25,kinolab+nicovh
2904,2024-04-21,14,1 6 7 9 11 12 17 18 19 20 21 22 23 25,kinolab+nicovh
2905,2024-04-24,14,3 6 7 13 14 15 16 18 19 20 21 22 23 25,kinolab+nicovh
2906,2024-04-26,14,1 4 5 9 12 14 16 17 18 19 20 21 23 24,kinolab+nicovh
2907,2024-04-28,14,1 8 9 10 11 12 13 17 19 20 21 22 23 25,kinolab+nicovh
2908,2024-05-01,14,2 3 5 6 9 10 12 14 17 18 19 21 22 24,kinolab+nicovh
2909,2024-05-03,14,1 3 4 7 8 9 11 12 13 15 16 18 23 25,kinolab+nicovh
2910,2024-05-05,14,2 3 4 5 6 9 12 16 17 19 21 22 24 25,kinolab+nicovh
2911,2024-05-08,14,2 4 6 7 8 9 10 11 13 14 16 17 19 25,kinolab+nicovh
2912,2024-05-10,14,1 2 4 5 7 8 10 12 13 14 17 19 21 24,kinolab+nicovh
2913,2024-05-12,14,3 5 6 7 9 10 11 13 14 18 19 21 24 25,kinolab+nicovh
2914,2024-05-15,14,3 4 5 7 8 10 12 13 15 18 20 22 24 25,kinolab+nicovh
2915,2024-05-17,14,1 3 5 8 9 11 12 13 14 15 16 17 19 24,kinolab+nicovh
2916,2024-05-19,14,2 5 6 8 12 13 15 16 18 19 21 22 23 25,kinolab+nicovh
2917,2024-05-22,14,3 5 7 8 9 11 17 18 19 20 22 23 24 25,kinolab+nicovh
2918,2024-05-24,14,2 3 5 6 7 8 11 12 13 14 16 22 24 25,kinolab+nicovh
2919,2024-05-26,14,2 3 4 5 6 8 9 10 11 12 13 14 16 21,kinolab+nicovh
2920,2024-05-29,14,1 4 5 6 7 9 11 12 14 16 18 21 23 25,kinolab+nicovh
2921,2024-05-31,14,2 5 6 8 10 12 13 14 15 17 18 20 24 25,kinolab+nicovh
2922,2024-06-02,14,1 2 3 4 6 7 8 9 15 16 17 18 24 25,kinolab+nicovh
2923,2024-06-05,14,1 4 5 6 7 8 12 13 15 16 17 23 24 25,kinolab+nicovh
2924,2024-06-07,14,2 3 6 8 9 10 11 12 13 18 19 21 22 23,kinolab+nicovh
2925,2024-06-09,14,1 8 9 10 11 14 16 19 20 21 22 23 24 25,kinolab+nicovh
2926,2024-06-12,14,1 2 3 4 7 8 9 11 16 17 19 20 24 25,kinolab+nicovh
2927,2024-06-14,14,1 2 4 5 10 11 12 13 14 15 16 18 20 23,kinolab+nicovh
2928,2024-06-16,14,1 2 3 5 10 11 12 15 16 19 21 22 23 25,kinolab+nicovh
2929,2024-06-19,14,1 5 7 8 9 10 12 13 14 15 19 21 22 25,kinolab+nicovh
2930,2024-06-21,14,1 2 4 6 7 9 10 13 15 16 18 19 20 21,kinolab+nicovh
2931,2024-06-23,14,3 4 6 7 9 10 11 12 19 20 21 23 24 25,kinolab+nicovh
2932,2024-06-26,14,2 3 4 5 8 10 15 16 19 20 21 22 23 25,kinolab+nicovh
2933,2024-06-28,14,2 3 4 5 6 7 8 9 10 11 13 14 15 17,kinolab+nicovh
2934,2024-06-30,14,3 4 5 8 9 10 11 12 14 15 16 21 24 25,kinolab+nicovh
2935,2024-07-03,14,1 3 4 6 8 10 12 14 15 16 17 20 23 24,kinolab+nicovh
2936,2024-07-05,14,2 4 6 8 9 10 13 14 16 17 20 21 23 24,kinolab+nicovh
2937,2024-07-07,14,1 5 6 8 9 10 11 16 19 20 21 22 24 25,kinolab+nicovh
2938,2024-07-10,14,2 7 8 9 12 14 15 18 19 20 21 22 23 25,kinolab+nicovh
2939,2024-07-12,14,1 2 3 4 8 9 11 12 13 14 16 19 21 22,kinolab+nicovh
2940,2024-07-14,14,1 3 4 6 9 10 12 13 14 15 17 22 24 25,kinolab+nicovh
2941,2024-07-17,14,1 4 7 9 10 11 13 14 16 19 20 21 24 25,kinolab+nicovh
2942,2024-07-19,14,4 5 6 8 9 11 12 17 20 21 22 23 24 25,kinolab+nicovh
2943,2024-07-21,14,1 3 4 5 8 9 10 11 12 13 14 15 16 23,kinolab+nicovh
2944,2024-07-24,14,1 3 4 5 6 7 8 10 12 13 15 19 22 24,kinolab+nicovh
2945,2024-07-26,14,1 3 5 7 8 10 13 15 17 18 20 22 24 25,kinolab+nicovh
2946,2024-07-28,14,1 3 4 5 6 7 8 10 13 16 20 21 23 25,kinolab+nicovh
2947,2024-07-31,14,1 3 4 7 8 10 11 12 13 15 16 18 21 25,kinolab+nicovh
2948,2024-08-02,14,2 4 5 6 8 9 10 13 14 15 16 17 19 20,kinolab+nicovh
2949,2024-08-04,14,1 2 5 6 7 9 11 12 14 15 16 17 23 24,kinolab+nicovh
2950,,14,2 8 9 10 11 14 15 16 18 19 20 23 24 25,nicovh
2951,,14,1 6 7 8 9 10 11 13 14 15 16 17 18 23,nicovh
2952,,14,3 5 7 8 9 10 11 15 16 17 20 23 24 25,nicovh
2953,,14,1 2 3 6 7 8 11 12 14 15 16 19 22 23,nicovh
2954,,14,2 4 5 7 8 9 10 11 14 16 17 18 19 23,nicovh
2955,,14,1 2 3 5 7 8 10 12 13 14 16 19 20 23,nicovh
2956,,14,1 2 5 6 9 13 14 15 18 19 20 21 22 23,nicovh
2957,,14,1 3 6 7 8 14 16 17 18 20 21 22 24 25,nicovh
2958,,14,1 2 5 6 8 9 10 13 16 18 19 20 21 22,nicovh
2959,,14,5 6 7 8 9 11 12 14 19 21 22 23 24 25,nicovh
2960,,14,1 2 4 5 6 8 9 13 15 17 19 22 23 25,nicovh
2961,,14,4 5 7 8 11 13 15 18 19 21 22 23 24 25,nicovh
2962,,14,3 4 7 9 11 15 16 17 18 19 20 21 23 24,nicovh
2963,,14,1 3 4 5 6 11 13 16 17 18 20 21 24 25,nicovh
2964,,14,1 2 4 9 10 12 17 18 19 20 21 22 23 25,nicovh
2965,,14,2 4 5 6 7 9 10 11 13 18 19 21 23 24,nicovh
2966,,14,1 2 5 6 11 13 14 15 17 18 20 21 22 24,nicovh
2967,,14,2 3 5 6 8 9 12 13 14 16 17 21 22 25,nicovh
2968,,14,3 4 6 7 10 11 12 13 17 18 20 21 22 24,nicovh
2969,,14,2 3 4 7 8 9 10 12 15 17 20 21 22 24,nicovh
2970,,14,1 3 4 5 7 8 10 13 14 16 20 21 22 23,nicovh
2971,,14,3 4 5 7 8 9 12 15 16 18 20 21 24 25,nicovh
2972,,14,1 2 3 5 7 8 9 11 13 18 21 22 23 25,nicovh
2973,,14,2 5 6 7 9 11 12 13 14 15 19 21 22 24,nicovh
2974,,14,1 2 3 6 8 10 11 12 13 14 15 16 23 25,nicovh
2975,,14,1 3 6 8 10 12 13 14 15 16 18 19 21 25,nicovh
2976,,14,4 5 7 8 10 12 13 18 19 20 21 23 24 25,nicovh
2977,,14,1 4 6 9 11 12 13 14 15 16 17 18 23 24,nicovh
2978,,14,2 3 5 6 7 9 10 16 17 19 20 21 22 24,nicovh
2979,,14,1 4 5 6 8 9 10 14 15 16 20 21 22 24,nicovh
2980,,14,3 4 5 7 11 12 15 16 19 20 21 22 24 25,nicovh
2982,,14,1 3 4 5 8 12 13 14 15 16 21 23 24 25,nicovh
2983,,14,1 2 3 4 6 7 11 14 15 18 19 20 21 25,nicovh
2984,,14,1 5 6 8 9 10 11 14 16 18 20 21 22 24,nicovh
2985,,14,1 2 4 6 7 11 12 13 14 15 16 17 21 23,nicovh
2986,,14,2 3 4 8 9 10 12 13 14 15 18 20 23 25,nicovh
2987,,14,1 4 5 6 9 10 13 14 15 16 20 21 22 23,nicovh
2988,,14,1 2 3 4 6 7 10 11 15 18 20 21 22 23,nicovh
2989,,14,3 6 9 10 11 13 14 15 18 19 22 23 24 25,nicovh
2990,,14,1 3 4 6 7 8 10 14 16 17 21 22 24 25,nicovh
2991,,14,1 3 5 6 7 10 12 13 17 18 20 22 24 25,nicovh
2992,,14,1 2 5 7 9 10 13 18 19 21 22 23 24 25,nicovh
2993,,14,2 4 7 8 9 10 11 12 14 15 19 21 23 25,nicovh
2994,,14,1 2 3 5 7 11 12 13 14 16 17 22 24 25,nicovh
2995,,14,2 4 5 9 10 16 17 18 19 21 22 23 24 25,nicovh
2996,,14,2 5 8 9 10 12 13 14 15 16 17 19 22 25,nicovh
2997,,14,1 2 3 4 5 8 9 10 12 13 17 19 23 24,nicovh
2998,,14,5 8 9 10 12 14 15 16 17 18 19 20 21 24,nicovh
2999,,14,2 3 4 6 7 8 9 10 17 20 22 23 24 25,nicovh
3000,,14,1 2 3 6 7 9 10 13 15 19 21 22 23 24,nicovh
3001,,14,3 8 9 10 11 14 15 16 17 18 19 21 22 23,nicovh
3002,,14,1 4 5 7 9 10 12 15 16 17 19 20 21 23,nicovh
3003,,14,6 7 9 10 11 12 13 15 16 17 19 21 22 24,nicovh
3004,,14,1 4 6 8 10 11 12 13 15 16 18 20 21 24,nicovh
3005,,14,1 3 4 5 6 7 8 12 16 18 19 22 24 25,nicovh
3006,,14,1 4 5 6 9 10 12 16 17 19 20 21 22 23,nicovh
3007,,14,1 2 3 5 7 8 10 11 12 15 17 18 21 22,nicovh
3008,,14,1 2 3 4 6 7 9 10 11 13 15 16 20 23,nicovh
3009,,14,1 3 4 6 8 9 10 12 13 14 18 21 22 24,nicovh
3010,,14,1 2 4 9 12 13 15 17 18 19 20 21 22 25,nicovh
3011,,14,1 4 5 9 10 11 13 17 20 21 22 23 24 25,nicovh
3012,,14,5 6 7 9 10 11 12 14 18 21 22 23 24 25,nicovh
3013,,14,2 4 6 7 8 10 16 19 20 21 22 23 24 25,nicovh
3014,,14,3 4 5 7 10 11 12 13 14 16 18 19 22 25,nicovh
3015,,14,2 4 7 8 10 11 12 13 15 16 20 21 23 25,nicovh
3016,,14,2 3 4 6 8 9 11 14 16 18 19 21 22 23,nicovh
3017,,14,3 5 6 7 9 10 12 13 19 20 21 22 24 25,nicovh
3018,,14,4 7 8 11 12 13 14 16 19 20 21 23 24 25,nicovh
3019,,14,2 6 7 8 10 11 13 14 15 16 17 18 19 21,nicovh
3020,,14,1 3 7 9 11 13 14 15 16 17 19 21 22 25,nicovh
3021,,14,3 5 6 9 12 13 17 18 20 21 22 23 24 25,nicovh
3022,,14,2 4 5 6 7 8 11 13 15 18 19 22 24 25,nicovh
3023,,14,1 3 5 8 9 12 13 14 15 17 18 20 21 23,nicovh
3024,,14,1 4 8 9 10 12 13 14 15 17 20 21 22 25,nicovh
3025,,14,4 5 6 7 8 13 14 15 17 19 21 22 24 25,nicovh
3026,,14,1 5 7 8 9 10 13 15 16 19 21 22 23 24,nicovh
3027,,14,1 2 3 7 9 10 11 12 13 14 15 16 21 24,nicovh
3028,,14,1 2 4 8 9 12 13 14 16 19 20 22 24 25,nicovh
3029,,14,1 2 3 5 6 7 8 13 15 17 19 20 22 25,nicovh
3030,,14,1 2 8 10 11 15 16 17 19 20 21 22 23 24,nicovh
3031,,14,2 4 7 8 9 10 14 15 16 17 18 20 21 22,nicovh
3032,,14,1 4 5 6 7 10 12 15 16 19 20 23 24 25,nicovh
3033,,14,2 4 5 6 7 9 10 11 12 16 19 21 22 23,nicovh
3034,,14,2 4 5 6 8 9 10 13 14 15 17 20 23 25,nicovh
3035,,14,1 2 4 5 7 8 10 16 17 19 21 22 23 25,nicovh
3036,,14,1 3 6 7 9 10 13 16 17 18 20 22 23 25,nicovh
3037,,14,3 5 6 7 9 11 12 13 16 18 19 20 23 25,nicovh
3038,,14,2 5 6 8 9 12 14 17 18 19 20 21 24 25,nicovh
3039,,14,1 2 3 6 8 11 13 16 17 18 19 23 24 25,nicovh
3040,,14,4 6 7 13 14 15 16 17 18 19 20 22 23 24,nicovh
3041,,14,1 3 7 8 9 14 15 16 17 18 19 21 23 25,nicovh
3042,,14,1 2 3 5 6 8 9 10 11 15 19 20 22 23,nicovh
3043,,14,1 7 11 12 14 15 16 18 19 21 22 23 24 25,nicovh
3044,,14,2 3 5 6 7 8 9 10 14 16 17 18 21 25,nicovh
3045,,14,1 2 3 4 6 9 12 13 16 17 18 19 21 23,nicovh
3046,,14,2 8 10 11 13 14 15 17 18 20 21 22 24 25,nicovh
3047,,14,1 3 6 8 9 13 14 15 17 18 22 23 24 25,nicovh
3048,,14,3 4 5 6 8 10 11 15 16 17 18 20 22 25,nicovh
3049,,14,3 4 7 8 10 12 14 16 17 18 22 23 24 25,nicovh
3050,,14,1 5 7 8 9 10 11 12 13 15 18 19 21 24,nicovh
3051,,14,3 4 6 12 14 16 17 18 19 20 21 22 23 24,nicovh
3052,,14,1 2 3 5 6 8 9 11 12 13 20 22 23 24,nicovh
3053,,14,1 2 3 7 8 10 12 13 14 15 16 17 20 23,nicovh
3054,,14,1 4 7 8 9 13 15 16 17 19 21 22 24 25,nicovh
3055,,14,4 5 6 7 8 9 11 12 14 16 17 18 21 22,nicovh
3056,,14,2 4 5 6 9 13 14 15 16 20 22 23 24 25,nicovh
3057,,14,2 4 5 6 7 14 15 16 17 19 20 21 24 25,nicovh
3058,,14,1 2 3 5 7 8 9 10 12 16 17 19 21 25,nicovh
3059,,14,1 5 6 7 8 11 14 15 17 19 20 21 23 24,nicovh
3060,,14,1 4 5 6 7 8 10 12 13 14 19 23 24 25,nicovh
3061,,14,1 2 3 4 5 6 7 9 10 14 15 17 21 25,nicovh
3062,,14,2 3 4 6 7 10 13 14 16 17 19 20 21 23,nicovh
3063,,14,1 2 4 5 7 11 13 14 15 16 17 18 20 25,nicovh
3064,,14,3 4 6 7 9 12 13 14 15 16 17 18 21 23,nicovh
3065,,14,2 3 5 7 8 9 12 14 15 18 20 21 22 24,nicovh
3066,,14,1 3 5 6 8 10 11 13 14 19 21 22 24 25,nicovh
3067,,14,1 2 5 6 8 11 13 14 16 19 20 22 24 25,nicovh
3068,,14,1 2 3 7 8 9 10 12 16 20 21 22 24 25,nicovh
3069,,14,1 2 4 5 6 9 11 12 13 14 17 20 21 24,nicovh
3070,,14,2 5 6 8 9 10 11 12 13 14 15 20 21 22,nicovh
3071,,14,1 5 7 8 12 13 14 15 17 20 22 23 24 25,nicovh
3072,,14,1 4 5 6 8 9 10 11 13 14 15 21 22 25,nicovh
3073,,14,3 4 5 6 9 10 14 15 16 18 19 20 21 24,nicovh
3074,,14,3 6 7 10 11 13 14 15 16 17 20 22 23 24,nicovh
3075,,14,3 5 6 7 8 9 11 12 13 15 16 17 20 22,nicovh
3076,,14,1 2 4 5 6 7 9 13 15 17 19 22 24 25,nicovh
3077,,14,1 2 3 4 7 8 9 10 12 14 15 16 17 18,nicovh
3078,,14,3 4 6 9 10 13 14 15 16 18 19 20 22 24,nicovh
3079,,14,1 4 5 6 9 10 17 18 19 21 22 23 24 25,nicovh
3080,,14,1 2 3 6 7 8 9 11 12 13 17 18 19 20,nicovh
3081,,14,1 3 4 6 8 9 13 14 15 16 17 18 22 25,nicovh
3082,,14,1 2 3 6 9 11 12 14 15 17 20 22 24 25,nicovh
3083,,14,4 5 6 7 8 10 11 14 16 18 20 21 23 24,nicovh
3084,,14,2 3 6 7 8 9 12 14 16 17 18 19 21 23,nicovh
3085,,14,1 3 5 7 10 11 12 13 14 15 16 17 20 22,nicovh
3086,,14,2 4 5 6 9 10 11 12 13 16 17 18 20 24,nicovh
3087,,14,2 4 5 8 9 12 14 15 16 18 19 22 23 25,nicovh
3088,,14,2 3 4 5 6 12 15 16 17 18 19 21 23 24,nicovh
3089,,14,3 5 6 9 10 12 14 16 17 18 21 22 23 25,nicovh
3090,,14,1 4 6 7 8 9 10 13 17 18 19 20 23 25,nicovh
3091,,14,1 3 4 6 7 8 9 11 12 14 15 18 19 23,nicovh
3092,,14,1 3 4 5 6 10 11 12 13 17 19 22 24 25,nicovh
3093,,14,2 4 5 9 10 11 13 15 16 17 19 20 21 24,nicovh
3094,,14,2 3 4 7 8 9 10 13 18 19 21 23 24 25,nicovh
3095,,14,3 4 5 6 7 10 12 14 16 17 18 21 24 25,nicovh
3096,,14,1 3 5 7 8 9 10 11 15 17 18 19 23 25,nicovh
3097,,14,1 3 4 5 6 10 11 14 18 19 21 23 24 25,nicovh
3098,,14,1 2 4 5 6 9 11 13 16 17 18 19 22 23,nicovh
3099,,14,1 2 3 5 6 10 15 16 18 19 20 21 23 25,nicovh
3100,,14,1 2 4 5 6 7 8 9 12 16 20 22 23 25,nicovh
3101,,14,1 2 3 6 10 11 12 14 15 16 19 20 21 24,nicovh
3102,,14,2 3 6 8 9 10 11 12 13 17 21 23 24 25,nicovh
3103,,14,2 3 7 8 9 10 11 13 16 17 19 20 23 24,nicovh
3104,,14,3 4 7 8 12 13 15 16 17 19 20 21 23 24,nicovh
3105,,14,1 4 8 9 10 12 15 17 18 19 20 22 23 25,nicovh
3106,,14,4 5 6 7 9 11 12 13 15 18 19 21 23 24,nicovh
3107,,14,1 2 4 6 9 10 11 14 15 16 17 18 19 22,nicovh
3108,,14,1 2 4 5 8 10 12 13 14 15 17 18 21 22,nicovh
3109,,14,1 3 4 5 7 9 10 12 13 14 15 22 23 24,nicovh
3110,,14,3 4 5 6 7 10 12 15 17 18 20 21 24 25,nicovh
3111,,14,1 2 4 5 7 8 9 10 12 13 16 18 19 20,nicovh
3112,,14,1 2 3 4 11 12 13 17 19 21 22 23 24 25,nicovh
3113,,14,1 2 3 8 12 14 15 16 19 20 21 22 23 24,nicovh
3114,,14,2 3 4 5 6 7 8 13 16 17 18 19 20 23,nicovh
3115,,14,1 2 3 4 7 8 10 11 12 13 15 21 22 25,nicovh
3116,,14,2 3 6 8 10 11 13 15 16 18 19 20 22 24,nicovh
3117,,14,3 4 5 6 7 8 14 15 16 17 20 21 22 23,nicovh
3118,,14,2 4 5 7 9 10 11 12 13 18 19 21 23 24,nicovh
3119,,14,1 2 3 4 5 7 8 9 11 15 16 17 22 23,nicovh
3120,,14,1 4 6 8 9 10 11 12 13 14 18 19 20 24,nicovh
3121,,14,5 6 7 8 10 13 14 15 17 18 20 21 22 24,nicovh
3122,,14,1 2 3 4 5 6 9 11 12 15 17 18 20 22,nicovh
3123,,14,2 3 8 9 10 11 13 14 18 20 21 22 23 25,nicovh
3124,,14,1 2 3 6 8 10 11 14 15 19 22 23 24 25,nicovh
3125,,14,1 2 3 5 6 10 11 14 15 16 19 22 23 24,nicovh
3126,,14,2 5 6 7 8 9 10 11 12 20 21 22 23 24,nicovh
3127,,14,1 3 6 7 8 11 13 14 15 16 20 21 23 25,nicovh
3128,,14,1 2 5 7 9 11 12 16 17 19 20 21 22 25,nicovh
3129,,14,2 3 4 6 9 12 13 14 16 18 19 21 24 25,nicovh
3130,,14,1 4 5 6 8 9 11 13 16 19 21 22 24 25,nicovh
3131,,14,1 2 3 5 7 8 9 11 16 18 19 20 24 25,nicovh
3132,,14,1 2 4 5 6 8 9 11 16 17 18 20 23 24,nicovh
3133,,14,1 3 4 5 6 8 10 12 14 16 19 20 22 25,nicovh
3134,,14,2 3 4 5 8 10 11 13 14 16 18 20 21 23,nicovh
3135,,14,4 5 6 10 12 13 14 15 17 18 19 20 21 22,nicovh
3136,,14,2 3 5 7 9 10 12 13 17 18 21 22 23 25,nicovh
3137,,14,1 2 4 5 6 8 9 12 13 15 16 18 20 21,nicovh
3138,,14,1 6 9 10 12 13 14 16 18 19 21 23 24 25,nicovh
3139,,14,1 2 3 4 9 12 13 15 17 18 19 21 23 24,nicovh
3140,,14,1 2 3 6 7 8 11 12 13 16 18 21 22 25,nicovh
3141,,14,2 4 6 8 9 10 13 14 15 16 17 22 23 24,nicovh
3142,,14,1 2 6 7 10 12 14 16 17 19 20 21 22 24,nicovh
3143,,14,1 2 4 6 7 8 11 13 14 16 17 21 23 24,nicovh
3144,,14,1 2 3 9 11 13 14 17 19 20 21 22 24 25,nicovh
3145,,14,1 7 8 9 12 13 15 16 17 19 21 22 23 25,nicovh
3146,,14,3 4 5 6 7 9 11 13 14 17 18 20 23 25,nicovh
3147,,14,1 3 5 7 10 12 14 15 17 18 20 21 22 25,nicovh
3148,,14,1 2 3 4 5 7 8 10 15 16 19 22 23 25,nicovh
3149,,14,2 3 5 6 7 8 10 12 17 19 20 22 23 25,nicovh
3150,,14,1 2 4 6 8 10 12 13 15 17 19 21 22 23,nicovh
3151,,14,1 2 3 4 7 8 11 13 15 16 19 20 23 24,nicovh
3152,,14,1 4 5 6 8 9 10 12 13 18 21 23 24 25,nicovh
3153,,14,1 2 3 5 7 9 11 14 16 18 19 21 22 25,nicovh
3154,,14,1 3 4 5 6 7 8 10 14 16 19 20 21 23,nicovh
3156,,14,1 3 4 5 6 7 8 9 11 17 18 19 21 25,nicovh
3157,,14,3 4 6 8 10 12 14 16 17 18 19 20 22 23,nicovh
3158,,14,3 4 7 8 9 10 11 12 15 17 18 19 21 24,nicovh
3159,,14,3 5 8 9 11 12 13 14 16 17 21 22 24 25,nicovh
3160,,14,1 2 4 8 10 13 14 15 16 18 21 23 24 25,nicovh
3161,,14,1 2 4 6 7 8 12 13 15 17 18 22 23 25,nicovh
3162,,14,2 3 5 6 7 12 14 16 20 21 22 23 24 25,nicovh
3163,,14,1 3 6 7 8 10 11 14 18 20 21 23 24 25,nicovh
3164,,14,1 2 3 5 8 9 10 13 15 16 18 20 23 24,nicovh
3165,,14,1 2 3 5 7 10 11 14 16 17 18 19 21 23,nicovh
3166,,14,2 3 4 8 9 11 13 15 19 20 21 22 23 25,nicovh
3167,,14,1 2 3 8 11 12 13 14 16 17 18 21 22 25,nicovh
3168,,14,1 2 4 7 8 9 10 14 16 17 20 21 24 25,nicovh
3169,,14,4 5 7 8 9 12 14 15 16 18 20 21 24 25,nicovh
3170,,14,1 2 5 6 7 9 10 13 17 18 19 21 24 25,nicovh
3171,,14,1 3 4 5 6 7 10 11 12 15 17 20 21 23,nicovh
3172,,14,1 2 4 5 9 14 15 16 18 19 22 23 24 25,nicovh
3173,,14,1 4 6 7 8 9 10 11 12 18 20 22 24 25,nicovh
3174,,14,1 2 3 5 6 9 12 14 15 16 17 19 20 22,nicovh
3175,,14,2 5 6 8 9 10 11 12 14 15 18 19 21 24,nicovh
3176,,14,1 2 4 6 7 8 11 13 14 16 22 23 24 25,nicovh
3177,,14,2 3 6 10 11 15 16 17 18 20 21 22 23 24,nicovh
3178,,14,1 4 7 8 9 13 15 16 17 18 19 21 22 23,nicovh
3179,,14,1 4 5 7 10 12 13 14 15 16 18 19 20 22,nicovh
3180,,14,1 3 8 9 12 13 16 17 18 19 20 21 23 25,nicovh
3181,,14,1 2 3 4 5 8 12 15 18 19 20 21 22 24,nicovh
3182,,14,2 3 4 5 6 11 12 13 14 15 19 21 23 24,nicovh
3183,,14,1 3 4 6 7 8 9 10 11 13 14 16 20 21,nicovh
3184,,14,2 3 4 5 10 12 15 17 18 19 20 21 22 25,nicovh
3185,,14,2 5 6 8 9 10 12 13 16 17 19 23 24 25,nicovh
3186,,14,2 6 7 8 9 10 11 12 14 18 19 23 24 25,nicovh
3187,,14,2 4 5 6 8 9 11 13 16 17 19 20 22 25,nicovh
3188,,14,1 4 5 9 10 11 15 16 17 19 20 22 23 24,nicovh
3189,,14,1 2 3 7 8 10 14 17 19 20 21 23 24 25,nicovh
3190,,14,1 2 3 4 5 6 7 8 13 17 18 19 21 23,nicovh
3191,,14,1 2 3 4 6 7 8 9 17 18 22 23 24 25,nicovh
3192,,14,1 3 4 5 6 8 10 13 15 16 17 19 20 25,nicovh
3193,,14,1 4 6 7 9 10 12 14 15 16 17 18 22 24,nicovh
3194,,14,1 2 3 4 6 9 12 16 19 20 21 22 23 24,nicovh
3195,,14,1 2 3 5 6 10 12 13 14 15 19 20 22 23,nicovh
3196,,14,2 5 6 8 10 11 12 13 15 16 19 20 23 25,nicovh
3197,,14,3 5 6 7 9 10 12 15 17 19 21 22 23 24,nicovh
3198,,14,4 5 6 7 8 11 12 13 18 19 20 22 24 25,nicovh
3199,,14,1 4 5 6 8 10 13 14 15 17 18 19 22 25,nicovh
3200,,14,4 6 7 10 11 14 17 19 20 21 22 23 24 25,nicovh
3201,,14,1 2 4 6 9 10 12 14 17 18 19 20 22 25,nicovh
3202,,14,1 2 6 7 8 12 13 14 16 18 19 21 22 25,nicovh
3203,,14,2 3 4 6 7 8 9 10 11 16 18 20 21 22,nicovh
3204,,14,1 6 7 8 9 11 12 13 15 16 17 18 23 24,nicovh
3205,,14,2 4 7 8 12 13 14 15 16 18 19 20 21 22,nicovh
3206,,14,2 3 5 6 7 9 11 14 16 18 20 21 22 25,nicovh
3207,,14,1 2 3 5 6 7 8 10 11 12 13 14 23 25,nicovh
3208,,14,1 2 3 4 8 9 10 11 14 17 21 22 24 25,nicovh
3209,,14,1 2 4 5 6 8 10 12 13 14 15 18 23 25,nicovh
3210,,14,2 4 5 6 9 10 11 12 13 19 20 22 23 25,nicovh
3211,,14,3 4 6 8 12 13 14 15 17 18 19 22 23 24,nicovh
3212,,14,1 2 4 5 7 8 10 14 16 17 18 19 24 25,nicovh
3213,,14,2 4 5 6 9 12 13 14 15 16 17 18 21 25,nicovh
3214,,14,2 3 4 6 7 9 12 13 14 15 16 17 21 24,nicovh
3215,,14,3 4 5 6 7 9 10 13 14 16 17 22 23 24,nicovh
3216,,14,1 3 4 6 7 8 10 13 14 15 17 19 22 24,nicovh
3217,,14,1 3 6 7 8 11 14 15 16 17 18 20 23 24,nicovh
3218,,14,2 3 5 8 10 11 12 13 16 17 18 20 21 22,nicovh
3219,,14,1 3 4 5 6 11 13 14 15 16 19 20 21 22,nicovh
3220,,14,1 2 8 10 11 12 15 16 18 19 21 23 24 25,nicovh
3221,,14,3 4 8 10 12 13 14 15 16 17 21 23 24 25,nicovh
3222,,14,1 3 5 6 8 9 10 11 16 17 18 20 21 25,nicovh
3223,,14,1 4 5 6 8 10 11 12 14 15 18 22 23 25,nicovh
3224,,14,3 4 7 8 10 11 12 14 15 16 21 23 24 25,nicovh
3225,,14,5 6 7 8 9 10 11 12 13 14 18 21 23 25,nicovh
3226,,14,4 5 6 10 11 13 15 16 17 18 21 22 24 25,nicovh
3227,,14,1 8 9 11 12 14 16 18 19 20 21 23 24 25,nicovh
3228,,14,1 2 3 6 11 13 15 16 17 19 20 21 23 25,nicovh
3229,,14,1 3 5 6 7 9 10 11 13 17 20 23 24 25,nicovh
3230,,14,1 2 4 5 6 7 8 11 14 16 21 22 24 25,nicovh
3231,,14,1 2 3 4 7 9 10 12 14 15 16 19 20 24,nicovh
3232,,14,1 5 6 7 9 10 12 13 14 16 17 18 21 24,nicovh
3233,,14,2 4 6 8 9 10 11 15 17 18 20 23 24 25,nicovh
3234,,14,1 2 3 6 7 8 9 10 13 15 16 19 22 25,nicovh
3235,,14,1 2 3 4 6 7 8 12 13 14 17 19 20 25,nicovh
3236,,14,2 4 5 7 8 10 12 14 15 17 18 22 23 24,nicovh
3237,,14,1 3 5 6 7 8 10 12 13 15 16 20 23 25,nicovh
3238,,14,1 2 5 6 13 14 16 18 19 20 22 23 24 25,nicovh
3239,,14,2 3 4 8 9 10 12 13 17 18 19 20 22 24,nicovh
3240,,14,1 2 3 4 9 11 12 13 16 17 18 20 24 25,nicovh
3241,,14,3 5 6 7 9 11 14 15 16 20 21 22 23 24,nicovh
3242,,14,1 3 5 7 8 10 14 15 18 19 20 21 22 23,nicovh
3243,,14,1 2 6 8 10 11 12 14 16 17 18 23 24 25,nicovh
3244,,14,3 5 6 7 9 11 14 15 16 17 20 23 24 25,nicovh
3245,,14,1 3 5 6 7 8 9 10 15 17 20 21 22 25,nicovh
3246,,14,1 3 4 6 7 9 16 17 18 20 21 22 23 24,nicovh
3247,,14,1 3 4 6 7 8 9 10 13 14 20 22 23 25,nicovh
3248,,14,3 6 7 8 9 11 15 16 17 18 20 22 23 25,nicovh
3249,,14,2 5 8 10 11 12 14 17 19 20 21 23 24 25,nicovh
3250,,14,1 2 4 5 8 12 13 15 17 19 20 21 24 25,nicovh
3251,,14,2 3 4 6 7 8 9 10 18 19 20 21 24 25,nicovh
3252,,14,1 3 5 8 9 11 13 15 16 20 21 22 23 24,nicovh
3253,,14,2 5 6 9 10 11 12 13 15 17 18 19 20 22,nicovh
3254,,14,2 3 6 7 9 13 14 15 16 17 18 20 21 24,nicovh
3255,,14,1 5 7 8 11 12 13 14 16 17 19 22 23 25,nicovh
3256,,14,2 4 6 8 9 12 13 14 15 16 20 22 23 25,nicovh
3257,,14,3 9 10 11 12 13 14 15 17 18 19 22 23 24,nicovh
3258,,14,2 3 7 8 9 10 11 13 15 16 18 19 20 23,nicovh
3259,,14,1 3 5 7 9 10 12 13 14 18 20 22 23 24,nicovh
3260,,14,1 2 3 4 6 9 10 12 13 14 17 20 24 25,nicovh
3261,,14,1 2 3 6 7 10 11 12 13 14 16 18 22 24,nicovh
3262,,14,3 4 6 7 10 11 12 13 17 18 19 20 24 25,nicovh
3263,,14,1 8 10 12 13 14 15 16 17 18 20 22 23 25,nicovh
3264,,14,3 6 9 10 12 13 15 16 17 18 21 22 23 25,nicovh
3276,2026-09-06,14,1 3 4 6 8 9 10 11 12 17 18 20 22 25,fernando8955
3277,2026-09-09,14,1 3 4 6 7 11 13 14 15 16 19 22 24 25,fernando8955
3278,2026-09-11,14,2 4 5 6 8 9 10 12 14 15 20 21 22 23,fernando8955
3279,2026-09-13,14,1 4 5 8 9 11 12 14 15 21 22 23 24 25,fernando8955
3280,2026-09-16,14,1 2 5 6 9 10 11 13 14 18 20 22 24 25,fernando8955
3281,2026-09-18,14,5 6 8 9 10 12 13 14 18 20 21 23 24 25,fernando8955
3282,2026-09-20,14,1 2 3 4 7 9 11 13 15 16 17 19 21 22,fernando8955
3283,2026-09-23,14,1 2 3 4 7 8 12 13 16 17 19 21 23 25,fernando8955
3284,2026-09-25,14,2 3 4 5 6 7 8 9 10 11 18 19 20 23,fernando8955
3285,2026-09-27,14,1 4 6 9 10 11 14 15 17 19 20 21 23 24,fernando8955
3286,2026-09-30,14,1 2 3 5 9 12 13 15 17 18 20 21 23 24,fernando8955
3287,2026-10-02,14,2 4 6 7 8 13 14 16 18 19 20 21 23 25,fernando8955
