sorteo,fecha,numeros,comodin,fuente
3077,2011-05-08,10 16 19 26 30 31,7,kaggle
3078,2011-05-12,5 7 16 18 21 39,19,kaggle
3079,2011-05-15,7 12 14 17 20 34,30,kaggle
3080,2011-05-17,16 18 19 33 34 39,14,kaggle
3081,2011-05-22,2 4 26 27 30 37,31,kaggle
3082,2011-05-24,2 16 23 34 35 38,21,kaggle
3083,2011-05-26,1 8 11 14 16 28,12,kaggle
3084,2011-05-29,8 9 13 16 23 41,39,kaggle
3085,2011-05-31,16 17 22 31 32 37,40,kaggle
3086,2011-06-02,4 8 21 27 35 37,3,kaggle
3087,2011-06-05,3 13 17 21 27 31,35,kaggle
3088,2011-06-07,4 5 18 23 28 33,37,kaggle
3089,2011-06-09,1 6 10 16 22 40,35,kaggle
3090,2011-06-12,1 13 20 34 36 40,41,kaggle
3091,2011-06-14,2 13 23 25 30 32,24,kaggle
3092,2011-06-16,11 18 23 26 30 31,1,kaggle
3093,2011-06-19,1 2 9 10 11 16,29,kaggle
3094,2011-06-21,9 21 22 31 37 38,14,kaggle
3095,2011-06-23,7 12 14 28 30 37,4,kaggle
3096,2011-06-26,5 7 9 21 25 28,34,kaggle
3097,2011-06-28,16 27 28 29 37 39,14,kaggle
3098,2011-06-30,15 17 18 33 37 40,38,kaggle
3099,2011-07-03,2 7 8 9 24 25,17,kaggle
3100,2011-07-05,11 14 22 24 37 39,31,kaggle
3101,2011-07-07,4 9 17 28 32 34,5,kaggle
3102,2011-07-10,3 13 14 17 24 27,30,kaggle
3103,2011-07-12,4 11 18 32 36 40,23,kaggle
3104,2011-07-14,4 5 6 7 22 26,35,kaggle
3105,2011-07-17,3 6 15 20 21 27,5,kaggle
3106,2011-07-19,3 9 14 17 30 34,6,kaggle
3107,2011-07-21,2 8 12 22 31 33,9,kaggle
3108,2011-07-24,10 17 24 26 31 37,29,kaggle
3109,2011-07-26,1 5 6 12 19 32,33,kaggle
3110,2011-07-28,5 7 17 29 40 41,12,kaggle
3111,2011-07-31,7 11 18 19 22 36,40,kaggle
3112,2011-08-02,5 9 19 20 26 36,4,kaggle
3113,2011-08-04,5 11 13 16 22 30,23,kaggle
3114,2011-08-07,19 20 21 23 28 38,13,kaggle
3115,2011-08-09,1 12 13 26 31 33,16,kaggle
3116,2011-08-11,6 18 21 22 29 34,16,kaggle
3117,2011-08-14,7 11 20 32 34 39,25,kaggle
3118,2011-08-16,13 33 35 37 40 41,26,kaggle
3119,2011-08-18,9 10 13 16 24 39,33,kaggle
3120,2011-08-21,4 10 12 18 20 32,2,kaggle
3121,2011-08-23,4 15 25 27 29 37,19,kaggle
3122,2011-08-25,7 11 28 33 38 41,18,kaggle
3123,2011-08-28,4 6 15 19 20 26,21,kaggle
3124,2011-08-30,9 14 28 30 34 38,32,kaggle
3125,2011-09-01,1 2 6 19 29 36,10,kaggle
3126,2011-09-04,9 20 21 28 30 32,6,kaggle
3127,2011-09-06,3 16 20 26 28 32,37,kaggle
3128,2011-09-08,8 9 18 20 27 31,35,kaggle
3129,2011-09-11,1 11 21 23 25 41,17,kaggle
3130,2011-09-13,2 8 9 11 17 38,28,kaggle
3131,2011-09-15,5 16 18 26 40 41,25,kaggle
3132,2011-09-18,7 11 15 16 25 37,34,kaggle
3133,2011-09-20,5 7 18 23 35 39,34,kaggle
3134,2011-09-22,12 16 17 19 31 38,9,kaggle
3135,2011-09-25,2 7 8 31 35 41,5,kaggle
3136,2011-09-27,14 23 24 29 33 35,16,kaggle
3137,2011-09-29,3 8 15 17 18 23,40,kaggle
3138,2011-10-02,4 8 14 17 22 36,37,kaggle
3139,2011-10-04,1 5 11 13 18 19,36,kaggle
3140,2011-10-06,2 5 18 19 20 35,27,kaggle
3141,2011-10-09,5 7 12 16 22 39,6,kaggle
3142,2011-10-11,1 2 4 8 10 15,39,kaggle
3143,2011-10-13,10 21 24 29 31 34,13,kaggle
3144,2011-10-16,8 13 17 20 24 32,41,kaggle
3145,2011-10-18,1 8 11 16 22 30,21,kaggle
3146,2011-10-20,11 16 27 30 31 32,3,kaggle
3147,2011-10-23,2 9 10 28 35 38,36,kaggle
3148,2011-10-25,3 8 11 16 27 33,12,kaggle
3149,2011-10-27,4 9 19 23 26 37,15,kaggle
3150,2011-10-30,7 8 16 28 30 35,33,kaggle
3151,2011-11-01,3 10 17 20 32 36,19,kaggle
3152,2011-11-03,7 11 25 31 37 41,21,kaggle
3153,2011-11-06,7 9 13 21 26 31,40,kaggle
3154,2011-11-08,1 5 11 12 24 35,38,kaggle
3155,2011-11-10,4 5 10 17 34 36,35,kaggle
3156,2011-11-13,6 9 12 19 34 37,27,kaggle
3157,2011-11-15,1 3 7 9 27 35,33,kaggle
3158,2011-11-17,4 15 16 19 35 40,33,kaggle
3159,2011-11-20,16 23 25 27 32 33,36,kaggle
3160,2011-11-22,2 20 24 28 36 41,11,kaggle
3161,2011-11-24,12 14 21 22 23 27,18,kaggle
3162,2011-11-27,1 12 23 25 26 32,37,kaggle
3163,2011-11-29,2 4 5 6 38 40,36,kaggle
3164,2011-12-01,6 10 16 29 34 38,15,kaggle
3165,2011-12-04,7 15 25 33 35 37,41,kaggle
3166,2011-12-06,14 20 28 29 34 39,24,kaggle
3167,2011-12-08,4 5 35 36 37 39,33,kaggle
3168,2011-12-11,7 18 28 34 39 40,33,kaggle
3169,2011-12-13,16 18 24 26 30 35,10,kaggle
3170,2011-12-15,3 4 19 31 32 40,6,kaggle
3171,2011-12-18,6 7 8 17 21 39,5,kaggle
3172,2011-12-20,2 8 10 25 36 40,34,kaggle
3173,2011-12-22,9 20 28 31 39 41,36,kaggle
3174,2011-12-25,4 6 7 11 20 32,39,kaggle
3175,2011-12-27,4 24 31 34 35 39,26,kaggle
3176,2011-12-29,1 16 23 26 28 31,2,kaggle
3177,2012-01-01,9 15 22 28 38 39,32,kaggle
3178,2012-01-03,7 14 19 23 26 33,38,kaggle
3179,2012-01-05,3 18 25 29 30 34,21,kaggle
3180,2012-01-08,7 11 18 22 26 38,12,kaggle
3181,2012-01-10,3 10 19 25 26 30,28,kaggle
3182,2012-01-12,8 10 19 23 27 39,40,kaggle
3183,2012-01-15,5 7 8 12 29 38,34,kaggle
3184,2012-01-17,1 3 8 11 31 39,14,kaggle
3185,2012-01-19,1 3 12 13 38 39,35,kaggle
3186,2012-01-22,7 18 25 35 40 41,5,kaggle
3187,2012-01-24,1 2 9 11 25 38,23,kaggle
3188,2012-01-26,2 17 22 25 28 35,23,kaggle
3189,2012-01-29,5 6 8 10 22 26,40,kaggle
3190,2012-01-31,8 10 25 31 38 39,12,kaggle
3191,2012-02-02,5 14 23 30 36 40,24,kaggle
3192,2012-02-05,3 4 11 23 28 34,41,kaggle
3193,2012-02-07,2 5 11 12 13 16,30,kaggle
3194,2012-02-09,8 16 22 29 32 34,6,kaggle
3195,2012-02-12,8 18 19 28 30 31,25,kaggle
3196,2012-02-14,6 17 25 27 29 34,3,kaggle
3197,2012-02-16,6 7 8 12 20 41,10,kaggle
3198,2012-02-19,1 6 7 17 37 38,41,kaggle
3199,2012-02-21,5 11 17 28 32 41,24,kaggle
3200,2012-02-23,2 4 8 18 39 40,17,kaggle
3201,2012-02-26,6 8 9 13 24 40,37,kaggle
3202,2012-02-28,2 5 17 29 32 33,26,kaggle
3203,2012-03-01,3 10 12 30 35 40,38,kaggle
3204,2012-03-04,4 6 9 14 29 39,20,kaggle
3205,2012-03-06,11 18 23 30 32 34,21,kaggle
3206,2012-03-08,4 8 30 33 40 41,23,kaggle
3207,2012-03-11,6 10 29 30 34 40,25,kaggle
3208,2012-03-13,15 19 22 23 24 28,18,kaggle
3209,2012-03-15,3 4 21 36 37 38,40,kaggle
3210,2012-03-18,2 11 13 14 35 40,15,kaggle
3211,2012-03-20,1 2 12 20 35 37,10,kaggle
3212,2012-03-22,24 27 31 35 37 38,17,kaggle
3213,2012-03-25,6 10 14 23 32 38,40,kaggle
3214,2012-03-27,3 4 15 29 30 33,18,kaggle
3215,2012-03-29,5 11 14 20 32 37,17,kaggle
3216,2012-04-01,1 2 6 20 28 29,41,kaggle
3217,2012-04-03,3 5 13 24 25 40,41,kaggle
3218,2012-04-05,4 21 22 24 31 41,7,kaggle
3219,2012-04-08,1 16 18 33 35 41,2,kaggle
3220,2012-04-10,10 11 13 15 22 38,19,kaggle
3221,2012-04-12,16 22 25 26 31 40,15,kaggle
3222,2012-04-15,3 5 7 17 19 40,24,kaggle
3223,2012-04-17,16 29 36 37 39 40,38,kaggle
3224,2012-04-19,5 18 31 32 38 41,28,kaggle
3225,2012-04-22,1 14 22 26 29 34,5,kaggle
3226,2012-04-24,15 16 22 23 29 36,39,kaggle
3227,2012-04-26,6 12 13 16 37 39,25,kaggle
3228,2012-04-29,4 5 6 18 35 39,11,kaggle
3229,2012-05-01,2 6 10 12 31 37,5,kaggle
3230,2012-05-03,3 10 18 35 36 39,1,kaggle
3231,2012-05-06,12 16 18 21 24 26,20,kaggle
3232,2012-05-08,2 8 22 27 34 41,15,kaggle
3233,2012-05-10,5 15 22 24 32 41,18,kaggle
3234,2012-05-13,6 9 17 31 37 38,23,kaggle
3235,2012-05-15,2 5 6 10 27 34,40,kaggle
3236,2012-05-17,11 21 26 27 33 38,31,kaggle
3237,2012-05-20,6 7 11 27 29 35,13,kaggle
3238,2012-05-22,4 8 9 26 34 35,32,kaggle
3239,2012-05-24,11 28 31 32 33 36,22,kaggle
3240,2012-05-27,7 9 20 22 26 34,30,kaggle
3241,2012-05-29,16 19 23 26 31 38,36,kaggle
3242,2012-05-31,6 8 14 16 27 37,21,kaggle
3243,2012-06-03,16 18 23 24 31 38,20,kaggle
3244,2012-06-05,12 13 18 21 29 40,17,kaggle
3245,2012-06-07,9 18 24 31 33 38,36,kaggle
3246,2012-06-10,1 7 14 17 32 37,16,kaggle
3247,2012-06-12,1 5 12 29 30 35,36,kaggle
3248,2012-06-14,2 17 18 20 34 39,19,kaggle
3249,2012-06-17,10 19 25 33 40 41,26,kaggle
3250,2012-06-19,5 6 8 20 22 25,14,kaggle
3251,2012-06-21,7 19 23 28 31 37,10,kaggle
3252,2012-06-24,20 25 30 33 40 41,23,kaggle
3253,2012-06-26,6 7 8 28 29 41,17,kaggle
3254,2012-06-28,19 27 30 31 35 36,39,kaggle
3255,2012-07-01,11 17 20 26 33 41,1,kaggle
3256,2012-07-03,11 23 25 28 30 31,6,kaggle
3257,2012-07-05,3 10 16 19 36 41,26,kaggle
3258,2012-07-08,14 16 24 33 37 39,21,kaggle
3259,2012-07-10,5 9 25 26 32 33,2,kaggle
3260,2012-07-12,6 14 22 25 27 32,20,kaggle
3261,2012-07-15,24 26 31 32 33 41,28,kaggle
3262,2012-07-17,13 21 31 33 34 37,22,kaggle
3263,2012-07-19,7 14 15 23 28 40,2,kaggle
3264,2012-07-22,1 2 5 18 33 41,21,kaggle
3265,2012-07-24,10 14 22 32 35 40,3,kaggle
3266,2012-07-26,6 9 14 15 26 39,2,kaggle
3267,2012-07-29,2 3 6 7 9 16,12,kaggle
3268,2012-07-31,3 21 31 35 39 41,11,kaggle
3269,2012-08-02,1 2 18 22 32 35,30,kaggle
3270,2012-08-05,1 12 23 31 34 40,22,kaggle
3271,2012-08-07,2 5 12 15 27 38,33,kaggle
3272,2012-08-09,9 19 23 25 34 35,4,kaggle
3273,2012-08-12,1 12 14 15 21 35,36,kaggle
3274,2012-08-14,1 4 10 15 32 37,28,kaggle
3275,2012-08-16,2 6 13 26 34 37,16,kaggle
3276,2012-08-19,6 7 8 15 16 31,21,kaggle
3277,2012-08-21,3 11 20 27 29 36,19,kaggle
3278,2012-08-23,2 10 15 25 30 32,33,kaggle
3279,2012-08-26,6 13 27 33 34 36,18,kaggle
3280,2012-08-28,2 3 19 21 25 37,11,kaggle
3281,2012-08-30,1 2 7 9 22 39,23,kaggle
3282,2012-09-02,17 19 26 31 36 38,18,kaggle
3283,2012-09-04,2 14 17 21 33 39,4,kaggle
3284,2012-09-06,2 9 22 23 31 39,15,kaggle
3285,2012-09-09,4 12 21 26 27 41,3,kaggle
3286,2012-09-11,1 11 15 22 29 33,13,kaggle
3287,2012-09-13,4 16 29 31 33 37,36,kaggle
3288,2012-09-16,2 7 8 10 30 33,40,kaggle
3289,2012-09-18,6 9 15 16 21 31,37,kaggle
3290,2012-09-20,9 14 22 23 30 41,1,kaggle
3291,2012-09-23,5 7 8 16 28 31,11,kaggle
3292,2012-09-25,1 5 19 26 36 40,29,kaggle
3293,2012-09-27,1 6 19 30 38 40,26,kaggle
3294,2012-09-30,12 13 14 16 31 39,33,kaggle
3295,2012-10-02,1 5 13 25 26 40,14,kaggle
3296,2012-10-04,1 12 13 23 28 35,32,kaggle
3297,2012-10-07,9 10 17 31 36 40,27,kaggle
3298,2012-10-09,1 3 6 9 13 25,15,kaggle
3299,2012-10-11,9 10 17 21 29 41,18,kaggle
3300,2012-10-14,3 10 11 24 30 35,28,kaggle
3301,2012-10-16,15 19 22 31 34 36,26,kaggle
3302,2012-10-18,3 13 24 27 35 40,36,kaggle
3303,2012-10-21,6 11 19 21 22 34,29,kaggle
3304,2012-10-23,26 28 29 30 37 38,16,kaggle
3305,2012-10-25,5 16 22 25 31 35,36,kaggle
3306,2012-10-28,5 6 12 15 18 28,23,kaggle
3307,2012-10-30,7 14 17 20 25 36,9,kaggle
3308,2012-11-01,17 23 25 28 29 41,35,kaggle
3309,2012-11-04,2 6 8 18 30 32,26,kaggle
3310,2012-11-06,1 3 8 33 37 39,17,kaggle
3311,2012-11-08,3 23 24 28 31 39,34,kaggle
3312,2012-11-11,13 21 23 24 30 32,6,kaggle
3313,2012-11-13,4 11 15 21 26 40,35,kaggle
3314,2012-11-15,6 9 14 17 23 34,20,kaggle
3315,2012-11-18,6 11 17 19 22 27,32,kaggle
3316,2012-11-20,13 15 27 34 37 40,23,kaggle
3317,2012-11-22,7 8 15 29 36 37,41,kaggle
3318,2012-11-25,1 13 16 21 23 40,31,kaggle
3319,2012-11-27,7 8 12 16 22 37,20,kaggle
3320,2012-11-29,8 12 13 24 30 34,20,kaggle
3321,2012-12-02,3 17 20 25 29 31,18,kaggle
3322,2012-12-04,2 18 20 27 33 41,10,kaggle
3323,2012-12-06,3 5 8 24 33 36,30,kaggle
3324,2012-12-09,2 23 33 36 38 39,7,kaggle
3325,2012-12-11,2 8 18 20 24 34,28,kaggle
3326,2012-12-13,2 5 11 16 27 31,34,kaggle
3327,2012-12-16,1 14 16 19 33 38,31,kaggle
3328,2012-12-18,9 11 14 17 28 31,12,kaggle
3329,2012-12-20,8 11 28 34 35 41,12,kaggle
3330,2012-12-23,5 6 13 15 31 32,18,kaggle
3331,2012-12-25,3 9 20 25 30 41,6,kaggle
3332,2012-12-27,4 6 8 15 28 35,21,kaggle
3333,2012-12-30,4 14 15 23 25 37,6,kaggle
3334,2013-01-01,4 5 19 20 29 41,31,kaggle
3335,2013-01-03,1 15 28 29 31 34,24,kaggle
3336,2013-01-06,4 7 15 19 27 40,29,kaggle
3337,2013-01-08,14 18 20 27 39 40,37,kaggle
3338,2013-01-10,4 5 18 22 25 37,40,kaggle
3339,2013-01-13,4 18 21 24 25 39,16,kaggle
3340,2013-01-15,6 9 11 30 35 37,36,kaggle
3341,2013-01-17,8 12 15 18 35 37,22,kaggle
3342,2013-01-20,6 8 16 18 29 38,10,kaggle
3343,2013-01-22,7 12 20 27 39 41,21,kaggle
3344,2013-01-24,4 6 16 26 32 35,27,kaggle
3345,2013-01-27,2 19 26 28 37 40,41,kaggle
3346,2013-01-29,3 4 11 14 29 31,18,kaggle
3347,2013-01-31,2 14 21 22 35 41,39,kaggle
3348,2013-02-03,3 9 21 23 31 39,41,kaggle
3349,2013-02-05,18 22 26 32 33 41,39,kaggle
3350,2013-02-07,11 18 25 28 30 36,19,kaggle
3351,2013-02-10,22 25 28 37 38 40,4,kaggle
3352,2013-02-12,7 13 18 19 27 41,25,kaggle
3353,2013-02-14,3 13 18 26 31 41,38,kaggle
3354,2013-02-17,11 12 13 19 32 40,9,kaggle
3355,2013-02-19,26 30 31 35 36 37,1,kaggle
3356,2013-02-21,4 5 6 8 16 33,34,kaggle
3357,2013-02-24,3 5 14 15 29 35,8,kaggle
3358,2013-02-26,11 13 14 24 32 39,28,kaggle
3359,2013-02-28,2 7 22 24 25 34,13,kaggle
3360,2013-03-03,5 10 25 28 36 37,12,kaggle
3361,2013-03-05,7 21 27 30 36 41,8,kaggle
3362,2013-03-07,9 21 22 32 37 39,33,kaggle
3363,2013-03-10,7 8 15 18 31 34,6,kaggle
3364,2013-03-12,7 16 27 33 34 37,14,kaggle
3365,2013-03-14,11 12 18 23 33 39,25,kaggle
3366,2013-03-17,7 8 17 19 20 30,24,kaggle
3367,2013-03-19,3 10 14 19 22 25,35,kaggle
3368,2013-03-21,5 10 12 15 24 32,17,kaggle
3369,2013-03-24,19 21 25 26 36 41,11,kaggle
3370,2013-03-26,2 11 13 16 24 25,31,kaggle
3371,2013-03-28,5 10 16 24 33 39,2,kaggle
3372,2013-03-31,13 16 20 24 26 32,23,kaggle
3373,2013-04-02,5 11 27 31 33 36,8,kaggle
3374,2013-04-04,3 10 22 26 31 40,28,kaggle
3375,2013-04-07,28 30 33 36 40 41,24,kaggle
3376,2013-04-09,6 16 25 26 31 40,13,kaggle
3377,2013-04-11,1 6 10 15 20 22,8,kaggle
3378,2013-04-14,4 5 6 7 17 19,34,kaggle
3379,2013-04-16,14 29 33 37 39 41,26,kaggle
3380,2013-04-18,2 5 9 16 18 34,1,kaggle
3381,2013-04-21,3 16 21 30 36 38,41,kaggle
3382,2013-04-23,5 12 18 22 24 34,37,kaggle
3383,2013-04-25,24 25 26 28 33 37,16,kaggle
3384,2013-04-28,4 21 22 24 33 34,28,kaggle
3385,2013-04-30,9 20 24 31 32 40,14,kaggle
3386,2013-05-02,9 14 16 25 31 34,8,kaggle
3387,2013-05-05,3 11 16 22 39 41,21,kaggle
3388,2013-05-07,8 10 14 19 25 34,4,kaggle
3389,2013-05-09,1 2 13 22 25 33,11,kaggle
3390,2013-05-12,2 8 20 35 39 40,19,kaggle
3391,2013-05-14,10 15 17 19 24 30,21,kaggle
3392,2013-05-16,7 8 14 20 31 34,26,kaggle
3393,2013-05-19,1 9 11 24 25 36,16,kaggle
3394,2013-05-21,12 22 26 27 38 40,19,kaggle
3395,2013-05-23,4 5 6 21 28 32,38,kaggle
3396,2013-05-26,9 21 25 26 30 40,15,kaggle
3397,2013-05-28,18 20 25 28 30 41,36,kaggle
3398,2013-05-30,1 8 21 32 35 37,18,kaggle
3399,2013-06-02,4 8 14 19 30 37,23,kaggle
3400,2013-06-04,2 10 25 29 31 35,20,kaggle
3401,2013-06-06,10 16 17 20 31 36,38,kaggle
3402,2013-06-09,1 2 14 18 26 36,37,kaggle
3403,2013-06-11,2 4 7 15 25 35,38,kaggle
3404,2013-06-13,2 20 23 28 36 40,22,kaggle
3405,2013-06-16,9 20 21 27 30 39,8,kaggle
3406,2013-06-18,1 2 3 7 27 30,24,kaggle
3407,2013-06-20,1 3 9 10 16 27,14,kaggle
3408,2013-06-23,2 7 16 26 33 38,23,kaggle
3409,2013-06-25,13 26 28 29 32 34,37,kaggle
3410,2013-06-27,1 4 5 11 19 38,41,kaggle
3411,2013-06-30,1 12 19 24 31 38,22,kaggle
3412,2013-07-02,1 15 21 27 29 34,17,kaggle
3413,2013-07-04,4 7 10 18 27 29,23,kaggle
3414,2013-07-07,23 29 30 31 36 38,11,kaggle
3415,2013-07-09,3 8 15 21 30 38,17,kaggle
3416,2013-07-11,8 10 11 17 30 36,18,kaggle
3417,2013-07-14,7 8 26 30 37 41,25,kaggle
3418,2013-07-16,4 8 16 20 22 23,39,kaggle
3419,2013-07-18,3 16 17 36 39 41,19,kaggle
3420,2013-07-21,12 20 24 25 31 36,13,kaggle
3421,2013-07-23,4 9 31 32 34 37,35,kaggle
3422,2013-07-25,7 15 30 31 32 33,28,kaggle
3423,2013-07-28,7 8 22 35 36 38,2,kaggle
3424,2013-07-30,15 23 37 38 40 41,6,kaggle
3425,2013-08-01,3 7 17 26 27 39,5,kaggle
3426,2013-08-04,5 7 13 18 26 36,30,kaggle
3427,2013-08-06,9 28 30 33 34 36,4,kaggle
3428,2013-08-08,3 11 20 28 33 38,14,kaggle
3429,2013-08-11,1 16 20 25 32 33,2,kaggle
3430,2013-08-13,7 19 25 33 34 41,24,kaggle
3431,2013-08-15,2 4 7 24 30 35,14,kaggle
3432,2013-08-18,1 9 13 14 15 23,35,kaggle
3433,2013-08-20,28 29 30 33 34 38,15,kaggle
3434,2013-08-22,1 12 14 19 36 39,29,kaggle
3435,2013-08-25,3 8 12 20 35 41,24,kaggle
3436,2013-08-27,1 2 5 7 28 31,20,kaggle
3437,2013-08-29,12 26 28 32 40 41,17,kaggle
3438,2013-09-01,4 14 17 21 39 41,27,kaggle
3439,2013-09-03,15 19 24 30 33 39,16,kaggle
3440,2013-09-05,11 23 32 35 37 39,7,kaggle
3441,2013-09-08,7 10 16 33 39 40,19,kaggle
3442,2013-09-10,6 7 12 14 29 31,41,kaggle
3443,2013-09-12,5 11 24 26 32 40,30,kaggle
3444,2013-09-15,4 6 20 21 33 37,24,kaggle
3445,2013-09-17,15 22 25 26 37 38,32,kaggle
3446,2013-09-19,13 19 24 25 26 31,18,kaggle
3447,2013-09-22,16 20 21 36 37 38,14,kaggle
3448,2013-09-24,8 14 24 29 38 41,18,kaggle
3449,2013-09-26,1 2 14 15 29 41,33,kaggle
3450,2013-09-29,11 14 19 22 33 39,40,kaggle
3451,2013-10-01,2 8 13 23 26 34,22,kaggle
3452,2013-10-03,2 3 7 19 38 41,17,kaggle
3453,2013-10-06,1 4 11 19 25 37,17,kaggle
3454,2013-10-08,10 16 28 31 38 41,11,kaggle
3455,2013-10-10,11 12 13 14 17 30,7,kaggle
3456,2013-10-13,7 13 15 19 31 35,23,kaggle
3457,2013-10-15,1 4 7 20 28 41,23,kaggle
3458,2013-10-17,6 9 17 19 23 30,41,kaggle
3459,2013-10-20,5 19 20 26 31 37,13,kaggle
3460,2013-10-22,2 14 15 17 26 34,35,kaggle
3461,2013-10-24,3 8 24 28 30 35,9,kaggle
3462,2013-10-27,4 10 11 31 33 34,19,kaggle
3463,2013-10-29,3 5 31 33 37 39,41,kaggle
3464,2013-10-31,1 2 13 15 21 24,17,kaggle
3465,2013-11-03,1 11 17 22 25 33,5,kaggle
3466,2013-11-05,8 16 19 31 37 38,11,kaggle
3467,2013-11-07,4 5 14 16 25 29,23,kaggle
3468,2013-11-10,11 20 27 35 38 41,12,kaggle
3469,2013-11-12,7 12 17 26 31 35,16,kaggle
3470,2013-11-14,3 6 15 22 32 38,37,kaggle
3471,2013-11-17,8 17 26 28 37 40,6,kaggle
3472,2013-11-19,2 6 24 27 32 40,8,kaggle
3473,2013-11-21,3 5 10 13 15 36,21,kaggle
3474,2013-11-24,9 12 13 23 27 29,28,kaggle
3475,2013-11-26,17 30 36 39 40 41,2,kaggle
3476,2013-11-28,5 10 11 20 22 24,17,kaggle
3477,2013-12-01,1 6 7 25 30 37,28,kaggle
3478,2013-12-03,6 7 9 26 28 36,17,kaggle
3479,2013-12-05,3 7 12 18 23 33,41,kaggle
3480,2013-12-08,3 7 13 22 28 32,26,kaggle
3481,2013-12-10,2 4 8 22 28 29,20,kaggle
3482,2013-12-12,2 4 9 14 36 41,31,kaggle
3483,2013-12-15,2 3 15 16 18 20,22,kaggle
3484,2013-12-17,22 24 28 30 36 38,11,kaggle
3485,2013-12-19,2 11 17 21 24 29,4,kaggle
3486,2013-12-22,2 3 15 25 36 41,29,kaggle
3487,2013-12-24,8 12 13 23 30 34,9,kaggle
3488,2013-12-26,3 9 21 25 30 41,34,kaggle
3489,2013-12-29,1 6 13 16 18 26,30,kaggle
3490,2013-12-31,3 8 20 32 33 41,27,kaggle
3491,2014-01-02,3 7 11 12 23 33,26,kaggle
3492,2014-01-05,1 3 30 36 40 41,35,kaggle
3493,2014-01-07,8 9 14 16 21 37,23,kaggle
3494,2014-01-09,5 13 19 23 31 38,2,kaggle
3495,2014-01-12,1 4 7 23 31 32,11,kaggle
3496,2014-01-14,10 13 14 15 20 25,34,kaggle
3497,2014-01-16,17 22 29 30 36 37,21,kaggle
3498,2014-01-19,3 4 12 15 18 28,37,kaggle
3499,2014-01-21,3 4 8 19 23 35,29,kaggle
3500,2014-01-23,1 2 15 18 29 40,10,kaggle
3501,2014-01-26,6 16 18 23 24 38,3,kaggle
3502,2014-01-28,6 26 30 33 38 40,1,kaggle
3503,2014-01-30,8 11 14 19 25 35,1,kaggle
3504,2014-02-02,5 6 12 21 30 35,28,kaggle
3505,2014-02-04,14 15 19 20 34 38,35,kaggle
3506,2014-02-06,4 7 18 23 25 29,5,kaggle
3507,2014-02-09,10 17 18 20 33 38,4,kaggle
3508,2014-02-11,4 26 27 30 35 40,8,kaggle
3509,2014-02-13,3 5 6 22 29 36,15,kaggle
3510,2014-02-16,3 14 17 33 34 35,1,kaggle
3511,2014-02-18,3 6 8 26 27 32,4,kaggle
3512,2014-02-20,4 11 17 19 22 32,27,kaggle
3513,2014-02-23,6 8 23 29 34 40,2,kaggle
3514,2014-02-25,9 16 22 23 30 38,10,kaggle
3515,2014-02-27,10 19 22 32 38 39,20,kaggle
3516,2014-03-02,7 12 20 24 27 41,3,kaggle
3517,2014-03-04,4 7 17 19 30 39,15,kaggle
3518,2014-03-06,8 15 16 24 25 38,9,kaggle
3519,2014-03-09,5 11 21 31 34 40,10,kaggle
3520,2014-03-11,5 11 16 30 31 36,7,kaggle
3521,2014-03-13,4 6 12 17 35 36,11,kaggle
3522,2014-03-16,3 5 8 20 25 30,24,kaggle
3523,2014-03-18,10 16 24 26 37 40,5,kaggle
3524,2014-03-20,1 4 9 11 26 36,5,kaggle
3525,2014-03-23,1 6 27 35 39 40,28,kaggle
3526,2014-03-25,4 19 26 29 33 40,3,kaggle
3527,2014-03-27,5 8 16 18 34 37,26,kaggle
3528,2014-03-30,14 18 33 34 36 38,25,kaggle
3529,2014-04-01,1 2 5 6 22 32,19,kaggle
3530,2014-04-03,1 8 21 23 29 33,5,kaggle
3531,2014-04-06,1 3 6 9 20 24,37,kaggle
3532,2014-04-08,6 17 23 25 32 37,21,kaggle
3533,2014-04-10,8 10 15 27 33 40,29,kaggle
3534,2014-04-13,10 17 21 31 34 36,29,kaggle
3535,2014-04-15,2 6 11 23 25 34,10,kaggle
3536,2014-04-17,1 6 8 9 20 22,37,kaggle
3537,2014-04-20,14 15 20 22 25 38,9,kaggle
3538,2014-04-22,1 4 14 21 22 38,26,kaggle
3539,2014-04-24,2 4 15 21 33 39,1,kaggle
3540,2014-04-27,5 7 19 25 27 40,37,kaggle
3541,2014-04-29,1 5 7 21 33 35,41,kaggle
3542,2014-05-01,3 5 10 13 18 23,27,kaggle
3543,2014-05-04,2 4 27 33 39 41,37,kaggle
3544,2014-05-06,12 14 28 32 36 40,20,kaggle
3545,2014-05-08,8 9 11 22 25 30,24,kaggle
3546,2014-05-11,4 6 9 15 33 34,3,kaggle
3547,2014-05-13,1 3 13 23 24 30,18,kaggle
3548,2014-05-15,15 16 25 36 37 39,2,kaggle
3549,2014-05-18,21 27 30 31 35 36,1,kaggle
3550,2014-05-20,20 21 22 34 35 37,27,kaggle
3551,2014-05-22,2 8 26 28 35 39,38,kaggle
3552,2014-05-25,6 7 8 19 21 31,3,kaggle
3553,2014-05-27,4 6 11 17 19 33,13,kaggle
3554,2014-05-29,4 12 21 24 25 26,3,kaggle
3555,2014-06-01,8 23 32 34 35 39,10,kaggle
3556,2014-06-03,5 11 21 22 24 40,33,kaggle
3557,2014-06-05,6 10 11 13 21 36,39,kaggle
3558,2014-06-08,2 17 20 28 30 39,11,kaggle
3559,2014-06-10,4 21 25 26 27 28,14,kaggle
3560,2014-06-12,21 26 29 35 38 41,17,kaggle
3561,2014-06-15,5 13 14 18 19 41,2,kaggle
3562,2014-06-17,5 6 12 25 29 32,2,kaggle
3563,2014-06-19,2 10 20 29 31 40,8,kaggle
3564,2014-06-22,6 10 22 30 36 37,4,kaggle
3565,2014-06-24,4 13 27 31 35 41,28,kaggle
3566,2014-06-26,9 18 33 36 38 41,39,kaggle
3567,2014-06-29,4 13 17 20 40 41,11,kaggle
3568,2014-07-01,2 5 8 15 34 39,3,kaggle
3569,2014-07-03,5 10 22 29 31 34,16,kaggle
3570,2014-07-06,1 5 21 22 31 41,7,kaggle
3571,2014-07-08,16 23 25 32 38 40,8,kaggle
3572,2014-07-10,1 7 20 21 23 31,39,kaggle
3573,2014-07-13,5 8 22 27 28 35,17,kaggle
3574,2014-07-15,5 10 11 15 27 29,28,kaggle
3575,2014-07-17,4 14 18 20 28 34,32,kaggle
3576,2014-07-20,3 12 25 28 29 31,2,kaggle
3577,2014-07-22,3 11 14 19 23 41,15,kaggle
3578,2014-07-24,3 4 13 24 32 41,11,kaggle
3579,2014-07-27,1 4 10 21 28 30,24,kaggle
3580,2014-07-29,1 7 11 17 27 28,32,kaggle
3581,2014-07-31,8 23 28 31 35 39,22,kaggle
3582,2014-08-03,2 17 21 23 33 36,3,kaggle
3583,2014-08-05,11 13 24 27 31 32,15,kaggle
3584,2014-08-07,7 11 24 30 36 41,13,kaggle
3585,2014-08-10,5 13 19 21 24 33,6,kaggle
3586,2014-08-12,1 8 16 27 34 35,21,kaggle
3587,2014-08-14,9 20 26 28 37 38,27,kaggle
3588,2014-08-17,14 15 17 28 32 39,37,kaggle
3589,2014-08-19,2 9 10 16 21 30,14,kaggle
3590,2014-08-21,3 4 11 12 15 22,24,kaggle
3591,2014-08-24,5 7 14 15 24 37,21,kaggle
3592,2014-08-26,4 12 26 27 29 40,33,kaggle
3593,2014-08-28,10 21 33 37 39 40,15,kaggle
3594,2014-08-31,2 18 23 26 34 41,14,kaggle
3595,2014-09-02,6 7 9 20 23 35,28,kaggle
3596,2014-09-04,10 13 16 30 37 40,4,kaggle
3597,2014-09-07,11 17 18 23 38 39,2,kaggle
3598,2014-09-09,2 5 8 11 30 33,37,kaggle
3599,2014-09-11,5 6 21 24 28 29,10,kaggle
3600,2014-09-14,7 10 12 29 31 36,15,kaggle
3601,2014-09-16,11 25 27 31 32 38,5,kaggle
3602,2014-09-18,6 8 16 17 30 32,15,kaggle
3603,2014-09-21,1 2 22 29 39 40,6,kaggle
3604,2014-09-23,10 12 13 14 17 23,2,kaggle
3605,2014-09-25,4 7 16 23 30 40,21,kaggle
3606,2014-09-28,4 6 10 12 13 24,38,kaggle
3607,2014-09-30,1 22 26 31 32 35,12,kaggle
3608,2014-10-02,12 26 33 36 38 41,29,kaggle
3609,2014-10-05,6 10 17 24 27 40,39,kaggle
3610,2014-10-07,1 5 10 25 34 41,29,kaggle
3611,2014-10-09,1 17 19 24 28 34,31,kaggle
3612,2014-10-12,1 6 11 13 18 29,31,kaggle
3613,2014-10-14,3 19 28 30 31 36,33,kaggle
3614,2014-10-16,11 16 17 26 30 40,14,kaggle
3615,2014-10-19,5 13 18 25 28 35,40,kaggle
3616,2014-10-21,20 21 25 30 34 38,9,kaggle
3617,2014-10-23,7 9 14 24 33 38,39,kaggle
3618,2014-10-26,2 21 24 26 33 36,13,kaggle
3619,2014-10-28,2 15 20 22 27 31,30,kaggle
3620,2014-10-30,1 7 9 13 25 38,37,kaggle
3621,2014-11-02,5 22 23 24 27 38,10,kaggle
3622,2014-11-04,2 7 14 21 32 34,1,kaggle
3623,2014-11-06,9 26 27 33 35 41,13,kaggle
3624,2014-11-09,9 28 29 31 34 35,3,kaggle
3625,2014-11-11,15 21 25 34 37 39,2,kaggle
3626,2014-11-13,16 29 31 35 37 39,6,kaggle
3627,2014-11-16,5 6 9 11 28 31,36,kaggle
3628,2014-11-18,2 6 7 29 34 38,40,kaggle
3629,2014-11-20,9 12 22 30 31 35,6,kaggle
3630,2014-11-23,1 11 14 18 19 20,41,kaggle
3631,2014-11-25,6 10 23 27 28 37,35,kaggle
3632,2014-11-27,1 5 15 20 39 40,35,kaggle
3633,2014-11-30,4 9 13 16 20 38,11,kaggle
3634,2014-12-02,3 8 10 11 14 17,31,kaggle
3635,2014-12-04,5 16 21 22 27 33,3,kaggle
3636,2014-12-07,4 13 20 21 33 37,19,kaggle
3637,2014-12-09,2 9 12 25 28 37,10,kaggle
3638,2014-12-11,5 6 17 24 32 37,25,kaggle
3639,2014-12-14,28 29 34 37 38 40,41,kaggle
3640,2014-12-16,4 16 18 22 33 37,41,kaggle
3641,2014-12-18,4 12 24 27 31 35,30,kaggle
3642,2014-12-21,7 8 18 28 29 32,34,kaggle
3643,2014-12-23,5 8 22 27 39 40,25,kaggle
3644,2014-12-25,3 9 25 32 40 41,21,kaggle
3645,2014-12-28,12 21 28 31 39 40,9,kaggle
3646,2014-12-30,4 5 8 12 16 25,32,kaggle
3647,2015-01-01,4 8 17 20 24 28,30,kaggle
3648,2015-01-04,5 13 20 22 28 31,1,kaggle
3649,2015-01-06,1 13 16 27 32 41,9,kaggle
3650,2015-01-08,3 4 11 22 23 38,1,kaggle
3651,2015-01-11,1 5 6 27 29 30,15,kaggle
3652,2015-01-13,18 21 27 28 36 37,26,kaggle
3653,2015-01-15,10 11 15 28 37 38,7,kaggle
3654,2015-01-18,1 11 13 27 30 33,32,kaggle
3655,2015-01-20,13 19 20 29 34 36,18,kaggle
3656,2015-01-22,17 19 22 33 37 39,16,kaggle
3657,2015-01-25,2 3 6 13 29 39,11,kaggle
3658,2015-01-27,2 10 17 29 38 39,21,kaggle
3659,2015-01-29,2 13 15 24 25 26,28,kaggle
3660,2015-02-01,4 10 13 17 18 20,38,kaggle
3661,2015-02-03,13 14 24 30 35 40,41,kaggle
3662,2015-02-05,13 14 20 31 35 38,17,kaggle
3663,2015-02-10,8 15 28 36 37 41,33,kaggle
3664,2015-02-12,2 4 8 10 23 38,25,kaggle
3665,2015-02-15,1 8 11 17 32 35,40,kaggle
3666,2015-02-17,9 17 22 26 32 36,16,kaggle
3667,2015-02-19,9 12 19 28 35 41,8,kaggle
3668,2015-02-22,9 15 25 29 30 32,19,kaggle
3669,2015-02-24,1 3 12 17 24 27,6,kaggle
3670,2015-02-26,1 5 14 28 30 40,19,kaggle
3671,2015-03-01,4 9 18 30 32 36,22,kaggle
3672,2015-03-03,4 17 18 28 40 41,14,kaggle
3673,2015-03-05,6 13 18 19 21 25,26,kaggle
3674,2015-03-08,6 8 17 18 26 38,19,kaggle
3675,2015-03-10,3 6 7 23 25 40,34,kaggle
3676,2015-03-12,2 17 22 28 31 33,11,kaggle
3677,2015-03-15,3 6 7 15 18 19,10,kaggle
3678,2015-03-17,1 10 16 17 19 28,41,kaggle
3679,2015-03-19,5 18 29 30 33 35,11,kaggle
3680,2015-03-22,1 3 4 9 11 32,25,kaggle
3681,2015-03-24,2 6 9 11 12 27,3,kaggle
3682,2015-03-26,6 7 12 17 22 35,19,kaggle
3683,2015-03-29,4 5 15 28 38 39,36,kaggle
3684,2015-03-31,9 11 12 16 23 33,29,kaggle
3685,2015-04-02,16 17 24 25 37 40,41,kaggle
3686,2015-04-05,13 15 27 32 34 39,36,kaggle
3687,2015-04-07,4 15 17 20 21 28,23,kaggle
3688,2015-04-09,8 9 23 25 28 40,26,kaggle
3689,2015-04-12,11 15 25 29 30 39,10,kaggle
3690,2015-04-14,8 23 28 31 33 40,12,kaggle
3691,2015-04-16,5 12 17 18 20 26,4,kaggle
3692,2015-04-19,8 12 16 24 32 35,4,kaggle
3693,2015-04-21,10 11 23 26 28 31,18,kaggle
3694,2015-04-23,3 7 8 23 37 38,1,kaggle
3695,2015-04-26,5 18 25 27 29 39,38,kaggle
3696,2015-04-28,1 15 18 19 24 26,22,kaggle
3697,2015-04-30,10 15 22 26 31 33,18,kaggle
3698,2015-05-03,11 25 30 33 34 36,21,kaggle
3699,2015-05-05,4 7 10 16 18 36,19,kaggle
3700,2015-05-07,1 11 18 26 36 40,17,kaggle
3701,2015-05-10,1 19 25 36 37 41,32,kaggle
3702,2015-05-12,13 15 18 37 38 41,12,kaggle
3703,2015-05-14,25 26 27 34 38 40,28,kaggle
3704,2015-05-17,6 9 10 17 20 38,16,kaggle
3705,2015-05-19,11 12 15 21 24 41,38,kaggle
3706,2015-05-21,10 11 12 30 32 33,27,kaggle
3707,2015-05-24,6 7 9 14 28 33,39,kaggle
3708,2015-05-26,1 7 20 39 40 41,6,kaggle
3709,2015-05-28,1 15 18 21 25 35,20,kaggle
3710,2015-05-31,7 8 10 19 25 36,34,kaggle
3711,2015-06-02,12 13 15 25 32 35,23,kaggle
3712,2015-06-04,1 10 23 27 29 41,38,kaggle
3713,2015-06-07,5 10 13 19 24 35,38,kaggle
3714,2015-06-09,4 9 17 19 22 36,32,kaggle
3715,2015-06-11,3 10 18 26 31 34,14,kaggle
3716,2015-06-14,10 19 25 26 34 40,39,kaggle
3717,2015-06-16,1 27 29 30 35 39,6,kaggle
3718,2015-06-18,3 12 13 22 26 28,9,kaggle
3719,2015-06-21,6 11 17 20 25 33,14,kaggle
3720,2015-06-23,2 9 12 25 33 35,40,kaggle
3721,2015-06-25,1 2 5 21 30 36,24,kaggle
3722,2015-06-28,4 18 25 31 34 35,17,kaggle
3723,2015-06-30,8 10 15 23 25 29,37,kaggle
3724,2015-07-02,6 8 10 21 24 32,41,kaggle
3725,2015-07-05,1 4 21 28 33 36,9,kaggle
3726,2015-07-07,1 3 4 9 39 41,2,kaggle
3727,2015-07-09,9 12 13 20 24 26,19,kaggle
3728,2015-07-12,1 8 22 28 36 39,24,kaggle
3729,2015-07-14,16 24 25 34 39 41,31,kaggle
3730,2015-07-16,8 19 30 36 38 40,41,kaggle
3731,2015-07-19,5 7 13 14 21 25,15,kaggle
3732,2015-07-21,7 14 16 24 25 33,3,kaggle
3733,2015-07-23,1 4 16 23 26 28,31,kaggle
3734,2015-07-26,5 9 22 27 29 41,25,kaggle
3735,2015-07-28,5 16 19 24 32 41,25,kaggle
3736,2015-07-30,7 9 11 12 17 36,8,kaggle
3737,2015-08-02,3 7 12 16 21 27,17,kaggle
3738,2015-08-04,18 27 30 31 35 37,32,kaggle
3739,2015-08-06,1 4 5 26 32 41,39,kaggle
3740,2015-08-09,9 11 24 27 34 36,5,kaggle
3741,2015-08-11,3 9 19 22 24 35,26,kaggle
3742,2015-08-13,3 14 15 22 23 29,12,kaggle
3743,2015-08-16,3 24 25 31 33 38,40,kaggle
3744,2015-08-18,5 10 16 20 32 36,24,kaggle
3745,2015-08-20,2 4 10 31 34 38,8,kaggle
3746,2015-08-23,1 3 12 27 30 33,9,kaggle
3747,2015-08-25,3 14 19 24 29 39,4,kaggle
3748,2015-08-27,3 4 7 10 25 40,13,kaggle
3749,2015-08-30,6 9 14 21 33 38,39,kaggle
3750,2015-09-01,14 19 20 31 33 34,41,kaggle
3751,2015-09-03,6 7 8 18 34 41,35,kaggle
3752,2015-09-06,9 11 22 30 32 33,2,kaggle
3753,2015-09-08,4 6 7 19 23 31,37,kaggle
3754,2015-09-10,10 20 27 28 33 38,11,kaggle
3755,2015-09-13,2 9 18 34 36 38,28,kaggle
3756,2015-09-15,12 13 15 17 18 24,23,kaggle
3757,2015-09-17,4 5 15 20 24 29,26,kaggle
3758,2015-09-20,2 4 5 26 30 40,15,kaggle
3759,2015-09-22,4 9 12 21 32 37,41,kaggle
3760,2015-09-24,2 6 10 14 31 33,29,kaggle
3761,2015-09-27,26 29 30 31 33 38,3,kaggle
3762,2015-09-29,5 11 23 26 36 37,17,kaggle
3763,2015-10-01,16 22 23 25 28 40,34,kaggle
3764,2015-10-04,2 7 14 26 30 40,8,kaggle
3765,2015-10-06,3 18 25 28 37 41,11,kaggle
3766,2015-10-08,15 16 28 29 34 37,8,kaggle
3767,2015-10-11,21 22 23 29 37 39,3,kaggle
3768,2015-10-13,2 5 6 21 22 26,7,kaggle
3769,2015-10-15,1 9 20 22 26 33,40,kaggle
3770,2015-10-18,1 9 10 22 24 27,18,kaggle
3771,2015-10-20,13 17 20 23 30 38,15,kaggle
3772,2015-10-22,5 7 10 26 27 37,1,kaggle
3773,2015-10-25,5 7 9 15 25 35,2,kaggle
3774,2015-10-27,12 14 20 22 24 31,32,kaggle
3775,2015-10-29,16 26 27 36 38 39,10,kaggle
3776,2015-11-01,18 24 27 29 31 38,11,kaggle
3777,2015-11-03,2 7 21 31 33 34,23,kaggle
3778,2015-11-05,3 4 7 10 13 29,33,kaggle
3779,2015-11-08,6 7 8 16 17 34,22,kaggle
3780,2015-11-10,1 2 4 11 13 15,24,kaggle
3781,2015-11-12,17 18 19 28 39 40,30,kaggle
3782,2015-11-15,4 13 16 20 30 36,2,kaggle
3783,2015-11-17,11 15 21 37 40 41,9,kaggle
3784,2015-11-19,1 2 4 28 37 39,32,kaggle
3785,2015-11-22,2 7 8 22 29 38,36,kaggle
3786,2015-11-24,7 28 29 31 38 39,2,kaggle
3787,2015-11-26,5 8 10 15 26 36,24,kaggle
3788,2015-11-29,13 18 28 30 32 34,17,kaggle
3789,2015-12-01,8 12 24 26 30 31,11,kaggle
3790,2015-12-03,16 19 20 28 31 32,2,kaggle
3791,2015-12-06,4 11 14 17 25 32,40,kaggle
3792,2015-12-08,3 13 20 26 29 38,31,kaggle
3793,2015-12-10,6 7 8 11 28 35,2,kaggle
3794,2015-12-13,6 9 16 21 27 31,4,kaggle
3795,2015-12-15,5 6 7 10 17 41,27,kaggle
3796,2015-12-17,10 13 20 22 28 33,3,kaggle
3797,2015-12-20,2 16 32 33 34 41,24,kaggle
3798,2015-12-22,2 3 12 26 30 33,37,kaggle
3799,2015-12-24,4 23 25 29 30 41,2,kaggle
3800,2015-12-27,7 12 24 26 32 36,4,kaggle
3801,2015-12-29,3 9 15 17 31 35,38,kaggle
3802,2015-12-31,5 19 24 25 31 35,18,kaggle
3803,2016-01-03,7 14 16 19 24 35,5,kaggle
3804,2016-01-05,3 8 11 20 23 24,25,kaggle
3805,2016-01-07,1 5 10 12 14 18,4,kaggle
3806,2016-01-10,16 18 22 23 34 36,38,kaggle
3807,2016-01-12,1 19 22 35 36 37,5,kaggle
3808,2016-01-14,2 8 18 24 32 38,28,kaggle
3809,2016-01-17,9 14 15 22 35 38,29,kaggle
3810,2016-01-19,15 19 20 30 31 41,14,kaggle
3811,2016-01-21,2 24 34 35 37 39,20,kaggle
3812,2016-01-24,9 15 25 28 33 39,3,kaggle
3813,2016-01-26,3 6 12 16 29 34,32,kaggle
3814,2016-01-28,2 7 12 22 30 35,23,kaggle
3815,2016-01-31,1 13 25 33 35 37,20,kaggle
3816,2016-02-02,4 17 22 24 34 39,2,kaggle
3817,2016-02-04,6 9 15 18 19 39,4,kaggle
3818,2016-02-07,7 11 16 18 28 35,19,kaggle
3819,2016-02-09,9 13 24 25 38 40,1,kaggle
3820,2016-02-11,5 15 27 29 32 40,25,kaggle
3821,2016-02-14,1 5 21 22 27 28,26,kaggle
3822,2016-02-16,1 6 14 19 22 40,2,kaggle
3823,2016-02-18,4 9 20 23 28 35,17,kaggle
3824,2016-02-21,17 22 23 29 36 37,35,kaggle
3825,2016-02-23,1 4 27 36 38 39,18,kaggle
3826,2016-02-25,8 13 16 30 32 40,1,kaggle
3827,2016-02-28,4 13 23 25 29 39,32,kaggle
3828,2016-03-01,1 5 14 16 28 35,21,kaggle
3829,2016-03-03,2 6 18 20 33 40,12,kaggle
3830,2016-03-06,6 14 16 17 22 34,18,kaggle
3831,2016-03-08,20 31 35 38 40 41,5,kaggle
3832,2016-03-10,1 5 18 33 34 35,29,kaggle
3833,2016-03-13,5 12 17 24 32 41,11,kaggle
3834,2016-03-15,2 6 7 28 33 40,14,kaggle
3835,2016-03-17,5 17 28 30 33 41,3,kaggle
3836,2016-03-20,2 15 18 25 29 36,17,kaggle
3837,2016-03-22,4 5 6 8 17 35,1,kaggle
3838,2016-03-24,2 4 14 17 30 40,33,kaggle
3839,2016-03-27,5 9 18 29 39 40,16,kaggle
3840,2016-03-29,4 5 14 30 33 38,26,kaggle
3841,2016-03-31,5 12 13 29 31 37,28,kaggle
3842,2016-04-03,3 12 20 21 26 36,5,kaggle
3843,2016-04-05,1 3 11 15 21 35,16,kaggle
3844,2016-04-07,1 2 3 24 32 36,18,kaggle
3845,2016-04-10,17 27 29 30 37 39,33,kaggle
3846,2016-04-12,7 9 22 29 31 40,39,kaggle
3847,2016-04-14,1 2 3 7 11 34,14,kaggle
3848,2016-04-17,11 12 15 16 18 37,38,kaggle
3849,2016-04-19,6 13 14 19 20 21,9,kaggle
3850,2016-04-21,6 14 18 24 27 41,20,kaggle
3851,2016-04-24,12 13 15 22 31 37,39,kaggle
3852,2016-04-26,15 21 24 28 33 34,14,kaggle
3853,2016-04-28,5 7 11 17 26 34,19,kaggle
3854,2016-05-01,2 5 9 14 21 27,19,kaggle
3855,2016-05-03,4 5 6 7 37 40,34,kaggle
3856,2016-05-05,7 10 14 16 19 23,24,kaggle
3857,2016-05-08,4 7 11 14 30 41,28,kaggle
3858,2016-05-10,1 8 19 20 27 30,13,kaggle
3859,2016-05-12,5 17 19 23 27 30,7,kaggle
3860,2016-05-15,10 14 15 20 28 32,34,kaggle
3861,2016-05-17,17 20 29 32 38 39,30,kaggle
3862,2016-05-19,6 16 24 31 32 40,3,kaggle
3863,2016-05-22,7 20 22 24 31 34,2,kaggle
3864,2016-05-24,10 12 13 29 32 40,39,kaggle
3865,2016-05-26,5 6 9 17 19 39,34,kaggle
3866,2016-05-29,5 8 16 20 37 38,39,kaggle
3867,2016-05-31,3 17 26 27 28 39,20,kaggle
3868,2016-06-02,3 5 13 18 27 38,8,kaggle
3869,2016-06-05,5 7 9 15 33 35,18,kaggle
3870,2016-06-07,2 18 19 21 30 40,20,kaggle
3871,2016-06-09,1 9 15 28 32 41,27,kaggle
3872,2016-06-12,2 9 21 25 26 38,10,kaggle
3873,2016-06-14,8 12 13 17 27 37,41,kaggle
3874,2016-06-16,6 10 23 24 35 36,14,kaggle
3875,2016-06-19,1 5 14 28 30 32,10,kaggle
3876,2016-06-21,2 3 4 26 28 31,40,kaggle
3877,2016-06-23,2 3 8 30 32 41,14,kaggle
3878,2016-06-26,2 4 16 27 35 36,8,kaggle
3879,2016-06-28,12 16 17 21 38 40,8,kaggle
3880,2016-06-30,1 3 4 14 17 21,37,kaggle
3881,2016-07-03,4 17 23 24 34 35,5,kaggle
3882,2016-07-05,16 20 27 28 34 40,38,kaggle
3883,2016-07-07,4 7 11 24 28 37,9,kaggle
3884,2016-07-10,11 13 15 21 22 31,27,kaggle
3885,2016-07-12,2 7 8 14 28 37,27,kaggle
3886,2016-07-14,5 9 18 30 36 39,1,kaggle
3887,2016-07-17,5 11 25 26 32 37,3,kaggle
3888,2016-07-19,3 12 13 19 33 40,8,kaggle
3889,2016-07-21,3 22 24 27 30 38,14,kaggle
3890,2016-07-24,2 5 8 17 18 33,23,kaggle
3891,2016-07-26,14 19 24 25 29 41,5,kaggle
3892,2016-07-28,15 16 17 20 30 32,9,kaggle
3893,2016-07-31,14 17 18 20 24 37,9,kaggle
3894,2016-08-02,4 10 11 13 31 32,28,kaggle
3895,2016-08-04,20 29 33 36 37 39,10,kaggle
3896,2016-08-07,4 14 15 30 36 37,35,kaggle
3897,2016-08-09,4 13 14 28 30 35,21,kaggle
3898,2016-08-11,8 10 20 25 31 40,3,kaggle
3899,2016-08-14,2 19 20 24 31 33,6,kaggle
3900,2016-08-16,2 3 20 27 33 34,4,kaggle
3901,2016-08-18,11 13 15 19 25 37,31,kaggle
3902,2016-08-21,3 8 10 24 31 36,9,kaggle
3903,2016-08-23,17 21 23 32 34 39,35,kaggle
3904,2016-08-25,11 13 21 26 33 34,9,kaggle
3905,2016-08-28,12 19 34 36 37 38,10,kaggle
3906,2016-08-30,13 17 26 32 40 41,18,kaggle
3907,2016-09-01,3 6 10 11 27 33,31,kaggle
3908,2016-09-04,15 16 21 29 39 41,35,kaggle
3909,2016-09-06,3 10 17 30 36 40,38,kaggle
3910,2016-09-08,4 5 6 21 22 30,38,kaggle
3911,2016-09-11,6 7 11 14 25 41,3,kaggle
3912,2016-09-13,6 9 23 29 35 36,13,kaggle
3913,2016-09-15,3 7 11 17 24 32,9,kaggle
3914,2016-09-18,1 2 29 30 35 40,7,kaggle
3915,2016-09-20,3 12 20 25 33 38,18,kaggle
3916,2016-09-22,15 16 17 25 33 37,40,kaggle
3917,2016-09-25,1 6 9 35 37 39,27,kaggle
3918,2016-09-27,4 14 16 19 25 33,6,kaggle
3919,2016-09-29,2 19 27 31 33 35,9,kaggle
3920,2016-10-02,11 12 20 28 34 41,2,kaggle
3921,2016-10-04,1 4 9 28 31 33,18,kaggle
3922,2016-10-06,5 8 13 16 31 37,10,kaggle
3923,2016-10-09,4 13 14 28 33 37,29,kaggle
3924,2016-10-11,4 9 10 22 24 33,17,kaggle
3925,2016-10-13,6 15 33 34 35 38,30,kaggle
3926,2016-10-16,7 15 23 30 36 40,24,kaggle
3927,2016-10-18,8 9 17 21 28 30,2,kaggle
3928,2016-10-20,1 3 7 20 25 38,15,kaggle
3929,2016-10-23,5 9 15 29 35 39,17,kaggle
3930,2016-10-25,7 23 25 27 30 32,26,kaggle
3931,2016-10-27,2 11 16 27 30 41,21,kaggle
3932,2016-10-30,4 5 22 25 31 34,29,kaggle
3933,2016-11-01,9 18 23 24 37 40,30,kaggle
3934,2016-11-03,8 11 13 14 23 31,37,kaggle
3935,2016-11-06,1 5 8 18 19 29,36,kaggle
3936,2016-11-08,3 11 28 32 38 41,34,kaggle
3937,2016-11-10,2 4 12 20 27 33,14,kaggle
3938,2016-11-13,2 4 20 26 33 36,1,kaggle
3939,2016-11-15,15 19 25 26 28 41,3,kaggle
3940,2016-11-17,6 19 22 25 32 37,2,kaggle
3941,2016-11-20,8 14 25 28 38 39,33,kaggle
3942,2016-11-22,1 2 8 17 22 40,25,kaggle
3943,2016-11-24,11 12 16 17 20 41,26,kaggle
3944,2016-11-27,1 10 11 34 38 39,21,kaggle
3945,2016-11-29,1 16 18 21 27 33,28,kaggle
3946,2016-12-01,8 12 14 18 37 38,27,kaggle
3947,2016-12-04,1 12 18 23 26 31,25,kaggle
3948,2016-12-06,4 8 12 21 23 33,39,kaggle
3949,2016-12-08,9 22 23 25 31 32,19,kaggle
3950,2016-12-11,2 14 15 25 31 38,17,kaggle
3951,2016-12-13,6 13 18 20 24 38,22,kaggle
3952,2016-12-15,5 11 30 33 34 35,4,kaggle
3953,2016-12-18,4 21 26 35 39 40,28,kaggle
3954,2016-12-20,5 10 14 23 28 38,18,kaggle
3955,2016-12-22,15 20 23 25 33 38,29,kaggle
3956,2016-12-25,21 23 27 31 36 41,17,kaggle
3957,2016-12-27,1 3 5 37 38 40,41,kaggle
3958,2016-12-29,2 6 15 23 34 37,12,kaggle
3959,2017-01-01,15 16 21 26 31 33,11,kaggle
3960,2017-01-03,12 18 24 27 28 33,17,kaggle
3961,2017-01-05,4 14 22 30 39 40,41,kaggle
3962,2017-01-08,5 6 19 33 34 37,28,kaggle
3963,2017-01-10,14 19 27 30 36 37,16,kaggle
3964,2017-01-12,5 16 34 38 39 40,24,kaggle
3965,2017-01-15,14 16 19 35 37 41,33,kaggle
3966,2017-01-17,3 13 19 29 34 35,36,kaggle
3967,2017-01-19,6 10 26 28 31 41,25,kaggle
3968,2017-01-22,6 20 24 25 30 38,13,kaggle
3969,2017-01-24,7 8 13 29 35 37,30,kaggle
3970,2017-01-26,1 5 18 33 35 38,15,kaggle
3971,2017-01-29,2 7 16 19 26 36,30,kaggle
3972,2017-01-31,2 8 17 18 22 27,16,kaggle
3973,2017-02-02,3 9 28 32 33 37,26,kaggle
3974,2017-02-05,1 2 10 19 31 40,5,kaggle
3975,2017-02-07,3 5 6 9 16 31,17,kaggle
3976,2017-02-09,1 2 21 31 35 38,25,kaggle
3977,2017-02-12,6 12 15 25 30 32,8,kaggle
3978,2017-02-14,5 14 19 22 33 35,10,kaggle
3979,2017-02-16,8 9 33 38 39 40,29,kaggle
3980,2017-02-19,5 11 12 15 23 27,35,kaggle
3981,2017-02-21,1 5 11 22 32 33,20,kaggle
3982,2017-02-23,7 9 16 23 31 41,2,kaggle
3983,2017-02-26,1 3 8 11 32 40,2,kaggle
3984,2017-02-28,2 6 28 31 35 40,21,kaggle
3985,2017-03-02,3 11 21 23 26 32,24,kaggle
3986,2017-03-05,1 4 5 21 22 24,19,kaggle
3987,2017-03-07,10 14 24 29 33 41,1,kaggle
3988,2017-03-09,2 9 22 29 30 36,18,kaggle
3989,2017-03-12,5 7 16 18 24 33,31,kaggle
3990,2017-03-14,3 11 19 20 25 28,37,kaggle
3991,2017-03-16,2 11 20 23 33 37,25,kaggle
3992,2017-03-19,6 11 15 17 23 38,14,kaggle
3993,2017-03-21,3 11 17 22 35 37,1,kaggle
3994,2017-03-23,1 19 21 30 35 38,40,kaggle
3995,2017-03-26,3 6 7 16 21 34,20,kaggle
3996,2017-03-28,1 4 21 24 29 34,38,kaggle
3997,2017-03-30,1 20 23 30 34 38,26,kaggle
3998,2017-04-02,3 8 13 34 40 41,11,kaggle
3999,2017-04-04,12 17 22 25 38 40,15,kaggle
4000,2017-04-06,18 19 21 22 31 33,29,kaggle
4001,2017-04-09,3 15 16 21 23 25,13,kaggle
4002,2017-04-11,8 9 20 21 37 41,19,kaggle
4003,2017-04-13,6 14 20 23 33 34,41,kaggle
4004,2017-04-16,9 11 19 20 28 36,8,kaggle
4005,2017-04-18,12 13 16 27 34 35,25,kaggle
4006,2017-04-20,5 10 15 16 18 38,33,kaggle
4007,2017-04-23,9 11 12 16 18 39,23,kaggle
4008,2017-04-25,7 12 23 26 36 40,32,kaggle
4009,2017-04-27,5 12 13 17 18 24,10,kaggle
4010,2017-04-30,7 8 11 30 33 38,40,kaggle
4011,2017-05-02,6 9 20 22 25 32,18,kaggle
4012,2017-05-04,9 11 12 25 30 36,4,kaggle
4013,2017-05-07,8 12 17 20 36 37,3,kaggle
4014,2017-05-09,7 23 27 28 32 41,34,kaggle
4015,2017-05-11,9 21 25 29 36 41,19,kaggle
4016,2017-05-14,2 21 24 28 34 35,7,kaggle
4017,2017-05-16,7 9 16 22 24 29,2,kaggle
4018,2017-05-18,8 13 19 23 31 38,29,kaggle
4019,2017-05-21,1 4 20 23 29 34,17,kaggle
4020,2017-05-23,4 6 22 32 33 34,39,kaggle
4021,2017-05-25,6 14 16 22 31 37,20,kaggle
4022,2017-05-28,4 5 11 16 21 29,37,kaggle
4023,2017-05-30,2 20 24 28 30 41,16,kaggle
4024,2017-06-01,7 10 12 19 28 40,13,kaggle
4025,2017-06-04,4 18 19 22 38 40,34,kaggle
4026,2017-06-06,11 15 21 26 29 32,28,kaggle
4027,2017-06-08,1 21 27 31 32 39,15,kaggle
4028,2017-06-11,10 11 14 25 32 35,33,kaggle
4029,2017-06-13,3 6 22 32 34 39,10,kaggle
4030,2017-06-15,1 8 17 19 27 31,18,kaggle
4031,2017-06-18,1 11 13 16 21 24,28,kaggle
4032,2017-06-20,7 9 16 21 22 26,20,kaggle
4033,2017-06-22,9 20 24 27 36 37,5,kaggle
4034,2017-06-25,3 9 13 30 32 39,38,kaggle
4035,2017-06-27,4 10 28 29 35 36,9,kaggle
4036,2017-06-29,5 7 14 33 37 38,31,kaggle
4037,2017-07-02,3 4 7 13 19 27,25,kaggle
4038,2017-07-04,1 5 12 20 23 40,4,kaggle
4039,2017-07-06,2 5 7 9 21 34,3,kaggle
4040,2017-07-09,4 22 24 27 34 35,30,kaggle
4041,2017-07-11,2 8 13 16 21 29,24,kaggle
4042,2017-07-13,4 12 14 15 23 39,1,kaggle
4043,2017-07-16,3 9 21 27 37 40,24,kaggle
4044,2017-07-18,4 19 27 28 29 32,40,kaggle
4045,2017-07-20,1 14 16 20 30 37,2,kaggle
4046,2017-07-23,13 14 25 29 40 41,20,kaggle
4047,2017-07-25,2 13 15 19 30 37,28,kaggle
4048,2017-07-27,6 17 19 24 28 31,1,kaggle
4049,2017-07-30,3 15 16 19 26 34,33,kaggle
4050,2017-08-01,1 3 16 19 20 24,18,kaggle
4051,2017-08-03,6 8 9 19 38 41,21,kaggle
4052,2017-08-06,3 10 22 29 39 40,18,kaggle
4053,2017-08-08,10 18 20 21 23 30,33,kaggle
4054,2017-08-10,2 6 11 16 21 30,29,kaggle
4055,2017-08-13,4 15 22 26 34 37,18,kaggle
4056,2017-08-15,1 9 19 22 31 37,38,kaggle
4057,2017-08-17,6 7 13 14 31 41,38,kaggle
4058,2017-08-20,8 9 10 17 19 39,21,kaggle
4059,2017-08-22,1 3 13 28 33 34,2,kaggle
4060,2017-08-24,21 24 25 26 27 28,1,kaggle
4061,2017-08-27,1 12 13 19 29 36,20,kaggle
4062,2017-08-29,4 7 15 18 35 38,37,kaggle
4063,2017-08-31,4 5 26 29 32 40,8,kaggle
4064,2017-09-03,6 10 13 28 31 33,5,kaggle
4065,2017-09-05,1 7 16 20 21 38,27,kaggle
4066,2017-09-07,5 6 8 9 11 18,14,kaggle
4067,2017-09-10,3 7 13 26 29 36,12,kaggle
4068,2017-09-12,3 10 16 32 36 41,39,kaggle
4069,2017-09-14,7 8 14 21 35 41,4,kaggle
4070,2017-09-17,8 10 11 15 33 41,1,kaggle
4071,2017-09-19,6 10 11 29 33 40,36,kaggle
4072,2017-09-21,2 4 15 23 28 34,33,kaggle
4073,2017-09-24,9 12 18 26 31 35,41,kaggle
4074,2017-09-26,5 8 11 13 18 23,30,kaggle
4075,2017-09-28,12 13 14 21 24 39,34,kaggle
4076,2017-10-01,8 9 19 25 36 38,37,kaggle
4077,2017-10-03,2 3 9 10 19 39,38,kaggle
4078,2017-10-05,1 15 16 26 29 41,40,kaggle
4079,2017-10-08,2 12 15 21 27 28,41,kaggle
4080,2017-10-10,2 3 30 32 38 41,37,kaggle
4081,2017-10-12,5 10 22 32 35 39,33,kaggle
4082,2017-10-15,10 11 28 29 36 40,14,kaggle
4083,2017-10-17,1 4 7 12 14 36,17,kaggle
4084,2017-10-19,1 6 14 19 28 37,20,kaggle
4085,2017-10-22,20 22 31 33 39 41,29,kaggle
4086,2017-10-24,4 18 21 23 30 40,22,kaggle
4087,2017-10-26,4 10 21 24 31 33,15,kaggle
4088,2017-10-29,15 20 22 27 31 33,41,kaggle
4089,2017-10-31,3 8 26 29 34 39,23,kaggle
4090,2017-11-02,2 12 19 26 37 38,29,kaggle
4091,2017-11-05,6 7 10 12 28 31,5,kaggle
4092,2017-11-07,6 13 15 21 29 30,8,kaggle
4093,2017-11-09,8 9 25 32 36 41,37,kaggle
4094,2017-11-12,1 9 21 26 35 40,38,kaggle
4095,2017-11-14,2 4 19 24 29 33,17,kaggle
4096,2017-11-16,8 14 16 17 24 30,38,kaggle
4097,2017-11-19,10 20 21 23 24 34,2,kaggle
4098,2017-11-21,1 4 5 18 20 35,33,kaggle
4099,2017-11-23,7 15 16 23 37 38,8,kaggle
4100,2017-11-26,18 23 27 38 39 40,15,kaggle
4101,2017-11-28,3 13 14 17 25 35,12,kaggle
4102,2017-11-30,6 8 16 34 36 40,9,kaggle
4103,2017-12-03,3 14 19 20 26 33,23,kaggle
4104,2017-12-05,2 12 21 23 29 31,11,kaggle
4105,2017-12-07,9 11 15 22 31 37,26,kaggle
4106,2017-12-10,7 14 16 32 35 38,4,kaggle
4107,2017-12-12,13 17 19 20 34 39,27,kaggle
4108,2017-12-14,5 15 28 34 37 39,6,kaggle
4109,2017-12-17,4 8 10 13 23 41,31,kaggle
4110,2017-12-19,9 14 17 27 32 36,23,kaggle
4111,2017-12-21,6 13 15 34 35 37,2,kaggle
4112,2017-12-24,3 4 14 15 23 29,16,kaggle
4113,2017-12-26,5 15 23 26 30 31,19,kaggle
4114,2017-12-28,1 3 10 13 25 33,17,kaggle
4115,2017-12-31,15 17 18 23 33 38,29,kaggle
4116,2018-01-02,6 10 18 27 34 40,36,kaggle
4117,2018-01-04,8 11 20 27 30 32,23,kaggle
4118,2018-01-07,13 14 17 20 33 40,23,kaggle
4119,2018-01-09,5 8 16 18 21 32,36,kaggle
4120,2018-01-11,2 6 22 23 34 37,27,kaggle
4121,2018-01-14,1 2 11 26 37 39,25,kaggle
4122,2018-01-16,2 12 18 22 30 35,16,kaggle
4123,2018-01-18,4 6 25 26 31 39,12,kaggle
4124,2018-01-21,5 6 20 21 30 37,12,kaggle
4125,2018-01-23,10 15 18 32 33 36,20,kaggle
4126,2018-01-25,11 15 27 28 32 40,4,kaggle
4127,2018-01-28,3 11 16 21 35 41,20,kaggle
4128,2018-01-30,9 12 13 23 31 35,24,kaggle
4129,2018-02-01,5 6 24 29 32 36,33,kaggle
4130,2018-02-04,5 17 25 30 32 34,19,kaggle
4131,2018-02-06,3 25 26 30 36 38,10,kaggle
4132,2018-02-08,1 18 20 30 35 40,16,kaggle
4133,2018-02-11,8 13 19 20 28 39,7,kaggle
4134,2018-02-13,5 20 21 22 29 30,34,kaggle
4135,2018-02-15,1 3 18 19 33 37,23,kaggle
4136,2018-02-18,4 16 22 26 33 40,14,kaggle
4137,2018-02-20,16 25 26 38 39 41,8,kaggle
4138,2018-02-22,2 7 17 21 22 37,6,kaggle
4139,2018-02-25,5 24 27 32 35 38,2,kaggle
4140,2018-02-27,3 10 25 36 39 40,34,kaggle
4141,2018-03-01,4 5 14 18 25 28,20,kaggle
4142,2018-03-04,11 13 16 21 37 41,6,kaggle
4143,2018-03-06,7 14 18 28 32 33,30,kaggle
4144,2018-03-08,12 16 17 25 38 40,39,kaggle
4145,2018-03-11,1 6 14 31 36 39,35,kaggle
4146,2018-03-13,2 6 12 18 29 36,10,kaggle
4147,2018-03-15,5 20 25 26 30 36,1,kaggle
4148,2018-03-18,5 11 21 22 32 34,37,kaggle
4149,2018-03-20,3 6 9 15 32 33,24,kaggle
4150,2018-03-22,3 10 11 16 28 34,25,kaggle
4151,2018-03-25,2 3 8 20 22 41,34,kaggle
4152,2018-03-27,3 13 14 15 26 33,39,kaggle
4153,2018-03-29,11 12 13 19 22 38,5,kaggle
4154,2018-04-01,13 21 23 29 34 39,16,kaggle
4155,2018-04-03,10 21 29 33 34 40,38,kaggle
4156,2018-04-05,3 12 22 25 31 36,35,kaggle
4157,2018-04-08,5 9 20 28 34 35,37,kaggle
4158,2018-04-10,12 18 19 30 33 39,40,kaggle
4159,2018-04-12,13 21 22 33 40 41,29,kaggle
4160,2018-04-15,2 9 12 19 25 28,30,kaggle
4161,2018-04-17,11 15 20 35 37 38,18,kaggle
4162,2018-04-19,3 10 20 23 27 34,30,kaggle
4163,2018-04-22,8 14 15 22 34 41,39,kaggle
4164,2018-04-24,13 16 32 35 36 37,33,kaggle
4165,2018-04-26,2 14 18 22 31 37,38,kaggle
4166,2018-04-29,5 12 22 26 27 28,6,kaggle
4167,2018-05-01,11 12 19 21 30 41,8,kaggle
4168,2018-05-03,9 12 17 18 29 39,38,kaggle
4169,2018-05-06,2 7 14 32 33 36,19,kaggle
4170,2018-05-08,8 9 28 32 33 38,16,kaggle
4171,2018-05-10,4 5 10 24 26 29,36,kaggle
4172,2018-05-13,1 13 15 24 25 35,19,kaggle
4173,2018-05-15,6 8 18 26 30 36,34,kaggle
4174,2018-05-17,8 13 24 25 33 40,23,kaggle
4175,2018-05-20,6 9 12 19 20 30,5,kaggle
4176,2018-05-22,7 8 16 24 28 32,30,kaggle
4177,2018-05-24,1 4 5 7 9 14,31,kaggle
4178,2018-05-27,2 4 18 22 39 41,11,kaggle
4179,2018-05-29,5 8 11 12 15 40,20,kaggle
4180,2018-05-31,2 12 13 19 32 38,34,kaggle
4181,2018-06-03,7 11 20 22 25 33,21,kaggle
4182,2018-06-05,3 12 25 38 40 41,7,kaggle
4183,2018-06-07,9 14 16 25 34 38,2,kaggle
4184,2018-06-10,4 9 11 15 21 32,12,kaggle
4185,2018-06-12,6 8 13 29 30 37,33,kaggle
4186,2018-06-14,1 12 17 21 25 37,34,kaggle
4187,2018-06-17,8 18 19 27 32 38,10,kaggle
4188,2018-06-19,1 9 14 18 19 23,8,kaggle
4189,2018-06-21,2 6 22 25 29 30,17,kaggle
4190,2018-06-24,5 19 29 34 38 40,25,kaggle
4191,2018-06-26,13 14 15 29 37 39,26,kaggle
4192,2018-06-28,20 23 27 30 32 39,7,kaggle
4193,2018-07-01,7 12 17 19 22 40,33,kaggle
4194,2018-07-03,7 8 10 33 35 38,36,kaggle
4195,2018-07-05,13 15 16 21 25 33,7,kaggle
4196,2018-07-08,2 3 7 13 24 40,33,kaggle
4197,2018-07-10,22 25 28 30 32 37,36,kaggle
4198,2018-07-12,12 13 17 19 23 36,6,kaggle
4199,2018-07-15,19 22 26 29 34 39,3,kaggle
4200,2018-07-17,9 26 28 32 35 39,33,kaggle
4201,2018-07-19,2 10 20 27 31 33,36,kaggle
4202,2018-07-22,6 13 14 21 25 32,28,kaggle
4203,2018-07-24,7 20 25 27 32 41,17,kaggle
4204,2018-07-26,6 20 27 29 37 41,35,kaggle
4205,2018-07-29,5 8 12 14 18 22,21,kaggle
4206,2018-07-31,12 14 20 21 22 39,41,kaggle
4207,2018-08-02,15 17 22 27 28 38,36,kaggle
4208,2018-08-05,3 18 21 28 29 35,11,kaggle
4209,2018-08-07,7 11 13 14 17 22,29,kaggle
4210,2018-08-09,15 23 24 29 31 35,25,kaggle
4211,2018-08-12,3 13 25 26 38 41,20,kaggle
4212,2018-08-14,3 8 9 21 24 27,18,kaggle
4213,2018-08-16,13 16 18 20 25 40,39,kaggle
4214,2018-08-19,1 6 7 31 34 37,26,kaggle
4215,2018-08-21,2 5 8 9 20 25,11,kaggle
4216,2018-08-23,9 14 22 23 30 34,8,kaggle
4217,2018-08-26,2 8 14 20 25 41,13,kaggle
4218,2018-08-28,6 11 14 27 36 37,3,kaggle
4219,2018-08-30,15 17 18 20 24 25,28,kaggle
4220,2018-09-02,10 13 16 23 31 37,30,kaggle
4221,2018-09-04,9 13 18 32 34 36,21,kaggle
4222,2018-09-06,1 13 15 27 29 39,8,kaggle
4223,2018-09-09,11 20 25 28 33 37,40,kaggle
4224,2018-09-11,1 9 28 38 40 41,25,kaggle
4225,2018-09-13,2 8 21 22 25 35,38,kaggle
4226,2018-09-16,5 15 18 33 34 39,41,kaggle
4227,2018-09-18,7 12 16 20 23 31,1,kaggle
4228,2018-09-20,7 8 11 29 35 36,40,kaggle
4229,2018-09-23,3 17 24 26 27 28,37,kaggle
4230,2018-09-25,12 15 20 21 38 41,32,kaggle
4231,2018-09-27,16 22 31 32 38 40,5,kaggle
4232,2018-09-30,2 4 21 23 33 40,27,kaggle
4233,2018-10-02,3 9 14 32 33 35,20,kaggle
4234,2018-10-04,1 4 19 20 27 41,7,kaggle
4235,2018-10-07,1 6 19 27 34 36,28,kaggle
4236,2018-10-09,1 11 25 33 36 40,28,kaggle
4237,2018-10-11,11 13 29 37 39 41,17,kaggle
4238,2018-10-14,4 16 20 26 29 32,12,kaggle
4239,2018-10-16,3 4 7 9 15 29,13,kaggle+nicovh
4240,2018-10-18,3 10 23 24 27 34,14,kaggle+nicovh
4241,2018-10-21,5 17 20 26 27 30,6,kaggle+nicovh
4242,2018-10-23,20 24 27 32 34 38,15,kaggle+nicovh
4243,2018-10-25,1 8 9 14 22 40,4,kaggle+nicovh
4244,2018-10-28,9 12 19 20 31 39,4,kaggle+nicovh
4245,2018-10-30,4 7 11 32 38 40,15,kaggle+nicovh
4246,2018-11-01,6 10 16 21 26 37,11,kaggle+nicovh
4247,2018-11-04,9 13 16 23 24 31,17,kaggle+nicovh
4248,2018-11-06,9 20 30 32 34 36,26,kaggle+nicovh
4249,2018-11-08,6 19 25 28 34 36,11,kaggle+nicovh
4250,2018-11-11,1 2 7 8 12 35,19,kaggle+nicovh
4251,2018-11-13,2 8 10 18 20 33,4,kaggle+nicovh
4252,2018-11-15,4 22 23 24 29 37,11,kaggle+nicovh
4253,2018-11-18,10 16 24 26 28 34,14,kaggle+nicovh
4254,2018-11-20,2 7 10 18 21 34,33,kaggle+nicovh
4255,2018-11-22,1 12 18 29 31 41,37,kaggle+nicovh
4256,2018-11-25,2 8 24 27 32 34,15,kaggle+nicovh
4257,2018-11-27,5 11 24 27 36 38,21,kaggle+nicovh
4258,2018-11-29,3 6 8 26 34 35,15,kaggle+nicovh
4259,2018-12-02,1 6 22 24 30 36,28,kaggle+nicovh
4260,2018-12-04,7 18 26 30 31 41,3,kaggle+nicovh
4261,2018-12-06,11 15 16 23 24 33,27,kaggle+nicovh
4262,2018-12-09,2 5 9 12 21 35,39,kaggle+nicovh
4263,2018-12-11,5 8 10 25 28 40,33,kaggle+nicovh
4264,2018-12-13,5 13 15 20 35 40,24,kaggle+nicovh
4265,2018-12-16,18 20 23 26 30 34,11,kaggle+nicovh
4266,2018-12-18,1 7 10 16 18 32,17,kaggle+nicovh
4267,2018-12-20,3 5 13 17 21 32,23,kaggle+nicovh
4268,2018-12-23,9 27 28 33 37 40,24,kaggle+nicovh
4269,2018-12-25,3 7 8 18 29 33,5,kaggle+nicovh
4270,2018-12-27,9 13 15 19 26 30,2,kaggle+nicovh
4271,2018-12-30,3 6 12 15 18 41,22,kaggle+nicovh
4272,2019-01-01,6 8 22 25 37 41,13,kaggle+nicovh
4273,2019-01-03,1 5 9 22 30 32,24,kaggle+nicovh
4274,2019-01-06,9 13 21 33 38 40,25,kaggle+nicovh
4275,2019-01-08,7 9 13 16 36 37,12,kaggle+nicovh
4276,2019-01-10,6 12 15 24 25 26,8,kaggle+nicovh
4277,2019-01-13,7 30 31 37 38 41,4,kaggle+nicovh
4278,2019-01-15,16 26 28 32 35 39,2,kaggle+nicovh
4279,2019-01-17,7 13 25 26 33 37,36,kaggle+nicovh
4280,2019-01-20,4 9 16 17 22 27,35,kaggle+nicovh
4281,2019-01-22,3 8 13 29 36 41,40,kaggle+nicovh
4282,2019-01-24,2 4 11 17 26 41,19,kaggle+nicovh
4283,2019-01-27,7 10 14 15 30 37,27,kaggle+nicovh
4284,2019-01-29,3 11 12 14 40 41,20,kaggle+nicovh
4285,2019-01-31,2 3 10 12 28 38,19,kaggle+nicovh
4286,2019-02-03,9 16 18 20 24 27,7,kaggle+nicovh
4287,2019-02-05,4 9 10 14 27 29,35,kaggle+nicovh
4288,2019-02-07,2 26 31 34 35 39,11,kaggle+nicovh
4289,2019-02-10,2 15 22 27 35 39,6,kaggle+nicovh
4290,2019-02-12,14 19 25 26 37 39,3,kaggle+nicovh
4291,2019-02-14,6 7 17 25 28 30,9,kaggle+nicovh
4292,2019-02-17,15 19 21 34 35 39,29,kaggle+nicovh
4293,2019-02-19,7 11 15 34 37 40,12,kaggle+nicovh
4294,2019-02-21,11 17 29 34 36 39,26,kaggle+nicovh
4295,2019-02-24,5 6 7 15 32 34,41,kaggle+nicovh
4296,2019-02-26,19 21 26 27 35 37,6,kaggle+nicovh
4297,2019-02-28,2 3 6 9 22 34,18,kaggle+nicovh
4298,2019-03-03,8 12 15 21 26 41,6,kaggle+nicovh
4299,2019-03-05,6 12 29 36 37 41,27,kaggle+nicovh
4300,2019-03-07,9 14 21 22 33 41,20,kaggle+nicovh
4301,2019-03-10,5 10 17 19 38 41,13,kaggle+nicovh
4302,2019-03-12,6 7 19 37 38 40,11,kaggle+nicovh
4303,2019-03-14,9 10 11 12 17 21,26,kaggle+nicovh
4304,2019-03-17,9 16 20 29 32 37,12,kaggle+nicovh
4305,2019-03-19,3 5 8 9 13 41,29,kaggle+nicovh
4306,2019-03-21,5 6 24 28 30 31,35,kaggle+nicovh
4307,2019-03-24,10 23 27 28 33 38,4,kaggle+nicovh
4308,2019-03-26,8 9 20 21 29 41,18,kaggle+nicovh
4309,2019-03-28,5 13 27 28 30 41,18,kaggle+nicovh
4310,2019-03-31,6 25 29 35 37 38,10,kaggle+nicovh
4311,2019-04-02,8 15 23 31 39 40,37,kaggle+nicovh
4312,2019-04-04,4 7 18 19 25 37,10,kaggle+nicovh
4313,2019-04-07,4 11 12 13 31 41,25,kaggle+nicovh
4314,2019-04-09,10 16 21 22 38 41,19,kaggle+nicovh
4315,2019-04-11,6 9 13 18 19 26,1,kaggle+nicovh
4316,2019-04-14,5 15 24 26 31 39,32,kaggle+nicovh
4317,2019-04-16,3 11 13 15 34 38,2,kaggle+nicovh
4318,2019-04-18,5 8 18 33 34 37,10,kaggle+nicovh
4319,2019-04-21,16 19 30 31 39 40,3,kaggle+nicovh
4320,2019-04-23,1 3 5 7 31 32,13,kaggle+nicovh
4321,2019-04-25,16 19 22 31 35 41,12,kaggle+nicovh
4322,2019-04-28,1 2 11 18 22 39,29,kaggle+nicovh
4323,2019-04-30,7 25 29 31 36 40,20,kaggle+nicovh
4324,2019-05-02,3 8 13 21 28 30,2,kaggle+nicovh
4325,2019-05-05,5 8 18 22 33 36,17,kaggle+nicovh
4326,2019-05-07,11 15 17 20 25 26,41,kaggle+nicovh
4327,2019-05-09,10 11 21 27 29 40,34,kaggle+nicovh
4328,2019-05-12,2 12 13 18 28 31,20,kaggle+nicovh
4329,2019-05-14,4 14 18 22 37 41,39,kaggle+nicovh
4330,2019-05-16,1 12 18 26 33 34,8,kaggle+nicovh
4331,2019-05-19,4 8 16 19 22 30,17,kaggle+nicovh
4332,2019-05-21,14 24 26 30 32 40,8,kaggle+nicovh
4333,2019-05-23,22 26 27 28 29 38,8,kaggle+nicovh+chileresultados
4334,2019-05-26,5 6 9 16 30 35,15,kaggle+nicovh+chileresultados
4335,2019-05-28,7 11 17 18 39 40,36,kaggle+nicovh+chileresultados
4336,2019-05-30,1 15 21 34 35 37,27,kaggle+nicovh+chileresultados
4337,2019-06-02,20 25 27 30 32 40,39,kaggle+nicovh+chileresultados
4338,2019-06-04,1 6 12 18 29 36,10,kaggle+nicovh+chileresultados
4339,2019-06-06,4 7 9 16 18 39,17,kaggle+nicovh+chileresultados
4340,2019-06-09,1 9 18 20 30 36,11,kaggle+nicovh+chileresultados
4341,2019-06-11,1 2 6 22 28 29,18,kaggle+nicovh+chileresultados
4342,2019-06-13,3 5 11 24 25 35,10,kaggle+nicovh+chileresultados
4343,2019-06-16,2 19 23 28 29 34,31,kaggle+nicovh+chileresultados
4344,2019-06-18,2 9 11 15 16 20,25,kaggle+nicovh+chileresultados
4345,2019-06-20,5 17 25 27 30 41,34,kaggle+nicovh+chileresultados
4346,2019-06-23,1 14 22 24 26 39,35,kaggle+nicovh+chileresultados
4347,2019-06-25,4 22 28 29 30 38,18,kaggle+nicovh+chileresultados
4348,2019-06-27,6 7 12 22 38 40,17,kaggle+nicovh+chileresultados
4349,2019-06-30,5 8 9 26 28 35,23,kaggle+nicovh+chileresultados
4350,2019-07-02,2 11 12 14 15 19,17,kaggle+nicovh+chileresultados
4351,2019-07-04,2 9 15 17 32 39,35,kaggle+nicovh+chileresultados
4352,2019-07-07,13 14 15 16 29 36,2,kaggle+nicovh+chileresultados
4353,2019-07-09,14 23 27 32 39 40,20,kaggle+nicovh+chileresultados
4354,2019-07-11,4 7 15 22 25 35,16,kaggle+nicovh+chileresultados
4355,2019-07-14,2 12 28 30 31 37,27,kaggle+nicovh+chileresultados
4356,2019-07-16,5 8 13 14 31 32,9,kaggle+nicovh+chileresultados
4357,2019-07-18,10 20 28 29 31 34,3,kaggle+nicovh+chileresultados
4358,2019-07-21,17 19 21 24 30 38,7,kaggle+nicovh+chileresultados
4359,2019-07-23,10 16 20 27 32 33,35,kaggle+nicovh+chileresultados
4360,2019-07-25,2 5 9 19 23 27,38,kaggle+nicovh+chileresultados
4361,2019-07-28,2 4 16 26 27 31,37,kaggle+nicovh+chileresultados
4362,2019-07-30,8 15 19 22 29 37,13,kaggle+nicovh+chileresultados
4363,2019-08-01,7 14 17 18 29 31,13,kaggle+nicovh+chileresultados
4364,2019-08-04,11 13 19 35 37 39,41,kaggle+nicovh+chileresultados
4365,2019-08-06,15 19 20 22 34 37,2,kaggle+nicovh+chileresultados
4366,2019-08-08,9 13 24 31 36 41,5,kaggle+nicovh+chileresultados
4367,2019-08-11,2 3 12 20 21 32,31,kaggle+nicovh+chileresultados
4368,2019-08-13,15 20 22 24 29 35,9,kaggle+nicovh+chileresultados
4369,2019-08-15,1 6 17 23 26 33,29,kaggle+nicovh+chileresultados
4370,2019-08-18,3 16 17 18 22 23,7,kaggle+nicovh+chileresultados
4371,2019-08-20,1 10 14 22 25 38,30,kaggle+nicovh+chileresultados
4372,2019-08-22,14 23 27 28 36 41,34,kaggle+nicovh+chileresultados
4373,2019-08-25,2 11 28 29 35 38,27,kaggle+nicovh+chileresultados
4374,2019-08-27,3 16 25 28 33 37,15,kaggle+nicovh+chileresultados
4375,2019-08-29,1 3 14 28 38 39,25,kaggle+nicovh+chileresultados
4376,2019-09-01,2 4 11 20 26 37,24,kaggle+nicovh+chileresultados
4377,2019-09-03,2 14 20 27 28 35,10,kaggle+nicovh+chileresultados
4378,2019-09-05,3 7 8 30 31 41,18,kaggle+nicovh+chileresultados
4379,2019-09-08,17 30 31 32 35 39,23,kaggle+nicovh+chileresultados
4380,2019-09-10,1 2 7 18 20 30,40,kaggle+nicovh+chileresultados
4381,2019-09-12,6 16 24 38 39 40,21,kaggle+nicovh+chileresultados
4382,2019-09-15,3 6 7 20 25 37,2,kaggle+nicovh+chileresultados
4383,2019-09-17,21 22 26 29 34 39,20,kaggle+nicovh+chileresultados
4384,2019-09-19,3 12 17 21 32 35,23,kaggle+nicovh+chileresultados
4385,2019-09-22,2 9 10 14 29 35,8,kaggle+nicovh+chileresultados
4386,2019-09-24,11 13 21 29 31 38,23,kaggle+nicovh+chileresultados
4387,2019-09-26,6 8 15 17 26 36,32,kaggle+nicovh+chileresultados
4388,2019-09-29,3 5 18 24 29 30,22,kaggle+nicovh+chileresultados
4389,2019-10-01,4 10 19 29 35 40,1,kaggle+nicovh+chileresultados
4390,2019-10-03,5 6 16 20 29 40,30,kaggle+nicovh+chileresultados
4391,2019-10-06,2 4 6 23 25 35,33,kaggle+nicovh+chileresultados
4392,2019-10-08,2 5 14 16 27 34,37,kaggle+nicovh+chileresultados
4393,2019-10-10,12 13 20 26 28 36,10,kaggle+nicovh+chileresultados
4394,2019-10-13,4 6 10 15 20 40,31,kaggle+nicovh+chileresultados
4395,2019-10-15,11 16 21 25 27 30,33,kaggle+nicovh+chileresultados
4396,2019-10-17,7 11 13 18 26 34,35,kaggle+nicovh+chileresultados
4397,2019-10-20,6 10 12 19 21 37,13,kaggle+nicovh+chileresultados
4398,2019-10-22,6 17 28 30 34 41,29,kaggle+nicovh+chileresultados
4399,2019-10-24,1 10 13 27 28 32,3,kaggle+nicovh+chileresultados
4400,2019-10-27,3 10 21 31 34 38,28,kaggle+nicovh+chileresultados
4401,2019-10-29,2 10 16 22 29 35,6,kaggle+nicovh+chileresultados
4402,2019-10-31,14 21 23 37 38 40,18,kaggle+nicovh+chileresultados
4403,2019-11-03,1 13 19 20 21 37,24,kaggle+nicovh+chileresultados
4404,2019-11-05,8 17 23 24 32 35,16,kaggle+chileresultados
4405,2019-11-07,10 18 22 25 26 28,20,kaggle+nicovh+chileresultados
4406,2019-11-10,4 26 28 31 34 41,19,kaggle+nicovh+chileresultados
4407,2019-11-12,5 7 10 16 24 34,37,kaggle+nicovh+chileresultados
4408,2019-11-14,15 18 28 33 35 41,21,kaggle+nicovh+chileresultados
4409,2019-11-17,9 20 21 22 30 34,3,kaggle+nicovh+chileresultados
4410,2019-11-19,2 8 19 29 32 40,3,kaggle+nicovh+chileresultados
4411,2019-11-21,1 9 11 13 23 30,12,kaggle+nicovh+chileresultados
4412,2019-11-24,1 13 17 19 27 38,30,kaggle+nicovh+chileresultados
4413,2019-11-26,9 11 21 25 35 37,34,kaggle+nicovh+chileresultados
4414,2019-11-28,3 6 18 22 31 33,41,kaggle+nicovh+chileresultados
4415,2019-12-01,2 3 8 13 20 30,19,kaggle+nicovh+chileresultados
4416,2019-12-03,6 7 18 32 34 37,30,kaggle+nicovh+chileresultados
4417,2019-12-05,2 9 20 22 31 41,15,kaggle+nicovh+chileresultados
4418,2019-12-08,2 6 9 12 23 38,15,kaggle+nicovh+chileresultados
4419,2019-12-10,2 3 23 27 34 35,33,kaggle+nicovh+chileresultados
4420,2019-12-12,1 15 18 23 34 37,19,kaggle+nicovh+chileresultados
4421,2019-12-15,21 24 31 32 37 39,41,kaggle+nicovh+chileresultados
4422,2019-12-17,7 9 14 19 35 40,17,kaggle+nicovh+chileresultados
4423,2019-12-19,10 13 20 33 39 41,18,kaggle+nicovh+chileresultados
4424,2019-12-22,4 15 23 25 28 32,11,kaggle+nicovh+chileresultados
4425,2019-12-24,3 17 18 24 38 39,20,kaggle+nicovh+chileresultados
4426,2019-12-26,1 2 4 17 36 41,26,kaggle+nicovh+chileresultados
4427,2019-12-29,8 13 21 25 30 41,17,kaggle+nicovh+chileresultados
4428,2019-12-31,14 18 19 22 26 31,41,kaggle+nicovh+chileresultados
4429,2020-01-02,7 24 26 29 36 40,28,kaggle+nicovh+chileresultados
4430,2020-01-05,12 14 18 19 25 33,23,kaggle+nicovh+chileresultados
4431,2020-01-07,2 5 27 33 35 38,34,kaggle+nicovh+chileresultados
4432,2020-01-09,4 7 11 13 17 41,28,kaggle+nicovh+chileresultados
4433,2020-01-12,6 8 14 23 33 39,3,kaggle+nicovh+chileresultados
4434,2020-01-14,6 15 25 27 32 33,34,kaggle+nicovh+chileresultados
4435,2020-01-16,6 11 18 23 24 41,10,kaggle+nicovh+chileresultados
4436,2020-01-19,16 17 18 19 32 37,29,kaggle+nicovh+chileresultados
4437,2020-01-21,5 13 17 26 27 32,24,kaggle+nicovh+chileresultados
4438,2020-01-23,6 16 22 23 26 29,3,kaggle+nicovh+chileresultados
4439,2020-01-26,2 3 4 15 23 38,34,kaggle+nicovh+chileresultados
4440,2020-01-28,4 8 11 21 36 40,26,kaggle+nicovh+chileresultados
4441,2020-01-30,3 10 20 32 33 38,16,kaggle+nicovh+chileresultados
4442,2020-02-02,18 23 24 30 35 36,11,kaggle+nicovh+chileresultados
4443,2020-02-04,14 22 28 31 36 39,12,kaggle+nicovh+chileresultados
4444,2020-02-06,16 20 22 24 31 35,18,kaggle+nicovh+chileresultados
4445,2020-02-09,1 18 21 23 31 39,12,kaggle+nicovh+chileresultados
4446,2020-02-11,4 8 24 26 34 36,38,kaggle+nicovh+chileresultados
4447,2020-02-13,4 18 19 20 32 41,7,kaggle+nicovh+chileresultados
4448,2020-02-16,3 16 21 28 34 36,18,kaggle+nicovh+chileresultados
4449,2020-02-18,5 20 23 33 35 39,36,kaggle+nicovh+chileresultados
4450,2020-02-20,2 12 19 24 27 38,20,kaggle+nicovh+chileresultados
4451,2020-02-23,5 8 18 22 29 31,32,kaggle+nicovh+chileresultados
4452,2020-02-25,5 9 17 20 33 37,38,kaggle+nicovh+chileresultados
4453,2020-02-27,13 24 29 34 36 37,31,kaggle+nicovh+chileresultados
4454,2020-03-01,12 25 31 34 38 41,1,kaggle+nicovh+chileresultados
4455,2020-03-03,5 11 17 18 22 24,25,kaggle+nicovh+chileresultados
4456,2020-03-05,5 11 15 22 29 40,41,kaggle+nicovh+chileresultados
4457,2020-03-08,17 18 20 27 28 29,1,kaggle+nicovh+chileresultados
4458,2020-03-10,4 8 11 17 19 23,32,kaggle+nicovh+chileresultados
4459,2020-03-12,2 7 15 16 29 31,10,kaggle+nicovh+chileresultados
4460,2020-03-15,5 15 21 31 34 38,3,kaggle+nicovh+chileresultados
4461,2020-03-17,7 17 26 28 34 36,2,kaggle+nicovh+chileresultados
4462,2020-03-19,2 11 14 22 33 40,37,kaggle+nicovh+chileresultados
4463,2020-03-22,10 11 15 23 31 36,6,kaggle+nicovh+chileresultados
4464,2020-03-24,4 9 13 16 25 39,20,kaggle+nicovh+chileresultados
4465,2020-03-26,4 10 23 27 28 33,40,kaggle+nicovh+chileresultados
4466,2020-03-29,2 11 22 24 25 27,19,kaggle+nicovh+chileresultados
4467,2020-03-31,15 22 23 34 39 41,4,kaggle+nicovh+chileresultados
4468,2020-04-02,8 17 21 26 29 38,1,kaggle+nicovh+chileresultados
4469,2020-04-05,5 13 20 29 30 39,15,kaggle+nicovh+chileresultados
4470,2020-04-07,2 5 23 30 32 38,28,kaggle+nicovh+chileresultados
4471,2020-04-09,3 8 16 31 33 35,22,kaggle+nicovh+chileresultados
4472,2020-04-12,8 10 14 17 25 32,18,kaggle+nicovh+chileresultados
4473,2020-04-14,7 14 27 32 40 41,20,kaggle+nicovh+chileresultados
4474,2020-04-16,6 8 9 23 30 40,27,kaggle+nicovh+chileresultados
4475,2020-04-19,1 20 23 25 30 31,33,kaggle+nicovh+chileresultados
4476,2020-04-21,1 2 4 12 17 34,28,kaggle+nicovh+chileresultados
4477,2020-04-23,8 29 32 36 37 40,25,kaggle+nicovh+chileresultados
4478,2020-04-26,1 14 19 21 25 37,30,kaggle+nicovh+chileresultados
4479,2020-04-28,8 16 18 29 32 35,7,kaggle+nicovh+chileresultados
4480,2020-04-30,12 16 19 20 21 25,13,kaggle+nicovh+chileresultados
4481,2020-05-03,5 16 22 28 36 39,23,kaggle+nicovh+chileresultados
4482,2020-05-05,6 12 29 35 39 40,11,kaggle+nicovh+chileresultados
4483,2020-05-07,11 15 23 27 34 36,29,kaggle+nicovh+chileresultados
4484,2020-05-10,3 6 9 13 14 32,23,kaggle+nicovh+chileresultados
4485,2020-05-12,11 13 20 21 26 29,8,kaggle+nicovh+chileresultados
4486,2020-05-14,1 8 23 26 32 37,40,kaggle+nicovh+chileresultados
4487,2020-05-17,6 7 17 26 29 32,10,kaggle+nicovh+chileresultados
4488,2020-05-19,6 8 12 22 27 30,41,kaggle+nicovh+chileresultados
4489,2020-05-21,11 14 19 20 30 37,12,kaggle+nicovh+chileresultados
4490,2020-05-24,1 23 28 29 33 38,14,kaggle+nicovh+chileresultados
4491,2020-05-26,1 3 7 11 26 35,22,kaggle+nicovh+chileresultados
4492,2020-05-28,12 16 20 26 34 40,41,kaggle+nicovh+chileresultados
4493,2020-05-31,3 11 12 20 25 31,27,kaggle+nicovh+chileresultados
4494,2020-06-02,9 12 17 19 26 40,3,kaggle+nicovh+chileresultados
4495,2020-06-04,14 17 18 21 28 34,32,kaggle+nicovh+chileresultados
4496,2020-06-07,8 10 16 24 31 34,40,kaggle+nicovh+chileresultados
4497,2020-06-09,11 23 32 36 40 41,22,kaggle+nicovh+chileresultados
4498,2020-06-11,7 12 22 24 25 26,41,kaggle+nicovh+chileresultados
4499,2020-06-14,12 13 14 17 21 25,38,kaggle+nicovh+chileresultados
4500,2020-06-16,15 21 22 23 25 36,19,kaggle+nicovh+chileresultados
4501,2020-06-18,2 4 7 21 26 32,37,kaggle+nicovh+chileresultados
4502,2020-06-21,1 8 17 31 33 39,11,kaggle+nicovh+chileresultados
4503,2020-06-23,13 25 27 30 32 41,37,kaggle+nicovh+chileresultados
4504,2020-06-25,3 7 24 26 27 38,15,kaggle+nicovh+chileresultados
4505,2020-06-28,1 18 24 26 30 32,9,kaggle+nicovh+chileresultados
4506,2020-06-30,11 13 32 35 37 38,1,kaggle+nicovh+chileresultados
4507,2020-07-02,3 25 26 28 35 41,11,kaggle+nicovh+chileresultados
4508,2020-07-05,8 10 27 28 38 41,25,kaggle+nicovh+chileresultados
4509,2020-07-07,13 14 15 32 38 40,21,kaggle+nicovh+chileresultados
4510,2020-07-09,8 10 11 14 15 20,6,kaggle+nicovh+chileresultados
4511,2020-07-12,1 5 11 32 33 34,20,kaggle+nicovh+chileresultados
4512,2020-07-14,2 9 17 32 37 39,40,kaggle+nicovh+chileresultados
4513,2020-07-16,17 22 33 35 36 41,18,kaggle+nicovh+chileresultados
4514,2020-07-19,4 8 10 30 34 40,18,kaggle+nicovh+chileresultados
4515,2020-07-21,1 4 26 28 38 40,24,kaggle+nicovh+chileresultados
4516,2020-07-23,3 12 19 23 26 35,16,kaggle+nicovh+chileresultados
4517,2020-07-26,11 13 22 23 29 34,31,kaggle+nicovh+chileresultados
4518,2020-07-28,8 15 21 29 33 39,24,kaggle+nicovh+chileresultados
4519,2020-07-30,1 10 11 14 35 38,18,kaggle+nicovh+chileresultados
4520,2020-08-02,2 4 6 22 23 27,33,kaggle+nicovh+chileresultados
4521,2020-08-04,3 9 21 35 36 39,1,kaggle+nicovh+chileresultados
4522,2020-08-06,2 8 10 21 28 38,5,kaggle+nicovh+chileresultados
4523,2020-08-09,6 7 11 18 26 40,39,kaggle+nicovh+chileresultados
4524,2020-08-11,10 13 14 16 25 32,35,kaggle+nicovh+chileresultados
4525,2020-08-13,7 11 12 29 31 38,23,kaggle+nicovh+chileresultados
4526,2020-08-16,5 21 22 26 33 37,36,kaggle+nicovh+chileresultados
4527,2020-08-18,2 14 17 20 26 39,13,kaggle+nicovh+chileresultados
4528,2020-08-20,10 13 16 32 33 40,24,kaggle+nicovh+chileresultados
4529,2020-08-23,15 19 25 30 38 40,13,kaggle+nicovh+chileresultados
4530,2020-08-25,4 9 13 15 33 40,7,kaggle+nicovh+chileresultados
4531,2020-08-27,5 11 13 23 30 33,10,kaggle+nicovh+chileresultados
4532,2020-08-30,10 18 28 33 35 36,12,kaggle+nicovh+chileresultados
4533,2020-09-01,9 11 12 22 40 41,1,kaggle+nicovh+chileresultados
4534,2020-09-03,9 11 21 25 26 38,19,kaggle+nicovh+chileresultados
4535,2020-09-06,1 3 11 24 31 36,39,kaggle+nicovh+chileresultados
4536,2020-09-08,2 3 18 24 32 40,14,kaggle+nicovh+chileresultados
4537,2020-09-10,2 23 28 33 40 41,17,kaggle+nicovh+chileresultados
4538,2020-09-13,2 5 6 20 25 31,32,kaggle+nicovh+chileresultados
4539,2020-09-15,5 7 15 21 26 41,22,kaggle+nicovh+chileresultados
4540,2020-09-17,5 10 24 25 29 33,26,kaggle+nicovh+chileresultados
4541,2020-09-20,10 18 23 26 31 37,36,kaggle+nicovh+chileresultados
4542,2020-09-22,1 4 5 10 18 24,17,kaggle+nicovh+chileresultados
4543,2020-09-24,2 6 21 25 27 37,40,kaggle+nicovh+chileresultados
4544,2020-09-27,4 5 16 26 29 37,2,kaggle+nicovh+chileresultados
4545,2020-09-29,12 16 29 30 35 38,15,kaggle+nicovh+chileresultados
4546,2020-10-01,2 5 11 13 24 33,36,kaggle+nicovh+chileresultados
4547,2020-10-04,5 7 28 29 34 38,1,kaggle+nicovh+chileresultados
4548,2020-10-06,11 14 17 29 33 40,19,kaggle+nicovh+chileresultados
4549,2020-10-08,6 15 16 33 34 37,18,kaggle+nicovh+chileresultados
4550,2020-10-11,4 11 14 20 29 32,23,kaggle+nicovh+chileresultados
4551,2020-10-13,1 15 19 23 28 29,2,kaggle+nicovh+chileresultados
4552,2020-10-15,10 11 16 28 34 36,12,kaggle+nicovh+chileresultados
4553,2020-10-18,1 4 20 24 33 35,14,kaggle+nicovh+chileresultados
4554,2020-10-20,4 6 9 21 27 31,19,kaggle+nicovh+chileresultados
4555,2020-10-22,5 9 16 17 20 24,12,kaggle+nicovh+chileresultados
4556,2020-10-25,13 18 26 36 37 39,3,kaggle+nicovh+chileresultados
4557,2020-10-27,15 17 18 25 27 35,34,kaggle+nicovh+chileresultados
4558,2020-10-29,4 11 14 18 23 33,36,kaggle+nicovh+chileresultados
4559,2020-11-01,4 17 19 22 27 38,25,kaggle+nicovh+chileresultados
4560,2020-11-03,2 26 27 36 37 39,17,kaggle+nicovh+chileresultados
4561,2020-11-05,8 20 33 35 38 40,26,kaggle+nicovh+chileresultados
4562,2020-11-08,24 25 29 30 40 41,2,kaggle+nicovh+chileresultados
4563,2020-11-10,5 16 32 34 40 41,20,kaggle+nicovh+chileresultados
4564,2020-11-12,9 14 15 19 27 41,21,kaggle+nicovh+chileresultados
4565,2020-11-15,2 29 31 33 36 41,6,kaggle+nicovh+chileresultados
4566,2020-11-17,5 18 19 27 37 39,26,kaggle+nicovh+chileresultados
4567,2020-11-19,9 20 28 37 38 39,30,kaggle+nicovh+chileresultados
4568,2020-11-22,2 13 20 24 25 36,28,kaggle+nicovh+chileresultados
4569,2020-11-24,8 9 11 14 29 39,3,kaggle+nicovh+chileresultados
4570,2020-11-26,10 16 17 24 28 32,4,kaggle+nicovh+chileresultados
4571,2020-11-29,8 32 37 39 40 41,29,kaggle+nicovh+chileresultados
4572,2020-12-01,1 2 13 14 31 36,25,kaggle+nicovh+chileresultados
4573,2020-12-03,8 11 17 23 27 37,30,kaggle+nicovh+chileresultados
4574,2020-12-06,5 6 9 15 22 29,23,kaggle+nicovh+chileresultados
4575,2020-12-08,13 15 16 17 33 38,31,kaggle+nicovh+chileresultados
4576,2020-12-10,2 7 12 35 37 39,14,kaggle+nicovh+chileresultados
4577,2020-12-13,5 7 14 32 36 40,2,kaggle+nicovh+chileresultados
4578,2020-12-15,4 7 9 21 29 34,41,kaggle+nicovh+chileresultados
4579,2020-12-17,12 14 27 30 39 40,7,kaggle+nicovh+chileresultados
4580,2020-12-20,3 7 12 20 33 37,14,kaggle+nicovh+chileresultados
4581,2020-12-22,9 11 12 13 22 36,40,kaggle+nicovh+chileresultados
4582,2020-12-24,6 11 13 20 21 30,19,kaggle+nicovh+chileresultados
4583,2020-12-27,2 3 12 13 22 27,36,kaggle+nicovh+chileresultados
4584,2020-12-29,1 2 8 24 29 40,34,kaggle+nicovh+chileresultados
4585,2020-12-31,12 18 27 34 35 41,22,kaggle+nicovh+chileresultados
4586,2021-01-03,1 22 35 36 37 40,5,kaggle+nicovh+chileresultados
4587,2021-01-05,4 8 15 16 31 41,29,kaggle+nicovh+chileresultados
4588,2021-01-07,5 15 19 32 36 37,18,kaggle+nicovh+chileresultados
4589,2021-01-10,4 15 16 33 35 37,30,kaggle+nicovh+chileresultados
4590,2021-01-12,3 10 19 23 36 41,26,kaggle+nicovh+chileresultados
4591,2021-01-14,12 14 24 30 31 32,40,kaggle+nicovh+chileresultados
4592,2021-01-17,7 10 11 17 18 32,33,kaggle+nicovh+chileresultados
4593,2021-01-19,9 13 14 17 24 38,32,kaggle+nicovh+chileresultados
4594,2021-01-21,7 11 14 26 27 30,21,kaggle+nicovh+chileresultados
4595,2021-01-24,8 12 14 20 30 39,3,kaggle+nicovh+chileresultados
4596,2021-01-26,4 10 11 14 28 41,27,kaggle+nicovh+chileresultados
4597,2021-01-28,20 22 29 35 36 37,41,kaggle+nicovh+chileresultados
4598,2021-01-31,12 15 29 31 33 34,18,kaggle+nicovh+chileresultados
4599,2021-02-02,2 3 12 14 22 37,6,kaggle+nicovh+chileresultados
4600,2021-02-04,15 19 24 30 34 39,21,kaggle+nicovh+chileresultados
4601,2021-02-07,2 11 23 30 37 40,39,kaggle+nicovh+chileresultados
4602,2021-02-09,13 19 26 27 37 41,18,kaggle+nicovh+chileresultados
4603,2021-02-11,2 3 6 7 29 36,22,kaggle+nicovh+chileresultados
4604,2021-02-14,15 17 21 26 30 36,18,kaggle+nicovh+chileresultados
4605,2021-02-16,5 11 13 19 26 32,8,kaggle+nicovh+chileresultados
4606,2021-02-18,3 5 6 12 14 19,16,kaggle+nicovh+chileresultados
4607,2021-02-21,3 13 19 33 34 36,26,kaggle+nicovh+chileresultados
4608,2021-02-23,5 8 11 14 20 23,26,kaggle+nicovh+chileresultados
4609,2021-02-25,1 2 19 28 36 37,24,kaggle+nicovh+chileresultados
4610,2021-02-28,1 7 14 20 26 38,34,kaggle+nicovh+chileresultados
4611,2021-03-02,19 22 24 31 38 41,8,kaggle+nicovh+chileresultados
4612,2021-03-04,4 18 27 28 30 33,15,kaggle+nicovh+chileresultados
4613,2021-03-07,2 8 21 32 35 39,27,kaggle+nicovh+chileresultados
4614,2021-03-09,1 10 22 31 38 41,28,kaggle+nicovh+chileresultados
4615,2021-03-11,5 6 11 20 30 37,38,kaggle+nicovh+chileresultados
4616,2021-03-14,14 18 24 29 35 37,2,kaggle+nicovh+chileresultados
4617,2021-03-16,4 9 11 22 25 39,20,kaggle+nicovh+chileresultados
4618,2021-03-18,15 18 21 23 24 36,28,kaggle+nicovh+chileresultados
4619,2021-03-21,13 30 32 34 36 41,1,kaggle+nicovh+chileresultados
4620,2021-03-23,8 12 19 22 26 37,41,kaggle+nicovh+chileresultados
4621,2021-03-25,11 16 24 32 36 39,41,kaggle+nicovh+chileresultados
4622,2021-03-28,2 5 8 11 17 25,36,kaggle+nicovh+chileresultados
4623,2021-03-30,12 16 20 21 22 35,32,kaggle+nicovh+chileresultados
4624,2021-04-01,8 12 16 24 25 37,41,kaggle+nicovh+chileresultados
4625,2021-04-04,2 8 23 24 30 34,28,kaggle+nicovh+chileresultados
4626,2021-04-06,3 8 17 20 25 32,26,kaggle+nicovh+chileresultados
4627,2021-04-08,11 12 13 16 33 39,40,kaggle+nicovh+chileresultados
4628,2021-04-11,1 9 31 33 37 41,40,kaggle+nicovh+chileresultados
4629,2021-04-13,7 10 12 17 21 27,41,kaggle+nicovh+chileresultados
4630,2021-04-15,19 21 25 27 37 40,12,kaggle+nicovh+chileresultados
4631,2021-04-18,6 8 16 29 31 34,5,kaggle+nicovh+chileresultados
4632,2021-04-20,3 19 20 28 36 41,9,kaggle+nicovh+chileresultados
4633,2021-04-22,11 17 22 23 32 39,3,kaggle+nicovh+chileresultados
4634,2021-04-25,6 9 15 31 33 39,10,kaggle+nicovh+chileresultados
4635,2021-04-27,24 25 30 38 40 41,2,kaggle+nicovh+chileresultados
4636,2021-04-29,5 10 24 26 31 37,22,kaggle+nicovh+chileresultados
4637,2021-05-02,4 10 18 26 31 38,20,kaggle+nicovh+chileresultados
4638,2021-05-04,2 11 20 21 23 36,37,kaggle+nicovh+chileresultados
4639,2021-05-06,12 18 26 33 37 40,27,kaggle+nicovh+chileresultados
4640,2021-05-09,10 17 22 27 32 36,9,kaggle+nicovh+chileresultados
4641,2021-05-11,1 6 13 23 30 37,32,kaggle+nicovh+chileresultados
4642,2021-05-13,5 6 21 31 37 41,33,kaggle+nicovh+chileresultados
4643,2021-05-16,3 9 19 22 37 38,16,kaggle+nicovh+chileresultados
4644,2021-05-18,6 11 12 13 19 21,30,kaggle+nicovh+chileresultados
4645,2021-05-20,6 14 17 18 34 38,36,kaggle+nicovh+chileresultados
4646,2021-05-23,21 22 23 33 34 37,18,kaggle+nicovh+chileresultados
4647,2021-05-25,13 22 26 33 37 39,40,kaggle+nicovh+chileresultados
4648,2021-05-27,8 18 20 21 22 31,4,kaggle+nicovh+chileresultados
4649,2021-05-30,1 10 13 17 24 39,23,kaggle+nicovh+chileresultados
4650,2021-06-01,5 10 13 33 36 38,37,kaggle+nicovh+chileresultados
4651,2021-06-03,4 18 26 33 34 37,5,kaggle+nicovh+chileresultados
4652,2021-06-06,12 13 14 17 31 32,6,kaggle+nicovh+chileresultados
4653,2021-06-08,12 18 19 28 36 39,40,kaggle+nicovh+chileresultados
4654,2021-06-10,2 12 15 21 27 39,11,kaggle+nicovh+chileresultados
4655,2021-06-13,8 14 19 34 37 41,10,kaggle+nicovh+chileresultados
4656,2021-06-15,4 12 21 24 35 36,15,kaggle+nicovh+chileresultados
4657,2021-06-17,10 15 23 34 35 38,36,kaggle+nicovh+chileresultados
4658,2021-06-20,1 20 32 34 37 41,2,kaggle+nicovh+chileresultados
4659,2021-06-22,4 16 20 24 36 37,41,kaggle+nicovh+chileresultados
4660,2021-06-24,3 21 22 26 28 29,37,kaggle+nicovh+chileresultados
4661,2021-06-27,4 7 9 24 27 33,31,kaggle+nicovh+chileresultados
4662,2021-06-29,10 13 26 34 35 39,3,kaggle+nicovh+chileresultados
4663,2021-07-01,7 9 16 24 27 36,31,kaggle+nicovh+chileresultados
4664,2021-07-04,6 8 10 11 19 35,15,kaggle+nicovh+chileresultados
4665,2021-07-06,16 17 18 24 33 40,20,kaggle+nicovh+chileresultados
4666,2021-07-08,7 10 13 21 22 41,8,kaggle+nicovh+chileresultados
4667,2021-07-11,9 13 19 27 29 32,23,kaggle+nicovh+chileresultados
4668,2021-07-13,5 7 18 27 38 39,4,kaggle+nicovh+chileresultados
4669,2021-07-15,3 15 19 21 27 41,33,kaggle+nicovh+chileresultados
4670,2021-07-18,12 14 18 29 31 38,1,kaggle+nicovh+chileresultados
4671,2021-07-20,15 20 25 28 33 37,24,kaggle+nicovh+chileresultados
4672,2021-07-22,2 4 18 23 33 36,32,kaggle+nicovh+chileresultados
4673,2021-07-25,7 12 19 20 34 35,37,kaggle+nicovh+chileresultados
4674,2021-07-27,1 9 10 19 28 38,18,kaggle+nicovh+chileresultados
4675,2021-07-29,5 7 9 17 29 31,38,kaggle+nicovh+chileresultados
4676,2021-08-01,4 6 18 22 26 35,28,kaggle+nicovh+chileresultados
4677,2021-08-03,3 17 27 30 36 37,21,kaggle+nicovh+chileresultados
4678,2021-08-05,3 14 22 37 38 39,25,kaggle+nicovh+chileresultados
4679,2021-08-08,7 11 20 26 27 37,34,kaggle+nicovh+chileresultados
4680,2021-08-10,4 32 33 34 38 41,11,kaggle+nicovh+chileresultados
4681,2021-08-12,1 11 19 26 30 34,14,kaggle+nicovh+chileresultados
4682,2021-08-15,5 7 9 15 18 40,19,kaggle+nicovh+chileresultados
4683,2021-08-17,8 19 24 36 39 40,41,kaggle+nicovh+chileresultados
4684,2021-08-19,17 22 26 35 37 38,36,kaggle+nicovh+chileresultados
4685,2021-08-22,5 13 14 25 26 35,21,kaggle+nicovh+chileresultados
4686,2021-08-24,1 2 4 7 19 30,8,kaggle+nicovh+chileresultados
4687,2021-08-26,16 21 24 30 35 38,17,kaggle+nicovh+chileresultados
4688,2021-08-29,2 15 16 23 28 32,24,kaggle+nicovh+chileresultados
4689,2021-08-31,8 14 20 23 29 35,40,kaggle+nicovh+chileresultados
4690,2021-09-02,6 33 35 38 39 40,36,kaggle+nicovh+chileresultados
4691,2021-09-05,12 21 26 37 38 39,9,kaggle+nicovh+chileresultados
4692,2021-09-07,6 26 27 29 32 35,16,kaggle+nicovh+chileresultados
4693,2021-09-09,1 15 18 20 25 38,10,kaggle+nicovh+chileresultados
4694,2021-09-12,10 14 16 22 35 41,6,kaggle+nicovh+chileresultados
4695,2021-09-14,17 18 25 27 32 38,23,kaggle+nicovh+chileresultados
4696,2021-09-16,8 11 17 19 24 32,3,kaggle+nicovh+chileresultados
4697,2021-09-19,1 6 7 13 32 34,18,kaggle+nicovh+chileresultados
4698,2021-09-21,3 21 22 35 38 39,9,kaggle+nicovh+chileresultados
4699,2021-09-23,6 7 9 14 23 30,15,kaggle+nicovh+chileresultados
4700,2021-09-26,10 11 18 20 29 33,2,kaggle+nicovh+chileresultados
4701,2021-09-28,7 8 12 30 31 40,34,kaggle+nicovh+chileresultados
4702,2021-09-30,5 17 23 25 26 39,8,kaggle+nicovh+chileresultados
4703,2021-10-03,7 11 14 21 33 38,28,kaggle+nicovh+chileresultados
4704,2021-10-05,4 6 18 20 29 33,32,kaggle+nicovh+chileresultados
4705,2021-10-07,8 12 14 21 24 34,35,kaggle+nicovh+chileresultados
4706,2021-10-10,14 24 30 31 39 41,26,kaggle+nicovh+chileresultados
4707,2021-10-12,4 5 17 25 32 36,14,kaggle+nicovh+chileresultados
4708,2021-10-14,1 4 12 15 19 27,33,kaggle+nicovh+chileresultados
4709,2021-10-17,4 15 20 31 35 36,29,kaggle+nicovh+chileresultados
4710,2021-10-19,9 12 20 25 29 33,2,kaggle+nicovh+chileresultados
4711,2021-10-21,1 2 4 5 10 16,19,kaggle+nicovh+chileresultados
4712,2021-10-24,2 9 11 15 18 38,32,kaggle+nicovh+chileresultados
4713,2021-10-26,4 6 14 29 39 41,8,kaggle+nicovh+chileresultados
4714,2021-10-28,9 10 16 26 31 38,3,kaggle+nicovh+chileresultados
4715,2021-10-31,3 18 19 21 29 37,23,kaggle+nicovh+chileresultados
4716,2021-11-02,8 16 17 24 33 38,29,kaggle+nicovh+chileresultados
4717,2021-11-04,1 6 16 33 37 38,19,kaggle+nicovh+chileresultados
4718,2021-11-07,2 10 22 27 38 41,36,kaggle+nicovh+chileresultados
4719,2021-11-09,15 19 27 30 36 41,8,kaggle+nicovh+chileresultados
4720,2021-11-11,16 19 23 26 40 41,30,kaggle+nicovh+chileresultados
4721,2021-11-14,13 14 23 28 31 34,9,kaggle+nicovh+chileresultados
4722,2021-11-16,15 18 29 30 32 33,16,kaggle+nicovh+chileresultados
4723,2021-11-18,1 6 29 31 35 37,7,kaggle+nicovh+chileresultados
4724,2021-11-21,2 10 16 27 36 39,14,kaggle+nicovh+chileresultados
4725,2021-11-23,3 8 9 20 21 39,34,kaggle+nicovh+chileresultados
4726,2021-11-25,2 13 26 27 37 41,18,kaggle+nicovh+chileresultados
4727,2021-11-28,3 4 19 24 26 31,38,kaggle+nicovh+chileresultados
4728,2021-11-30,11 27 31 33 37 41,7,kaggle+nicovh+chileresultados
4729,2021-12-02,1 6 15 18 19 41,24,kaggle+nicovh+chileresultados
4730,2021-12-05,4 5 7 10 20 39,12,kaggle+nicovh+chileresultados
4731,2021-12-07,1 5 16 27 36 37,15,kaggle+nicovh+chileresultados
4732,2021-12-09,1 3 8 10 35 38,26,kaggle+nicovh+chileresultados
4733,2021-12-12,12 14 17 19 31 38,39,kaggle+nicovh+chileresultados
4734,2021-12-14,5 14 15 26 28 38,1,kaggle+nicovh+chileresultados
4735,2021-12-16,7 10 20 30 35 37,4,kaggle+nicovh+chileresultados
4736,2021-12-19,3 11 12 16 20 38,9,kaggle+nicovh+chileresultados
4737,2021-12-21,2 14 23 38 40 41,10,kaggle+nicovh+chileresultados
4738,2021-12-23,3 7 16 21 30 41,20,kaggle+nicovh+chileresultados
4739,2021-12-26,5 10 11 22 23 35,1,kaggle+nicovh+chileresultados
4740,2021-12-28,1 8 17 24 25 36,22,kaggle+nicovh+chileresultados
4741,2021-12-30,5 24 26 28 39 41,10,kaggle+nicovh+chileresultados
4742,2022-01-02,8 16 22 32 34 36,14,kaggle+nicovh+chileresultados
4743,2022-01-04,3 8 9 15 16 37,40,kaggle+nicovh+chileresultados
4744,2022-01-06,4 6 19 24 28 35,41,kaggle+nicovh+chileresultados
4745,2022-01-09,5 14 15 17 19 22,24,kaggle+nicovh+chileresultados
4746,2022-01-11,8 21 22 25 31 32,5,kaggle+nicovh+chileresultados
4747,2022-01-13,5 15 17 23 27 39,2,kaggle+nicovh+chileresultados
4748,2022-01-16,3 4 13 17 36 39,5,kaggle+nicovh+chileresultados
4749,2022-01-18,10 15 20 26 28 33,12,kaggle+nicovh+chileresultados
4750,2022-01-20,9 11 15 16 24 33,17,kaggle+nicovh+chileresultados
4751,2022-01-23,2 14 15 27 34 40,1,kaggle+nicovh+chileresultados
4752,2022-01-25,9 11 13 24 27 38,31,kaggle+nicovh+chileresultados
4753,2022-01-27,6 11 12 26 35 41,34,kaggle+nicovh+chileresultados
4754,2022-01-30,12 25 31 32 38 39,6,kaggle+nicovh+chileresultados
4755,2022-02-01,12 16 22 30 35 37,41,kaggle+nicovh+chileresultados
4756,2022-02-03,8 10 29 30 31 38,1,kaggle+nicovh+chileresultados
4757,2022-02-06,4 23 24 30 33 41,9,kaggle+nicovh+chileresultados
4758,2022-02-08,17 18 19 31 35 38,9,kaggle+nicovh+chileresultados
4759,2022-02-10,7 11 12 28 33 35,13,kaggle+nicovh+chileresultados
4760,2022-02-13,1 5 15 26 31 40,16,kaggle+nicovh+chileresultados
4761,2022-02-15,1 12 17 22 37 39,2,kaggle+nicovh+chileresultados
4762,2022-02-17,1 22 23 25 29 32,10,kaggle+nicovh+chileresultados
4763,2022-02-20,7 12 23 32 39 41,40,kaggle+nicovh+chileresultados
4764,2022-02-22,5 10 19 20 28 40,36,kaggle+nicovh+chileresultados
4765,2022-02-24,6 7 12 14 25 31,22,kaggle+nicovh+chileresultados
4766,2022-02-27,2 12 27 28 30 40,4,kaggle+nicovh+chileresultados
4767,2022-03-01,5 8 14 15 22 41,37,kaggle+nicovh+chileresultados
4768,2022-03-03,3 6 7 10 31 38,16,kaggle+nicovh+chileresultados
4769,2022-03-06,1 6 29 30 37 41,32,kaggle+nicovh+chileresultados
4770,2022-03-08,3 12 14 20 23 31,7,kaggle+nicovh+chileresultados
4771,2022-03-10,4 10 12 21 30 36,17,kaggle+nicovh+chileresultados
4772,2022-03-13,2 12 13 16 36 37,41,kaggle+nicovh+chileresultados
4773,2022-03-15,11 15 21 25 35 36,9,kaggle+nicovh+chileresultados
4774,2022-03-17,15 20 23 25 31 36,11,kaggle+nicovh+chileresultados
4775,2022-03-20,2 3 19 35 38 41,36,kaggle+nicovh+chileresultados
4776,2022-03-22,6 11 13 15 26 37,33,kaggle+nicovh+chileresultados
4777,2022-03-24,9 10 18 21 22 27,11,kaggle+nicovh+chileresultados
4778,2022-03-27,5 13 24 36 37 41,26,kaggle+nicovh+chileresultados
4779,2022-03-29,2 5 6 7 21 40,4,kaggle+nicovh+chileresultados
4780,2022-03-31,12 14 15 19 20 29,39,kaggle+nicovh+chileresultados
4781,2022-04-03,1 4 11 12 23 31,33,kaggle+nicovh+chileresultados
4782,2022-04-05,5 15 27 30 35 39,8,kaggle+nicovh+chileresultados
4783,2022-04-07,3 14 23 28 29 41,16,kaggle+nicovh+chileresultados
4784,2022-04-10,7 9 13 14 29 31,6,kaggle+nicovh+chileresultados
4785,2022-04-12,5 12 25 37 38 41,20,kaggle+nicovh+chileresultados
4786,2022-04-14,2 3 21 24 32 41,20,kaggle+nicovh+chileresultados
4787,2022-04-17,8 23 31 33 35 39,11,kaggle+nicovh+chileresultados
4788,2022-04-19,10 14 20 22 24 35,21,kaggle+nicovh+chileresultados
4789,2022-04-21,4 12 20 29 35 39,40,kaggle+nicovh+chileresultados
4790,2022-04-24,5 14 17 18 29 37,21,kaggle+nicovh+chileresultados
4791,2022-04-26,2 12 14 20 36 38,9,kaggle+nicovh+chileresultados
4792,2022-04-28,1 9 11 24 30 31,17,kaggle+nicovh+chileresultados
4793,2022-05-01,6 18 21 22 29 32,28,kaggle+nicovh+chileresultados
4794,2022-05-03,16 17 20 26 27 36,28,kaggle+nicovh+chileresultados
4795,2022-05-05,1 4 8 25 33 41,9,kaggle+nicovh+chileresultados
4796,2022-05-08,3 17 26 28 29 40,16,kaggle+nicovh+chileresultados
4797,2022-05-10,3 13 19 20 30 36,38,kaggle+nicovh+chileresultados
4798,2022-05-12,7 13 15 21 22 40,3,kaggle+nicovh+chileresultados
4799,2022-05-15,13 14 15 21 23 39,28,kaggle+nicovh+chileresultados
4800,2022-05-17,3 5 15 25 31 32,40,kaggle+nicovh+chileresultados
4801,2022-05-19,9 16 21 22 26 41,15,kaggle+nicovh+chileresultados
4802,2022-05-22,2 15 19 23 25 37,1,kaggle+nicovh+chileresultados
4803,2022-05-24,4 7 18 21 37 41,3,kaggle+nicovh+chileresultados
4804,2022-05-26,15 16 17 26 36 40,14,kaggle+nicovh+chileresultados
4805,2022-05-29,13 15 25 30 39 40,3,kaggle+nicovh+chileresultados
4806,2022-05-31,4 14 19 23 29 30,17,kaggle+nicovh+chileresultados
4807,2022-06-02,17 20 22 25 27 28,23,kaggle+nicovh+chileresultados
4808,2022-06-05,2 15 24 25 32 40,12,kaggle+nicovh+chileresultados
4809,2022-06-07,4 11 28 33 38 41,7,kaggle+nicovh+chileresultados
4810,2022-06-09,16 18 21 29 32 37,8,kaggle+nicovh+chileresultados
4811,2022-06-12,7 8 17 21 31 33,38,kaggle+nicovh+chileresultados
4812,2022-06-14,8 11 15 31 34 40,41,kaggle+nicovh+chileresultados
4813,2022-06-16,5 14 22 29 32 35,17,kaggle+nicovh+chileresultados
4814,2022-06-19,3 5 15 22 31 39,14,kaggle+nicovh+chileresultados
4815,2022-06-21,1 8 10 19 37 40,30,kaggle+nicovh+chileresultados
4816,2022-06-23,27 29 30 31 32 36,13,kaggle+nicovh+chileresultados
4817,2022-06-26,7 10 15 23 29 35,13,kaggle+nicovh+chileresultados
4818,2022-06-28,4 6 21 22 27 39,37,kaggle+nicovh+chileresultados
4819,2022-06-30,3 15 21 25 28 33,23,kaggle+nicovh+chileresultados
4820,2022-07-03,1 9 19 28 39 41,24,kaggle+nicovh+chileresultados
4821,2022-07-05,1 8 20 30 36 40,3,kaggle+nicovh+chileresultados
4822,2022-07-07,6 27 32 37 38 39,40,kaggle+nicovh+chileresultados
4823,2022-07-10,7 16 21 22 37 41,30,kaggle+nicovh+chileresultados
4824,2022-07-12,4 7 17 32 38 40,1,kaggle+nicovh+chileresultados
4825,2022-07-14,2 14 16 20 26 34,8,kaggle+nicovh+chileresultados
4826,2022-07-17,6 8 12 17 27 35,28,kaggle+nicovh+chileresultados
4827,2022-07-19,6 8 11 14 19 31,1,kaggle+nicovh+chileresultados
4828,2022-07-21,2 19 29 33 34 41,20,kaggle+nicovh+chileresultados
4829,2022-07-24,2 4 10 15 31 38,5,kaggle+nicovh+chileresultados
4830,2022-07-26,1 10 15 20 24 36,23,kaggle+nicovh+chileresultados
4831,2022-07-28,1 10 17 25 28 39,34,kaggle+nicovh+chileresultados
4832,2022-07-31,6 9 13 15 16 22,19,kaggle+nicovh+chileresultados
4833,2022-08-02,1 7 8 9 13 16,23,kaggle+nicovh+chileresultados
4834,2022-08-04,1 2 4 17 19 36,7,kaggle+nicovh+chileresultados
4835,2022-08-07,2 15 19 30 38 40,28,kaggle+nicovh+chileresultados
4836,2022-08-09,1 4 8 11 15 31,20,kaggle+nicovh+chileresultados
4837,2022-08-11,4 7 9 31 33 40,6,kaggle+nicovh+chileresultados
4838,2022-08-14,2 7 12 34 35 41,10,kaggle+nicovh+chileresultados
4839,2022-08-16,5 9 10 17 26 38,27,kaggle+nicovh+chileresultados
4840,2022-08-18,6 8 26 33 34 37,23,kaggle+nicovh+chileresultados
4841,2022-08-21,12 16 19 22 25 37,38,kaggle+nicovh+chileresultados
4842,2022-08-23,5 6 11 13 15 28,40,kaggle+nicovh+chileresultados
4843,2022-08-25,10 12 14 15 34 39,38,kaggle+nicovh+chileresultados
4844,2022-08-28,1 10 14 25 33 40,3,kaggle+nicovh+chileresultados
4845,2022-08-30,3 13 17 34 38 41,4,kaggle+nicovh+chileresultados
4846,2022-09-01,12 18 23 29 36 40,37,kaggle+nicovh+chileresultados
4847,2022-09-04,19 29 30 38 39 41,34,kaggle+nicovh+chileresultados
4848,2022-09-06,7 8 21 23 27 31,5,kaggle+nicovh+chileresultados
4849,2022-09-08,21 23 30 34 38 40,7,kaggle+nicovh+chileresultados
4850,2022-09-11,12 17 26 30 34 41,3,kaggle+nicovh+chileresultados
4851,2022-09-13,5 11 16 33 34 35,9,kaggle+nicovh+chileresultados
4852,2022-09-15,2 5 9 19 23 24,8,kaggle+nicovh+chileresultados
4853,2022-09-18,3 11 16 20 21 40,7,kaggle+nicovh+chileresultados
4854,2022-09-20,2 13 14 24 33 36,21,kaggle+nicovh+chileresultados
4855,2022-09-22,1 3 4 8 13 36,14,kaggle+nicovh+chileresultados
4856,2022-09-25,6 10 28 34 37 41,23,kaggle+nicovh+chileresultados
4857,2022-09-27,9 13 23 25 27 40,4,kaggle+nicovh+chileresultados
4858,2022-09-29,11 15 19 20 31 38,8,kaggle+nicovh+chileresultados
4859,2022-10-02,2 13 19 21 33 34,5,kaggle+nicovh+chileresultados
4860,2022-10-04,10 24 28 32 33 39,13,kaggle+nicovh+chileresultados
4861,2022-10-06,1 2 11 23 29 36,5,kaggle+nicovh+chileresultados
4862,2022-10-09,1 10 13 22 37 39,27,kaggle+nicovh+chileresultados
4863,2022-10-11,1 16 17 25 29 35,2,kaggle+nicovh+chileresultados
4864,2022-10-13,1 2 3 20 35 40,11,kaggle+nicovh+chileresultados
4865,2022-10-16,1 15 16 21 27 33,28,kaggle+nicovh+chileresultados
4866,2022-10-18,8 21 22 30 33 38,12,kaggle+nicovh+chileresultados
4867,2022-10-20,5 14 19 20 22 37,28,kaggle+nicovh+chileresultados
4868,2022-10-23,3 17 29 30 31 35,25,kaggle+nicovh+chileresultados
4869,2022-10-25,1 13 21 23 29 41,33,kaggle+nicovh+chileresultados
4870,2022-10-27,3 5 9 29 34 37,32,kaggle+nicovh+chileresultados
4871,2022-10-30,8 9 11 17 22 39,6,kaggle+nicovh+chileresultados
4872,2022-11-01,5 16 28 30 31 38,29,kaggle+nicovh+chileresultados
4873,2022-11-03,5 12 21 25 29 36,23,kaggle+nicovh+chileresultados
4874,2022-11-06,2 9 14 15 29 36,8,kaggle+nicovh+chileresultados
4875,2022-11-08,3 6 11 17 31 36,34,kaggle+nicovh+chileresultados
4876,2022-11-10,4 12 19 21 22 36,7,kaggle+nicovh+chileresultados
4877,2022-11-13,1 14 15 26 28 35,18,kaggle+nicovh+chileresultados
4878,2022-11-15,3 12 24 35 36 37,2,kaggle+nicovh+chileresultados
4879,2022-11-17,4 12 23 25 29 37,26,kaggle+nicovh+chileresultados
4880,2022-11-20,2 17 22 23 29 31,10,kaggle+nicovh+chileresultados
4881,2022-11-22,2 20 22 30 38 41,32,kaggle+nicovh+chileresultados
4882,2022-11-24,3 18 31 37 38 40,24,kaggle+nicovh+chileresultados
4883,2022-11-27,5 6 24 29 33 34,17,kaggle+nicovh+chileresultados
4884,2022-11-29,7 8 14 24 29 40,16,kaggle+nicovh+chileresultados
4885,2022-12-01,2 5 7 11 18 37,14,kaggle+nicovh+chileresultados
4886,2022-12-04,12 16 31 35 37 40,32,kaggle+nicovh+chileresultados
4887,2022-12-06,12 20 23 31 32 33,9,kaggle+nicovh+chileresultados
4888,2022-12-08,2 10 14 20 29 38,13,kaggle+nicovh+chileresultados
4889,2022-12-11,2 20 24 26 30 34,14,kaggle+nicovh+chileresultados
4890,2022-12-13,12 28 32 34 38 41,26,kaggle+nicovh+chileresultados
4891,2022-12-15,14 16 21 24 32 38,3,kaggle+nicovh+chileresultados
4892,2022-12-18,2 3 4 5 11 40,22,kaggle+nicovh+chileresultados
4893,2022-12-20,13 18 20 26 30 39,19,kaggle+nicovh+chileresultados
4894,2022-12-22,8 19 25 34 39 41,33,kaggle+nicovh+chileresultados
4895,2022-12-25,19 22 24 25 26 39,28,kaggle+nicovh+chileresultados
4896,2022-12-27,7 20 21 22 38 40,27,kaggle+nicovh+chileresultados
4897,2022-12-29,1 9 21 24 34 36,15,kaggle+nicovh+chileresultados
4898,2023-01-01,13 16 28 31 36 37,30,kaggle+nicovh+chileresultados
4899,2023-01-03,1 12 26 29 37 41,14,kaggle+nicovh+chileresultados
4900,2023-01-05,6 13 16 19 32 41,1,kaggle+nicovh+chileresultados
4901,2023-01-08,4 19 21 26 27 29,34,kaggle+nicovh+chileresultados
4902,2023-01-10,4 15 23 27 33 36,20,kaggle+nicovh+chileresultados
4903,2023-01-12,19 20 23 26 28 40,31,kaggle+nicovh+chileresultados
4904,2023-01-15,1 12 15 27 39 41,40,kaggle+nicovh+chileresultados
4905,2023-01-17,26 29 33 38 40 41,35,kaggle+nicovh+chileresultados
4906,2023-01-19,2 12 14 19 27 37,1,kaggle+nicovh+chileresultados
4907,2023-01-22,2 9 12 21 26 40,24,kaggle+nicovh+chileresultados
4908,2023-01-24,4 15 22 36 39 40,17,kaggle+nicovh+chileresultados
4909,2023-01-26,1 6 8 9 12 25,3,kaggle+nicovh+chileresultados
4910,2023-01-29,10 11 13 27 35 38,32,kaggle+nicovh+chileresultados
4911,2023-01-31,1 13 20 35 37 39,23,kaggle+nicovh+chileresultados
4912,2023-02-02,8 9 30 31 35 41,20,kaggle+nicovh+chileresultados
4913,2023-02-05,2 7 17 24 37 40,6,kaggle+nicovh+chileresultados
4914,2023-02-07,7 22 33 35 36 41,39,kaggle+nicovh+chileresultados
4915,2023-02-09,5 7 15 31 35 40,36,kaggle+nicovh+chileresultados
4916,2023-02-12,2 8 23 29 31 34,22,kaggle+nicovh+chileresultados
4917,2023-02-14,8 10 22 26 36 37,4,kaggle+nicovh+chileresultados
4918,2023-02-16,9 13 22 23 31 36,5,kaggle+nicovh+chileresultados
4919,2023-02-19,15 18 21 25 30 32,19,kaggle+nicovh+chileresultados
4920,2023-02-21,6 7 20 30 36 41,38,kaggle+nicovh+chileresultados
4921,2023-02-23,3 9 11 28 34 36,15,kaggle+nicovh+chileresultados
4922,2023-02-26,2 3 6 17 31 40,19,kaggle+nicovh+chileresultados
4923,2023-02-28,5 10 12 26 27 39,30,kaggle+nicovh+chileresultados
4924,2023-03-02,10 18 26 27 30 39,28,kaggle+nicovh+chileresultados
4925,2023-03-05,3 10 23 24 32 37,35,kaggle+nicovh+chileresultados
4926,2023-03-07,16 22 26 27 33 39,38,kaggle+nicovh+chileresultados
4927,2023-03-09,3 4 19 24 30 32,10,kaggle+nicovh+chileresultados
4928,2023-03-12,2 7 11 25 27 35,26,kaggle+nicovh+chileresultados
4929,2023-03-14,8 13 20 21 26 35,30,kaggle+nicovh+chileresultados
4930,2023-03-16,4 6 7 12 24 35,2,kaggle+nicovh+chileresultados
4931,2023-03-19,2 25 28 33 39 41,16,kaggle+nicovh+chileresultados
4932,2023-03-21,1 7 16 21 37 38,22,kaggle+nicovh+chileresultados
4933,2023-03-23,3 12 26 31 34 36,13,kaggle+nicovh+chileresultados
4934,2023-03-26,11 12 17 22 39 40,28,kaggle+nicovh+chileresultados
4935,2023-03-28,2 9 11 15 18 20,34,kaggle+nicovh+chileresultados
4936,2023-03-30,2 13 15 16 25 27,6,kaggle+nicovh+chileresultados
4937,2023-04-02,7 15 21 27 30 38,1,kaggle+nicovh+chileresultados
4938,2023-04-04,14 19 20 21 24 41,39,kaggle+nicovh+chileresultados
4939,2023-04-06,2 12 28 29 30 33,21,kaggle+nicovh+chileresultados
4940,2023-04-09,1 2 11 25 30 35,17,kaggle+nicovh+chileresultados
4941,2023-04-11,1 4 5 10 21 28,34,kaggle+nicovh+chileresultados
4942,2023-04-13,4 11 15 19 26 35,5,kaggle+nicovh+chileresultados
4943,2023-04-16,5 7 18 23 24 27,1,kaggle+nicovh+chileresultados
4944,2023-04-18,2 7 10 14 34 40,5,kaggle+nicovh+chileresultados
4945,2023-04-20,1 2 12 13 32 33,29,kaggle+nicovh+chileresultados
4946,2023-04-23,5 6 12 20 23 33,13,kaggle+nicovh+chileresultados
4947,2023-04-25,1 12 18 25 27 34,13,kaggle+nicovh+chileresultados
4948,2023-04-27,6 11 22 26 36 41,3,kaggle+nicovh+chileresultados
4949,2023-04-30,9 19 26 28 29 36,33,kaggle+nicovh+chileresultados
4950,2023-05-02,2 12 16 17 24 41,21,kaggle+nicovh+chileresultados
4951,2023-05-04,13 14 19 27 38 40,20,kaggle+nicovh+chileresultados
4952,2023-05-07,4 7 16 20 23 34,29,kaggle+nicovh+chileresultados
4953,2023-05-09,3 11 16 19 31 32,14,kaggle+nicovh+chileresultados
4954,2023-05-11,7 10 15 17 28 37,23,kaggle+nicovh+chileresultados
4955,2023-05-14,18 19 23 33 39 40,41,kaggle+nicovh+chileresultados
4956,2023-05-16,6 7 18 19 21 23,8,kaggle+nicovh+chileresultados
4957,2023-05-18,1 4 7 15 24 34,21,kaggle+nicovh+chileresultados
4958,2023-05-21,5 7 13 23 33 40,36,kaggle+nicovh+chileresultados
4959,2023-05-23,2 6 10 12 16 31,26,kaggle+nicovh+chileresultados
4960,2023-05-25,10 13 21 25 29 37,1,kaggle+nicovh+chileresultados
4961,2023-05-28,5 16 17 22 27 33,41,kaggle+nicovh+chileresultados
4962,2023-05-30,1 11 14 15 29 30,23,kaggle+nicovh+chileresultados
4963,2023-06-01,10 20 24 26 34 38,3,kaggle+nicovh+chileresultados
4964,2023-06-04,18 22 27 32 34 35,2,kaggle+nicovh+chileresultados
4965,2023-06-06,4 8 13 22 28 33,41,kaggle+nicovh+chileresultados
4966,2023-06-08,4 5 11 18 20 23,37,kaggle+nicovh+chileresultados
4967,2023-06-11,4 7 30 34 39 41,40,kaggle+nicovh+chileresultados
4968,2023-06-13,5 14 18 22 24 29,33,kaggle+nicovh+chileresultados
4969,2023-06-15,1 15 16 23 38 39,28,kaggle+nicovh+chileresultados
4970,2023-06-18,11 19 22 23 28 29,14,kaggle+nicovh+chileresultados
4971,2023-06-20,8 17 24 30 37 38,33,kaggle+nicovh+chileresultados
4972,2023-06-22,24 29 30 31 34 41,14,kaggle+nicovh+chileresultados
4973,2023-06-25,19 20 21 27 30 39,26,kaggle+nicovh+chileresultados
4974,2023-06-27,1 7 10 17 35 39,26,kaggle+nicovh+chileresultados
4975,2023-06-29,6 11 13 15 16 30,2,kaggle+nicovh+chileresultados
4976,2023-07-02,5 10 12 15 29 39,31,kaggle+nicovh+chileresultados
4977,2023-07-04,5 10 21 28 32 33,23,kaggle+nicovh+chileresultados
4978,2023-07-06,7 9 12 29 40 41,26,kaggle+nicovh+chileresultados
4979,2023-07-09,2 3 9 14 19 39,26,kaggle+nicovh+chileresultados
4980,2023-07-11,5 9 12 13 15 36,3,kaggle+nicovh+chileresultados
4981,2023-07-13,3 5 9 13 18 27,39,kaggle+nicovh+chileresultados
4982,2023-07-16,6 9 13 14 22 23,24,kaggle+nicovh+chileresultados
4983,2023-07-18,1 12 19 30 35 41,14,kaggle+nicovh+chileresultados
4984,2023-07-20,1 15 16 23 26 33,4,kaggle+nicovh+chileresultados
4985,2023-07-23,6 13 19 25 26 36,2,kaggle+nicovh+chileresultados
4986,2023-07-25,4 12 13 18 33 40,10,kaggle+nicovh+chileresultados
4987,2023-07-27,3 5 7 17 25 36,14,kaggle+nicovh+chileresultados
4988,2023-07-30,2 7 8 31 37 40,20,kaggle+nicovh+chileresultados
4989,2023-08-01,11 18 23 25 28 36,15,kaggle+nicovh+chileresultados
4990,2023-08-03,2 3 12 28 32 34,18,kaggle+nicovh+chileresultados
4991,2023-08-06,2 6 18 27 29 38,3,kaggle+nicovh+chileresultados
4992,2023-08-08,15 18 21 24 31 35,23,kaggle+nicovh+chileresultados
4993,2023-08-10,18 21 24 25 30 34,15,kaggle+nicovh+chileresultados
4994,2023-08-13,3 9 23 27 29 32,13,kaggle+nicovh+chileresultados
4995,2023-08-15,4 9 10 16 18 24,31,kaggle+nicovh+chileresultados
4996,2023-08-17,6 8 10 13 19 33,7,kaggle+nicovh+chileresultados
4997,2023-08-20,1 3 13 15 22 41,10,kaggle+nicovh+chileresultados
4998,2023-08-22,10 12 21 27 37 40,9,kaggle+nicovh+chileresultados
4999,2023-08-24,13 16 17 24 26 40,23,kaggle+nicovh+chileresultados
5000,2023-08-27,3 12 14 24 32 36,40,kaggle+nicovh+chileresultados
5001,2023-08-29,1 7 23 31 38 41,36,kaggle+nicovh+chileresultados
5002,2023-08-31,4 8 17 29 30 36,22,kaggle+nicovh+chileresultados
5003,2023-09-03,7 14 15 17 22 24,29,kaggle+nicovh+chileresultados
5004,2023-09-05,1 3 6 14 24 38,40,kaggle+nicovh+chileresultados
5005,2023-09-07,8 10 31 33 34 41,1,kaggle+nicovh+chileresultados
5006,2023-09-10,9 11 22 23 31 38,29,kaggle+nicovh+chileresultados
5007,2023-09-12,2 12 22 31 34 38,6,kaggle+nicovh+chileresultados
5008,2023-09-14,2 10 12 13 24 26,21,kaggle+nicovh+chileresultados
5009,2023-09-17,7 21 25 32 35 37,24,kaggle+nicovh+chileresultados
5010,2023-09-19,2 8 20 27 38 39,31,kaggle+nicovh+chileresultados
5011,2023-09-21,3 4 13 19 28 30,15,kaggle+nicovh+chileresultados
5012,2023-09-24,9 12 22 25 30 32,29,kaggle+nicovh+chileresultados
5013,2023-09-26,17 24 31 34 36 38,19,kaggle+nicovh+chileresultados
5014,2023-09-28,2 3 7 10 30 38,31,kaggle+nicovh+chileresultados
5015,2023-10-01,15 16 22 29 31 37,2,kaggle+nicovh+chileresultados
5016,2023-10-03,11 14 15 29 33 35,10,kaggle+nicovh+chileresultados
5017,2023-10-05,7 17 22 24 31 33,9,kaggle+nicovh+chileresultados
5018,2023-10-08,6 17 26 27 35 40,9,kaggle+nicovh+chileresultados
5019,2023-10-10,6 15 19 21 30 33,20,kaggle+nicovh+chileresultados
5020,2023-10-12,15 17 23 25 30 35,19,kaggle+nicovh+chileresultados
5021,2023-10-15,4 8 9 19 25 28,36,kaggle+nicovh+chileresultados
5022,2023-10-17,3 6 8 26 31 38,28,kaggle+nicovh+chileresultados
5023,2023-10-19,9 12 18 19 29 37,33,kaggle+nicovh+chileresultados
5024,2023-10-22,7 19 26 27 33 35,17,kaggle+nicovh+chileresultados
5025,2023-10-24,6 7 10 28 37 39,23,kaggle+nicovh+chileresultados
5026,2023-10-26,7 13 16 23 29 32,9,kaggle+nicovh+chileresultados
5027,2023-10-29,5 6 16 18 27 40,1,kaggle+nicovh+chileresultados
5028,2023-10-31,1 13 14 17 30 37,3,kaggle+nicovh+chileresultados
5029,2023-11-02,1 6 25 32 37 40,33,kaggle+nicovh+chileresultados
5030,2023-11-05,1 3 19 32 37 41,12,kaggle+nicovh+chileresultados
5031,2023-11-07,2 5 7 9 11 25,1,kaggle+nicovh+chileresultados
5032,2023-11-09,4 9 15 18 21 40,12,kaggle+nicovh+chileresultados
5033,2023-11-12,8 10 14 21 28 33,31,kaggle+nicovh+chileresultados
5034,2023-11-14,1 4 5 8 27 41,40,kaggle+nicovh+chileresultados
5035,2023-11-16,2 3 13 27 36 41,24,kaggle+nicovh+chileresultados
5036,2023-11-19,4 5 6 13 22 23,7,kaggle+nicovh+chileresultados
5037,2023-11-21,15 18 20 34 37 41,32,kaggle+nicovh+chileresultados
5038,2023-11-23,4 9 27 29 32 33,24,kaggle+nicovh+chileresultados
5039,2023-11-26,1 3 14 31 36 40,24,kaggle+nicovh+chileresultados
5040,2023-11-28,8 15 18 27 31 35,19,kaggle+nicovh+chileresultados
5041,2023-11-30,5 7 13 27 29 38,35,kaggle+nicovh+chileresultados
5042,2023-12-03,4 8 16 19 25 28,35,kaggle+nicovh+chileresultados
5043,2023-12-05,2 10 23 25 28 33,17,kaggle+nicovh+chileresultados
5044,2023-12-07,3 11 20 28 34 40,7,kaggle+nicovh+chileresultados
5045,2023-12-10,3 9 14 15 28 30,23,kaggle+nicovh+chileresultados
5046,2023-12-12,1 5 17 18 29 31,14,kaggle+nicovh+chileresultados
5047,2023-12-14,1 3 10 11 17 22,38,kaggle+nicovh+chileresultados
5048,2023-12-17,2 5 11 22 28 38,16,kaggle+nicovh+chileresultados
5049,2023-12-19,5 7 11 33 38 41,14,kaggle+nicovh+chileresultados
5050,2023-12-21,1 13 18 19 32 38,40,kaggle+nicovh+chileresultados
5051,2023-12-24,1 2 4 5 27 30,28,kaggle+nicovh+chileresultados
5052,2023-12-26,7 21 28 33 36 41,38,kaggle+nicovh+chileresultados
5053,2023-12-28,5 9 13 16 22 32,7,kaggle+nicovh+chileresultados
5054,2023-12-31,2 13 33 38 39 41,24,kaggle+nicovh+chileresultados
5055,2024-01-02,2 16 20 32 35 38,41,kaggle+nicovh+chileresultados
5056,2024-01-04,1 7 10 16 34 41,26,kaggle+nicovh+chileresultados
5057,2024-01-07,3 20 25 27 29 41,11,kaggle+nicovh+chileresultados
5058,2024-01-09,13 20 27 28 35 41,16,kaggle+nicovh+chileresultados
5059,2024-01-11,9 27 28 31 37 38,15,kaggle+nicovh+chileresultados
5060,2024-01-14,17 23 25 26 27 29,37,kaggle+nicovh+chileresultados
5061,2024-01-16,12 15 21 30 37 41,4,kaggle+nicovh+chileresultados
5062,2024-01-18,2 7 19 24 35 38,10,kaggle+nicovh+chileresultados
5063,2024-01-21,1 21 26 27 33 39,25,kaggle+nicovh+chileresultados
5064,2024-01-23,5 21 25 29 36 37,9,kaggle+nicovh+chileresultados
5065,2024-01-25,10 13 22 28 32 35,26,kaggle+nicovh+chileresultados
5066,2024-01-28,8 11 28 31 38 39,4,kaggle+nicovh+chileresultados
5067,2024-01-30,1 11 19 25 31 40,4,kaggle+nicovh+chileresultados
5068,2024-02-01,2 11 14 19 29 36,3,kaggle+nicovh+chileresultados
5069,2024-02-04,3 5 7 11 22 30,23,kaggle+nicovh+chileresultados
5070,2024-02-06,4 6 10 18 34 37,20,kaggle+nicovh+chileresultados
5071,2024-02-08,4 5 7 10 29 34,38,kaggle+nicovh+chileresultados
5072,2024-02-11,2 11 17 23 35 37,39,kaggle+nicovh+chileresultados
5073,2024-02-13,1 4 9 10 25 26,34,kaggle+nicovh+chileresultados
5074,2024-02-15,8 11 20 31 36 37,1,kaggle+nicovh+chileresultados
5075,2024-02-18,6 16 17 23 26 30,21,kaggle+nicovh+chileresultados
5076,2024-02-20,4 11 19 26 28 35,29,kaggle+nicovh+chileresultados
5077,2024-02-22,16 23 27 31 34 35,9,kaggle+nicovh+chileresultados
5078,2024-02-25,7 13 15 22 26 39,23,kaggle+nicovh+chileresultados
5079,2024-02-27,15 20 27 34 40 41,22,kaggle+nicovh+chileresultados
5080,2024-02-29,3 14 32 37 40 41,5,kaggle+nicovh+chileresultados
5081,2024-03-03,6 9 10 13 25 33,30,kaggle+nicovh+chileresultados
5082,2024-03-05,10 13 22 25 30 37,34,kaggle+nicovh+chileresultados
5083,2024-03-07,3 4 12 17 20 30,40,kaggle+nicovh+chileresultados
5084,2024-03-10,2 4 6 21 32 36,26,kaggle+nicovh+chileresultados
5085,2024-03-12,1 12 21 25 33 35,13,kaggle+nicovh+chileresultados
5086,2024-03-14,2 3 13 18 21 35,28,kaggle+nicovh+chileresultados
5087,2024-03-17,9 12 13 29 31 32,24,kaggle+nicovh+chileresultados
5088,2024-03-19,2 18 20 26 39 40,41,kaggle+nicovh+chileresultados
5089,2024-03-21,2 11 24 26 28 38,27,kaggle+nicovh+chileresultados
5090,2024-03-24,8 9 13 23 32 34,18,kaggle+nicovh+chileresultados
5091,2024-03-26,6 24 25 32 33 34,19,kaggle+nicovh+chileresultados
5092,2024-03-28,2 3 11 21 24 28,16,kaggle+nicovh+chileresultados
5093,2024-03-31,8 19 21 31 40 41,3,kaggle+nicovh+chileresultados
5094,2024-04-02,9 14 19 26 32 37,3,kaggle+nicovh+chileresultados
5095,2024-04-04,4 19 25 28 31 32,7,kaggle+nicovh+chileresultados
5096,2024-04-07,5 21 23 28 39 41,20,kaggle+nicovh+chileresultados
5097,2024-04-09,11 16 25 28 34 40,9,kaggle+nicovh+chileresultados
5098,2024-04-11,7 12 16 17 24 25,36,kaggle+nicovh+chileresultados
5099,2024-04-14,2 3 5 14 17 25,21,kaggle+nicovh+chileresultados
5100,2024-04-16,1 2 12 22 29 31,40,kaggle+nicovh+chileresultados
5101,2024-04-18,3 10 11 16 26 32,23,kaggle+nicovh+chileresultados
5102,2024-04-21,1 17 24 28 33 35,20,kaggle+nicovh+chileresultados
5103,2024-04-23,1 3 16 23 29 32,21,kaggle+nicovh+chileresultados
5104,2024-04-25,7 8 10 21 23 26,37,kaggle+nicovh+chileresultados
5105,2024-04-28,6 14 18 22 30 40,13,kaggle+nicovh+chileresultados
5106,2024-04-30,4 8 9 10 15 33,34,kaggle+nicovh+chileresultados
5107,2024-05-02,1 5 20 33 35 39,4,kaggle+nicovh+chileresultados
5108,2024-05-05,2 4 19 23 29 39,34,kaggle+nicovh+chileresultados
5109,2024-05-07,2 13 23 24 33 39,8,kaggle+nicovh+chileresultados
5110,2024-05-09,7 23 24 36 38 39,27,kaggle+nicovh+chileresultados
5111,2024-05-12,7 21 23 24 34 37,18,kaggle+nicovh+chileresultados
5112,2024-05-14,4 5 13 20 33 34,6,kaggle+nicovh+chileresultados
5113,2024-05-16,5 20 21 25 28 35,30,kaggle+nicovh+chileresultados
5114,2024-05-19,5 6 23 30 33 35,3,kaggle+nicovh+chileresultados
5115,2024-05-21,7 10 15 20 26 33,27,kaggle+nicovh+chileresultados
5116,2024-05-23,7 8 11 14 16 19,36,kaggle+nicovh+chileresultados
5117,2024-05-26,1 5 14 31 35 36,6,kaggle+nicovh+chileresultados
5118,2024-05-28,13 16 18 22 24 39,41,kaggle+nicovh+chileresultados
5119,2024-05-30,1 3 25 29 32 39,23,kaggle+nicovh+chileresultados
5120,2024-06-02,3 8 9 27 35 40,28,kaggle+nicovh+chileresultados
5121,2024-06-04,2 10 26 28 29 40,19,kaggle+nicovh+chileresultados
5122,2024-06-06,6 15 16 19 32 41,35,kaggle+nicovh+chileresultados
5123,2024-06-09,5 9 10 11 25 37,24,kaggle+nicovh+chileresultados
5124,2024-06-11,9 10 28 29 36 39,18,kaggle+nicovh+chileresultados
5125,2024-06-13,2 7 10 25 29 30,37,kaggle+nicovh+chileresultados
5126,2024-06-16,3 5 17 25 28 40,21,kaggle+nicovh+chileresultados
5127,2024-06-18,1 21 23 26 38 40,15,kaggle+nicovh+chileresultados
5128,2024-06-20,11 16 27 30 33 38,17,kaggle+nicovh+chileresultados
5129,2024-06-23,4 10 21 27 33 35,16,kaggle+nicovh+chileresultados
5130,2024-06-25,1 4 14 16 24 33,38,kaggle+nicovh+chileresultados
5131,2024-06-27,3 4 21 23 32 35,5,kaggle+nicovh+chileresultados
5132,2024-06-30,15 18 23 25 35 37,11,kaggle+nicovh+chileresultados
5133,2024-07-02,23 26 28 30 33 40,25,kaggle+nicovh+chileresultados
5134,2024-07-04,2 13 14 18 24 36,35,kaggle+nicovh+chileresultados
5135,2024-07-07,3 9 25 26 34 41,13,kaggle+nicovh+chileresultados
5136,2024-07-09,2 9 12 23 29 36,28,kaggle+nicovh+chileresultados
5137,2024-07-11,5 9 11 22 30 35,28,kaggle+nicovh+chileresultados
5138,2024-07-14,11 16 22 23 33 38,20,kaggle+nicovh+chileresultados
5139,2024-07-16,13 26 31 33 34 36,22,kaggle+nicovh+chileresultados
5140,2024-07-18,18 21 23 29 37 41,38,kaggle+nicovh+chileresultados
5141,2024-07-21,10 16 17 23 31 40,13,kaggle+nicovh+chileresultados
5142,2024-07-23,1 15 22 28 39 40,27,kaggle+nicovh+chileresultados
5143,2024-07-25,2 7 12 28 37 39,30,kaggle+nicovh+chileresultados
5144,2024-07-28,2 13 14 24 27 32,4,kaggle+nicovh+chileresultados
5145,2024-07-30,7 9 10 12 23 24,29,kaggle+nicovh+chileresultados
5146,2024-08-01,4 17 24 28 29 34,25,kaggle+nicovh+chileresultados
5147,2024-08-04,4 5 21 24 30 31,33,kaggle+nicovh+chileresultados
5148,2024-08-06,4 8 19 24 29 40,2,kaggle+nicovh+chileresultados
5149,2024-08-08,10 17 26 28 31 34,20,kaggle+nicovh+chileresultados
5150,2024-08-11,6 22 23 26 27 35,38,kaggle+nicovh+chileresultados
5151,2024-08-13,7 22 25 34 39 40,3,kaggle+nicovh+chileresultados
5152,2024-08-15,3 4 5 7 21 38,11,kaggle+nicovh+chileresultados
5153,2024-08-18,5 14 16 19 30 40,33,kaggle+nicovh+chileresultados
5154,2024-08-20,5 20 21 27 37 40,35,kaggle+nicovh+chileresultados
5155,2024-08-22,13 20 21 22 35 38,14,kaggle+nicovh+chileresultados
5156,2024-08-25,7 25 32 33 38 41,30,kaggle+nicovh+chileresultados
5157,2024-08-27,7 23 32 34 39 40,36,kaggle+nicovh+chileresultados
5158,2024-08-29,4 17 22 23 29 38,16,kaggle+nicovh+chileresultados
5159,2024-09-01,5 8 12 14 34 36,40,kaggle+nicovh+chileresultados
5160,2024-09-03,6 15 18 20 22 38,13,kaggle+nicovh+chileresultados
5161,2024-09-05,1 5 14 28 33 36,8,kaggle+nicovh+chileresultados
5162,2024-09-08,4 17 25 29 32 33,22,kaggle+nicovh+chileresultados
5163,2024-09-10,6 14 18 19 33 34,11,kaggle+nicovh+chileresultados
5164,2024-09-12,11 20 21 22 31 33,19,kaggle+nicovh+chileresultados
5165,2024-09-15,1 3 10 27 36 39,34,kaggle+nicovh+chileresultados
5166,2024-09-17,6 11 13 15 16 23,29,kaggle+nicovh+chileresultados
5167,2024-09-19,2 3 17 18 24 33,36,kaggle+nicovh+chileresultados
5168,2024-09-22,7 17 22 31 34 38,36,kaggle+nicovh+chileresultados
5169,2024-09-24,11 17 24 27 38 40,21,kaggle+nicovh+chileresultados
5170,2024-09-26,8 9 18 26 33 40,41,kaggle+nicovh+chileresultados
5171,2024-09-29,3 11 27 34 37 38,6,kaggle+nicovh+chileresultados
5172,2024-10-01,11 15 18 26 28 39,8,kaggle+nicovh+chileresultados
5173,2024-10-03,7 15 18 29 35 36,12,kaggle+nicovh+chileresultados
5174,2024-10-06,3 11 13 17 21 25,4,kaggle+nicovh+chileresultados
5175,2024-10-08,2 11 12 21 29 41,14,kaggle+nicovh+chileresultados
5176,2024-10-10,2 7 11 12 22 23,10,kaggle+nicovh+chileresultados
5177,2024-10-13,3 7 12 32 37 39,17,kaggle+nicovh+chileresultados
5178,2024-10-15,3 5 7 11 12 27,19,kaggle+nicovh+chileresultados
5179,2024-10-17,12 15 20 22 26 35,33,kaggle+nicovh+chileresultados
5180,2024-10-20,13 17 20 32 35 40,24,kaggle+nicovh+chileresultados
5181,2024-10-22,8 11 12 20 25 31,37,kaggle+nicovh+chileresultados
5182,2024-10-24,1 11 27 30 33 34,4,kaggle+nicovh+chileresultados
5183,2024-10-27,1 2 5 11 30 32,17,kaggle+nicovh+chileresultados
5184,2024-10-29,6 16 31 32 33 41,20,kaggle+nicovh+chileresultados
5185,2024-10-31,10 13 19 26 28 32,37,kaggle+nicovh+chileresultados
5186,2024-11-03,2 10 21 28 31 39,22,kaggle+nicovh+chileresultados
5187,2024-11-05,2 11 21 26 28 31,3,kaggle+nicovh+chileresultados
5188,2024-11-07,7 15 17 31 32 33,37,kaggle+nicovh+chileresultados
5189,2024-11-10,5 13 18 25 28 41,4,kaggle+nicovh+chileresultados
5190,2024-11-12,1 2 3 9 23 35,5,kaggle+nicovh+chileresultados
5191,2024-11-14,8 20 29 30 33 40,1,kaggle+nicovh+chileresultados
5192,2024-11-17,2 4 12 17 23 32,16,kaggle+nicovh+chileresultados
5193,2024-11-19,14 17 26 28 40 41,31,kaggle+nicovh+chileresultados
5194,2024-11-21,6 9 16 22 25 32,10,kaggle+nicovh+chileresultados
5195,2024-11-24,3 6 7 16 23 33,21,kaggle+nicovh+chileresultados
5196,2024-11-26,1 7 11 21 26 28,16,kaggle+nicovh+chileresultados
5197,2024-11-28,11 22 24 31 34 38,6,kaggle+nicovh+chileresultados
5198,2024-12-01,4 6 17 22 34 41,13,kaggle+nicovh+chileresultados
5199,2024-12-03,4 7 9 18 22 37,1,kaggle+nicovh+chileresultados
5200,2024-12-05,11 16 27 31 36 37,5,kaggle+nicovh+chileresultados
5201,2024-12-08,7 10 25 26 28 37,21,kaggle+nicovh+chileresultados
5202,2024-12-10,3 11 14 22 23 39,24,kaggle+nicovh+chileresultados
5203,2024-12-12,1 5 6 27 38 39,15,kaggle+nicovh+chileresultados
5204,2024-12-15,17 19 23 27 28 39,16,kaggle+nicovh+chileresultados
5205,2024-12-17,1 18 33 35 38 41,20,kaggle+nicovh+chileresultados
5206,2024-12-19,9 10 12 17 26 28,31,kaggle+nicovh+chileresultados
5207,2024-12-22,3 10 15 23 27 29,2,kaggle+nicovh+chileresultados
5208,2024-12-24,7 16 23 31 39 41,30,kaggle+nicovh+chileresultados
5209,2024-12-26,3 13 32 35 36 39,28,kaggle+nicovh+chileresultados
5210,2024-12-29,10 13 14 16 37 39,41,kaggle+nicovh+chileresultados
5211,2024-12-31,3 8 10 22 30 32,19,kaggle+nicovh+chileresultados
5212,2025-01-02,1 9 31 32 34 39,12,kaggle+nicovh+chileresultados
5213,2025-01-05,7 17 18 30 35 38,6,kaggle+nicovh+chileresultados
5214,2025-01-07,3 7 10 15 24 35,22,kaggle+nicovh+chileresultados
5215,2025-01-09,4 8 13 18 27 30,2,kaggle+nicovh+chileresultados
5216,2025-01-12,5 11 14 19 22 31,8,kaggle+nicovh+chileresultados
5217,2025-01-14,2 10 32 34 37 40,28,kaggle+nicovh+chileresultados
5218,2025-01-16,1 20 29 32 34 41,21,kaggle+nicovh+chileresultados
5219,2025-01-19,4 10 11 13 39 40,1,kaggle+nicovh+chileresultados
5220,2025-01-21,2 3 13 28 30 36,8,kaggle+nicovh+chileresultados
5221,2025-01-23,3 17 20 26 32 40,15,kaggle+nicovh+chileresultados
5222,2025-01-26,5 20 28 31 33 35,18,kaggle+nicovh+chileresultados
5223,2025-01-28,6 11 18 23 27 29,33,kaggle+nicovh+chileresultados
5224,2025-01-30,2 9 10 18 22 36,8,kaggle+nicovh+chileresultados
5225,2025-02-02,4 15 24 28 30 41,31,kaggle+nicovh+chileresultados
5226,2025-02-04,1 13 23 25 32 35,10,kaggle+nicovh+chileresultados
5227,2025-02-06,14 17 21 27 29 34,1,kaggle+nicovh+chileresultados
5228,2025-02-09,8 17 27 29 32 40,15,kaggle+nicovh+chileresultados
5229,2025-02-11,7 14 18 23 30 35,13,kaggle+nicovh+chileresultados
5230,2025-02-13,6 8 11 14 27 41,23,kaggle+nicovh+chileresultados
5231,2025-02-16,9 13 15 28 29 38,12,kaggle+nicovh+chileresultados
5232,2025-02-18,5 23 28 33 37 40,31,kaggle+nicovh+chileresultados
5233,2025-02-20,13 14 17 27 29 36,18,kaggle+nicovh+chileresultados
5234,2025-02-23,3 14 20 31 33 34,5,kaggle+nicovh+chileresultados
5235,2025-02-25,3 4 10 16 22 31,34,kaggle+nicovh+chileresultados
5236,2025-02-27,1 4 16 20 24 25,23,kaggle+nicovh+chileresultados
5237,2025-03-02,1 6 18 22 37 39,5,kaggle+nicovh+chileresultados
5238,2025-03-04,15 27 28 30 40 41,37,kaggle+nicovh+chileresultados
5239,2025-03-06,1 7 16 22 38 41,4,kaggle+nicovh+chileresultados
5240,2025-03-09,10 20 22 30 34 39,12,kaggle+nicovh+chileresultados
5241,2025-03-11,1 10 14 17 20 34,5,kaggle+nicovh+chileresultados
5242,2025-03-13,1 3 5 15 20 36,33,kaggle+nicovh+chileresultados
5243,2025-03-16,25 28 31 32 39 41,18,kaggle+nicovh+chileresultados
5244,2025-03-18,2 5 9 13 23 26,30,kaggle+nicovh+chileresultados
5245,2025-03-20,2 7 10 11 35 41,21,kaggle+nicovh+chileresultados
5246,2025-03-23,2 3 16 26 35 41,10,kaggle+nicovh+chileresultados
5247,2025-03-25,1 7 12 13 30 33,16,kaggle+nicovh+chileresultados
5248,2025-03-27,2 11 14 15 30 31,3,kaggle+nicovh+chileresultados
5249,2025-03-30,3 11 20 24 30 36,1,kaggle+nicovh+chileresultados
5250,2025-04-01,14 17 22 23 27 31,35,kaggle+nicovh+chileresultados
5251,2025-04-03,1 11 14 16 17 25,41,kaggle+nicovh+chileresultados
5252,2025-04-06,1 15 22 33 38 39,41,kaggle+nicovh+chileresultados
5253,2025-04-08,6 22 28 30 35 41,2,kaggle+nicovh+chileresultados
5254,2025-04-10,5 9 28 36 39 40,23,kaggle+nicovh+chileresultados
5255,2025-04-13,9 17 23 28 29 37,3,kaggle+nicovh+chileresultados
5256,2025-04-15,5 6 11 12 35 36,39,kaggle+nicovh+chileresultados
5257,2025-04-17,14 17 26 28 32 36,27,kaggle+nicovh+chileresultados
5258,2025-04-20,4 15 20 21 32 38,7,kaggle+nicovh+chileresultados
5259,2025-04-22,3 17 29 30 36 40,24,kaggle+nicovh+chileresultados
5260,2025-04-24,2 9 16 29 36 41,24,kaggle+nicovh+chileresultados
5261,2025-04-27,1 19 20 21 25 34,7,kaggle+nicovh+chileresultados
5262,2025-04-29,2 8 14 20 34 39,19,kaggle+nicovh+chileresultados
5263,2025-05-01,5 9 10 12 27 36,11,kaggle+nicovh+chileresultados
5264,2025-05-04,12 19 21 24 33 38,25,kaggle+nicovh+chileresultados
5265,2025-05-06,12 24 25 29 32 33,3,kaggle+nicovh+chileresultados
5266,2025-05-08,2 4 8 10 18 38,41,kaggle+nicovh+chileresultados
5267,2025-05-11,3 14 21 24 34 40,32,kaggle+nicovh+chileresultados
5268,2025-05-13,1 7 10 29 36 41,21,kaggle+nicovh+chileresultados
5269,2025-05-15,5 15 29 32 37 41,1,kaggle+nicovh+chileresultados
5270,2025-05-18,12 17 28 33 37 38,41,kaggle+nicovh+chileresultados
5271,2025-05-20,13 21 32 33 35 39,41,kaggle+nicovh+chileresultados
5272,2025-05-22,3 12 17 25 36 38,27,kaggle+nicovh+chileresultados
5273,2025-05-25,11 18 24 34 35 39,28,kaggle+nicovh+chileresultados
5274,2025-05-27,15 17 21 23 26 29,24,kaggle+nicovh+chileresultados
5275,2025-05-29,19 24 25 34 38 39,20,kaggle+nicovh+chileresultados
5276,2025-06-01,1 7 13 20 29 31,21,kaggle+nicovh+chileresultados
5277,2025-06-03,12 14 16 33 34 38,8,kaggle+nicovh+chileresultados
5278,2025-06-05,7 17 21 29 31 37,36,kaggle+nicovh+chileresultados
5279,2025-06-08,8 11 17 20 22 31,9,kaggle+nicovh+chileresultados
5280,2025-06-10,5 10 24 27 29 37,38,kaggle+nicovh+chileresultados
5281,2025-06-12,3 6 7 25 32 36,16,kaggle+nicovh+chileresultados
5282,2025-06-15,4 6 8 17 26 32,3,kaggle+nicovh+chileresultados
5283,2025-06-17,4 7 12 14 15 24,1,kaggle+nicovh+chileresultados
5284,2025-06-19,17 25 35 36 38 39,27,kaggle+nicovh+chileresultados
5285,2025-06-22,11 13 14 21 30 40,12,kaggle+nicovh+chileresultados
5286,2025-06-24,3 11 16 19 24 40,28,kaggle+nicovh+chileresultados
5287,2025-06-26,1 2 8 14 22 25,20,kaggle+nicovh+chileresultados
5288,2025-06-29,3 16 26 27 33 41,11,kaggle+nicovh+chileresultados
5289,2025-07-01,16 25 26 28 30 34,2,kaggle+nicovh+chileresultados
5290,2025-07-03,7 20 21 22 29 41,30,kaggle+nicovh+chileresultados
5291,2025-07-06,5 8 16 33 36 40,6,kaggle+nicovh+chileresultados
5292,2025-07-08,1 4 5 7 17 33,8,kaggle+nicovh+chileresultados
5293,2025-07-10,5 8 9 16 20 31,25,kaggle+nicovh+chileresultados
5294,2025-07-13,2 7 13 28 34 38,23,kaggle+nicovh+chileresultados
5295,2025-07-15,7 20 26 29 34 41,19,kaggle+nicovh+chileresultados
5296,2025-07-17,11 17 30 38 39 41,36,kaggle+nicovh+chileresultados
5297,2025-07-20,2 9 14 26 32 37,40,kaggle+nicovh+chileresultados
5298,2025-07-22,4 10 12 14 27 39,5,kaggle+nicovh+chileresultados
5299,2025-07-24,2 19 22 23 29 31,6,kaggle+nicovh+chileresultados
5300,2025-07-27,1 13 20 25 27 35,33,kaggle+nicovh+chileresultados
5301,2025-07-29,5 10 16 22 33 37,1,kaggle+nicovh+chileresultados
5302,2025-07-31,11 14 17 24 30 39,12,kaggle+nicovh+chileresultados
5303,2025-08-03,10 13 19 26 27 39,8,kaggle+nicovh+chileresultados
5304,2025-08-05,9 18 20 22 23 38,7,kaggle+nicovh+chileresultados
5305,2025-08-07,5 11 13 23 36 38,39,kaggle+nicovh+chileresultados
5306,2025-08-10,10 11 13 26 27 41,39,kaggle+nicovh+chileresultados
5307,2025-08-12,13 15 16 27 34 35,12,kaggle+nicovh+chileresultados
5308,2025-08-14,1 10 17 28 33 36,6,kaggle+nicovh+chileresultados
5309,2025-08-17,2 5 12 17 18 21,25,kaggle+nicovh+chileresultados
5310,2025-08-19,9 18 29 39 40 41,24,kaggle+nicovh+chileresultados
5311,2025-08-21,6 22 27 29 35 38,18,kaggle+nicovh+chileresultados
5312,2025-08-24,2 8 10 12 21 38,30,kaggle+nicovh+chileresultados
5313,2025-08-26,2 5 21 27 36 39,26,kaggle+nicovh+chileresultados
5314,2025-08-28,6 16 18 20 35 39,14,kaggle+nicovh+chileresultados
5315,2025-08-31,3 6 28 32 35 38,41,kaggle+nicovh+chileresultados
5316,2025-09-02,7 8 10 24 28 32,27,kaggle+nicovh+chileresultados
5317,2025-09-04,7 10 15 20 28 36,19,kaggle+nicovh+chileresultados
5318,2025-09-07,6 8 10 18 26 27,13,kaggle+nicovh+chileresultados
5319,2025-09-09,7 9 10 15 16 23,3,kaggle+nicovh+chileresultados
5320,2025-09-11,4 13 19 28 39 40,23,kaggle+nicovh+chileresultados
5321,2025-09-14,5 12 22 33 37 38,14,kaggle+nicovh+chileresultados
5322,2025-09-16,3 13 17 20 36 37,30,kaggle+nicovh+chileresultados
5323,2025-09-18,4 12 20 22 28 35,23,kaggle+nicovh+chileresultados
5324,2025-09-21,1 7 17 22 24 29,15,kaggle+nicovh+chileresultados
5325,2025-09-23,21 31 33 37 39 41,11,kaggle+nicovh+chileresultados
5326,2025-09-25,10 22 25 35 37 40,20,kaggle+nicovh+chileresultados
5327,2025-09-28,11 13 18 32 40 41,8,kaggle+nicovh+chileresultados
5328,2025-09-30,7 20 28 29 37 39,6,kaggle+nicovh+chileresultados
5329,2025-10-02,7 12 18 28 34 37,13,kaggle+nicovh+chileresultados
5330,2025-10-05,10 21 22 23 33 38,41,kaggle+nicovh+chileresultados
5331,2025-10-07,3 14 20 22 32 37,24,kaggle+nicovh+chileresultados
5332,2025-10-09,9 12 19 25 26 33,40,kaggle+nicovh+chileresultados
5333,2025-10-12,2 13 17 20 29 39,27,kaggle+nicovh+chileresultados
5334,2025-10-14,1 10 11 30 31 40,20,kaggle+nicovh+chileresultados
5335,2025-10-16,2 4 7 14 18 28,22,kaggle+nicovh+chileresultados
5336,2025-10-19,18 23 26 32 37 38,12,kaggle+nicovh+chileresultados
5337,2025-10-21,3 8 18 19 21 29,7,kaggle+nicovh+chileresultados
5338,2025-10-23,5 6 8 25 30 41,22,kaggle+nicovh+chileresultados
5339,2025-10-26,6 25 36 38 40 41,23,kaggle+nicovh+chileresultados
5340,2025-10-28,8 11 21 28 38 40,32,kaggle+nicovh+chileresultados
5341,2025-10-30,10 15 20 24 25 31,21,kaggle+nicovh+chileresultados
5342,2025-11-02,1 28 29 32 35 37,16,kaggle+nicovh+chileresultados
5343,2025-11-04,2 13 20 23 24 40,27,kaggle+nicovh+chileresultados
5344,2025-11-06,4 5 6 9 21 26,41,kaggle+nicovh+chileresultados
5345,2025-11-09,10 21 25 27 38 40,13,kaggle+nicovh+chileresultados
5346,2025-11-11,4 8 13 14 17 24,30,kaggle+nicovh+chileresultados
5347,2025-11-13,5 6 12 23 36 38,2,kaggle+nicovh+chileresultados
5348,2025-11-16,1 9 13 28 31 34,17,kaggle+nicovh+chileresultados
5349,2025-11-18,2 13 18 19 29 30,22,kaggle+nicovh+chileresultados
5350,2025-11-20,6 15 19 24 31 36,40,kaggle+nicovh+chileresultados
5351,2025-11-23,1 2 5 18 23 38,22,kaggle+nicovh+chileresultados
5352,2025-11-25,8 10 14 16 23 37,25,nicovh+chileresultados
5353,2025-11-27,7 19 21 25 37 41,9,nicovh+chileresultados
5354,2025-11-30,11 12 13 14 16 39,2,nicovh+chileresultados
5355,2025-12-02,6 11 23 31 35 40,15,nicovh+chileresultados
5356,2025-12-04,7 10 17 25 27 32,20,nicovh+chileresultados
5357,2025-12-07,2 9 17 18 31 38,7,nicovh+chileresultados
5358,2025-12-09,2 9 12 26 29 31,34,nicovh+chileresultados
5359,2025-12-11,6 19 29 33 37 40,16,nicovh+chileresultados
5360,2025-12-14,7 11 12 28 31 39,41,nicovh+chileresultados
5361,2025-12-16,11 13 19 30 38 40,14,nicovh+chileresultados
5362,2025-12-18,6 12 16 25 37 38,14,nicovh+chileresultados
5363,2025-12-21,2 8 16 24 25 34,17,nicovh+chileresultados
5364,2025-12-23,2 6 9 13 27 36,25,nicovh+chileresultados
5365,2025-12-25,5 6 14 26 27 37,13,nicovh+chileresultados
5366,2025-12-28,1 4 30 34 36 41,6,nicovh+chileresultados
5367,2025-12-30,14 16 19 27 32 35,40,nicovh+chileresultados
5368,2026-01-01,2 6 18 19 27 35,16,nicovh+chileresultados
5369,2026-01-04,7 9 11 22 38 40,27,nicovh+chileresultados
5370,2026-01-06,2 11 14 27 28 36,31,nicovh+chileresultados
5371,2026-01-08,3 16 29 33 37 38,22,nicovh+chileresultados
5372,2026-01-11,17 21 22 25 26 38,18,nicovh+chileresultados
5373,2026-01-13,6 16 17 20 28 33,11,nicovh+chileresultados
5374,2026-01-15,12 17 19 25 27 34,22,nicovh+chileresultados
5375,2026-01-18,2 9 17 30 32 38,24,nicovh+chileresultados
5376,2026-01-20,5 17 19 24 36 41,30,nicovh+chileresultados
5377,2026-01-22,19 23 26 31 35 36,13,nicovh+chileresultados
5378,2026-01-25,15 18 23 26 28 37,22,nicovh+chileresultados
5379,2026-01-27,4 7 15 19 31 41,17,nicovh+chileresultados
5380,2026-01-29,15 17 21 30 32 35,14,nicovh+chileresultados
5381,2026-02-01,4 5 20 28 29 34,19,nicovh+chileresultados
5382,2026-02-03,2 11 15 16 33 34,9,nicovh+chileresultados
5383,2026-02-05,2 12 15 20 21 30,31,nicovh+chileresultados
5384,2026-02-08,4 15 23 24 33 41,39,nicovh+chileresultados
5385,2026-02-10,7 26 29 33 34 37,1,nicovh+chileresultados
5386,2026-02-12,1 17 19 23 36 39,38,nicovh+chileresultados
5387,2026-02-15,6 15 16 19 24 30,25,nicovh+chileresultados
5388,2026-02-17,4 15 21 22 36 40,31,nicovh+chileresultados
5389,2026-02-19,1 4 11 30 32 38,41,nicovh+chileresultados
5390,2026-02-22,2 10 13 27 30 32,5,nicovh+chileresultados
5391,2026-02-24,6 10 17 22 39 41,28,nicovh+chileresultados
5392,2026-02-26,9 32 35 38 40 41,7,nicovh+chileresultados
5393,2026-03-01,1 4 18 23 29 41,38,nicovh+chileresultados
5394,2026-03-03,4 5 10 28 33 39,36,nicovh+chileresultados
5395,2026-03-05,2 7 19 24 29 34,39,nicovh+chileresultados
5396,2026-03-08,11 13 14 34 35 40,16,nicovh+chileresultados
5397,2026-03-10,12 15 25 28 32 35,9,nicovh+chileresultados
5398,2026-03-12,4 16 23 25 26 35,21,nicovh+chileresultados
5399,2026-03-15,11 13 14 19 23 31,18,nicovh+chileresultados
5400,2026-03-17,11 14 20 24 28 34,38,nicovh+chileresultados
5401,2026-03-19,4 9 22 25 32 35,5,nicovh+chileresultados
5402,2026-03-22,5 21 24 35 40 41,12,nicovh+chileresultados
5403,2026-03-24,13 23 29 36 40 41,35,nicovh+chileresultados
5404,2026-03-26,2 11 13 25 38 39,23,chileresultados
5405,2026-03-29,6 14 21 27 32 34,9,nicovh+chileresultados
5406,2026-03-31,6 9 11 20 23 34,33,nicovh+chileresultados
5407,2026-04-02,2 3 4 25 39 41,31,nicovh+chileresultados
5408,2026-04-05,20 22 26 33 34 41,40,nicovh+chileresultados
5409,2026-04-07,2 3 7 19 32 37,26,nicovh+chileresultados
5410,2026-04-09,1 3 12 18 21 28,38,nicovh+chileresultados
5411,2026-04-12,5 18 20 26 35 39,1,nicovh+chileresultados
5412,2026-04-14,11 14 23 26 31 35,40,nicovh+chileresultados
5413,2026-04-16,7 17 23 24 30 31,5,nicovh+chileresultados
5414,2026-04-19,1 9 25 28 35 36,38,nicovh+chileresultados
5415,2026-04-21,3 16 27 32 34 38,1,nicovh+chileresultados
5416,2026-04-23,1 25 30 34 37 39,22,nicovh+chileresultados
5417,2026-04-26,5 7 15 21 27 35,33,nicovh+chileresultados
5418,2026-04-28,3 6 13 32 35 39,20,nicovh+chileresultados
5419,2026-04-30,8 21 23 25 26 39,2,nicovh+chileresultados
5420,2026-05-03,7 20 26 27 29 36,39,nicovh+chileresultados
5421,2026-05-05,11 13 25 28 30 36,4,nicovh+chileresultados
5422,2026-05-07,1 11 16 18 29 33,5,nicovh+chileresultados
5423,2026-05-10,6 7 12 15 20 21,34,nicovh+chileresultados
5424,2026-05-12,13 16 19 32 37 41,18,nicovh+chileresultados
5425,2026-05-14,10 15 17 18 20 22,1,nicovh+chileresultados
5426,2026-05-17,2 13 24 27 30 38,8,nicovh+chileresultados
5427,2026-05-19,2 18 19 35 36 41,32,nicovh+chileresultados
5428,2026-05-21,4 11 12 18 19 26,34,nicovh+chileresultados
5429,2026-05-24,13 19 23 24 29 34,25,nicovh+chileresultados
5430,2026-05-26,3 8 12 28 31 32,5,nicovh+chileresultados
5431,2026-05-28,5 9 23 35 39 41,27,nicovh+chileresultados
5432,2026-05-31,5 8 22 30 32 40,2,nicovh+chileresultados
5433,2026-06-02,3 11 20 27 31 40,29,nicovh+chileresultados
5434,2026-06-04,1 9 10 24 28 35,22,nicovh+chileresultados
5435,2026-06-07,14 15 20 24 31 40,38,nicovh+chileresultados
5436,2026-06-09,4 11 15 17 35 41,3,nicovh+chileresultados
5437,2026-06-11,3 8 11 16 20 37,26,nicovh+chileresultados
5438,2026-06-14,5 10 14 23 38 41,32,nicovh+chileresultados
5439,2026-06-16,2 6 10 36 37 40,35,nicovh+chileresultados
5440,2026-06-18,7 17 19 22 24 33,6,nicovh+chileresultados
5441,2026-06-21,13 15 17 18 21 31,2,nicovh+chileresultados
5442,2026-06-23,11 18 21 23 26 33,32,nicovh+chileresultados
5443,2026-06-25,7 8 11 13 20 35,14,nicovh+chileresultados
5444,2026-06-28,17 20 28 35 36 40,38,nicovh+chileresultados
5445,2026-06-30,10 13 17 20 27 28,5,nicovh+chileresultados
5446,2026-07-02,2 10 12 17 18 27,3,nicovh+chileresultados
5447,2026-07-05,7 14 15 21 27 28,2,nicovh+chileresultados
5448,2026-07-07,8 18 20 21 33 34,22,nicovh+chileresultados
5449,2026-07-09,1 8 9 22 23 29,26,nicovh+chileresultados
5450,2026-07-12,1 9 17 29 31 40,41,nicovh+chileresultados
5451,2026-07-14,10 13 15 20 38 41,16,nicovh+chileresultados
5452,2026-07-16,4 15 23 28 35 40,8,nicovh+chileresultados
5453,2026-07-19,3 9 11 12 20 40,18,nicovh+chileresultados
5454,2026-07-21,11 16 17 20 28 31,40,nicovh+chileresultados
5455,2026-07-23,2 3 5 11 26 33,7,nicovh+chileresultados
5456,2026-07-26,5 11 17 18 28 33,29,nicovh+chileresultados
5457,2026-07-28,1 5 10 16 27 30,36,nicovh+chileresultados
5458,2026-07-30,5 8 15 16 24 29,9,nicovh+chileresultados
5459,2026-08-02,17 18 23 29 32 38,3,nicovh+chileresultados
5460,2026-08-04,9 22 24 32 35 36,25,nicovh+chileresultados
5461,2026-08-06,7 8 12 17 20 29,24,nicovh+chileresultados
5462,2026-08-09,4 14 17 23 30 39,37,nicovh+chileresultados
5463,2026-08-11,10 18 22 23 35 37,31,nicovh+chileresultados
5464,2026-08-13,10 13 20 21 22 33,35,chileresultados
5465,2026-08-16,4 9 28 31 36 41,11,chileresultados
5466,2026-08-18,7 12 13 28 34 38,23,chileresultados
5467,2026-08-20,1 2 4 32 40 41,05,chileresultados
5468,2026-08-23,15 17 27 28 34 39,29,chileresultados
5469,2026-08-25,3 4 19 29 37 39,16,chileresultados
5470,2026-08-27,14 18 22 28 39 41,38,chileresultados
5471,2026-08-30,3 18 26 32 35 37,14,chileresultados
5472,2026-09-01,6 10 18 24 30 38,01,chileresultados
5473,2026-09-03,22 32 35 36 39 40,38,chileresultados
5474,2026-09-06,2 8 14 21 25 30,11,chileresultados
5475,2026-09-08,4 8 11 13 20 36,15,chileresultados
5476,2026-09-10,4 12 13 27 36 39,10,chileresultados
5477,2026-09-13,4 18 20 21 33 41,06,chileresultados
5478,2026-09-15,4 8 11 22 24 26,01,chileresultados
5479,2026-09-17,11 12 14 28 29 37,41,chileresultados
5480,2026-09-20,15 22 27 29 39 40,06,chileresultados
5481,2026-09-22,10 23 25 26 29 31,03,chileresultados
5482,2026-09-24,13 26 28 32 34 41,08,chileresultados
5483,2026-09-27,2 16 31 33 34 37,41,chileresultados
5484,2026-09-29,4 7 17 19 30 33,31,chileresultados
5485,2026-10-01,2 12 16 17 21 31,30,chileresultados
