19-09-1990,01,02,03,04,05,08,09,11,14,17,20,21,22,23,24
30-09-1990,03,04,05,06,08,09,10,13,14,16,19,22,23,24,25
07-10-1990,03,04,08,09,10,11,12,13,15,18,19,21,22,24,25
14-10-1990,01,04,05,08,09,10,11,12,13,20,21,22,23,24,25
21-10-1990,02,03,06,07,08,10,11,13,16,20,21,22,23,24,25
28-10-1990,02,03,04,07,10,11,12,13,14,16,18,19,20,23,25
04-11-1990,05,06,10,12,13,14,16,17,19,20,21,22,23,24,25
11-11-1990,01,02,03,04,05,06,08,12,15,19,20,21,22,23,25
18-11-1990,03,04,05,07,08,11,12,14,15,16,17,20,21,24,25
25-11-1990,01,02,04,06,07,09,10,11,13,15,17,19,21,22,25
02-12-1990,03,04,05,09,10,11,12,13,14,16,20,22,23,24,25
09-12-1990,01,02,04,05,08,09,11,13,14,18,19,20,23,24,25
16-12-1990,01,02,03,06,09,10,11,14,15,18,19,20,23,24,25
23-12-1990,01,03,07,08,10,11,12,13,16,18,19,21,22,23,24
30-12-1990,03,04,05,06,07,10,11,13,15,16,17,18,19,22,25
06-01-1991,01,02,03,05,06,08,09,10,11,13,14,16,19,22,23
13-01-1991,01,02,04,06,09,10,11,14,16,17,18,19,22,24,25
20-01-1991,03,07,10,11,12,13,14,16,17,19,21,22,23,24,25
27-01-1991,02,03,04,05,06,07,08,09,11,12,13,15,18,22,23
03-02-1991,01,03,04,06,07,09,12,13,15,18,19,20,21,22,23
10-02-1991,04,06,07,08,09,12,13,17,18,19,20,21,22,23,25
17-02-1991,02,04,05,09,11,12,14,16,17,18,19,20,22,23,24
24-02-1991,01,02,04,06,08,09,10,11,12,13,16,17,18,22,24
03-03-1991,02,03,04,08,09,11,12,13,15,16,17,19,20,22,24
10-03-1991,05,07,08,09,10,11,13,14,15,17,20,21,22,24,25
17-03-1991,04,05,07,08,10,11,12,13,15,17,18,21,22,24,25
24-03-1991,02,06,07,08,09,11,13,15,16,19,20,21,23,24,25
31-03-1991,01,03,04,05,06,07,08,09,10,11,15,20,21,23,25
07-04-1991,01,02,05,06,08,09,11,16,17,18,19,20,21,22,24
14-04-1991,01,03,09,10,12,13,14,15,16,17,18,19,20,23,24
21-04-1991,01,02,03,04,05,07,08,10,11,12,15,17,20,23,25
28-04-1991,01,02,09,12,14,15,16,17,18,19,20,21,22,23,24
05-05-1991,03,04,06,09,10,11,12,13,14,16,18,22,23,24,25
12-05-1991,02,05,06,07,09,10,11,12,13,15,16,17,21,22,25
19-05-1991,01,02,03,05,06,07,08,09,10,11,13,14,15,19,22
26-05-1991,01,07,08,09,12,13,15,16,19,20,21,22,23,24,25
02-06-1991,01,03,04,07,08,10,11,13,14,18,19,20,21,24,25
09-06-1991,01,02,03,06,07,10,11,15,16,18,20,22,23,24,25
16-06-1991,03,04,05,06,07,08,09,11,12,14,16,17,21,23,24
23-06-1991,01,02,03,06,09,10,13,15,17,18,19,20,21,22,23
30-06-1991,01,03,04,06,08,09,10,12,13,15,17,18,22,23,25
07-07-1991,02,04,05,07,08,09,11,12,13,14,15,16,17,18,19
14-07-1991,01,03,04,06,07,08,10,12,14,16,17,20,22,23,25
21-07-1991,02,06,07,09,10,11,12,14,15,16,17,18,20,22,25
28-07-1991,01,03,05,06,10,12,14,15,16,17,19,20,21,23,24
04-08-1991,01,03,05,07,08,09,11,12,15,17,18,20,22,24,25
11-08-1991,01,02,05,06,07,09,12,13,14,16,17,19,21,23,24
18-08-1991,01,02,03,06,07,08,11,13,14,15,16,17,21,24,25
25-08-1991,03,04,07,09,10,11,14,16,18,19,20,21,22,24,25
01-09-1991,02,03,06,07,08,09,10,11,12,14,19,20,21,22,25
08-09-1991,01,04,05,07,09,10,12,13,15,16,18,19,21,23,24
15-09-1991,01,02,03,05,06,07,08,09,13,15,16,19,21,23,24
22-09-1991,01,02,04,06,07,08,12,14,16,19,20,21,23,24,25
29-09-1991,01,02,03,04,05,09,12,13,18,19,20,21,22,24,25
06-10-1991,02,03,05,06,07,09,12,13,14,16,18,21,22,23,24
13-10-1991,01,04,05,06,09,10,11,14,16,17,21,22,23,24,25
20-10-1991,03,06,08,09,11,13,14,15,17,18,20,21,23,24,25
27-10-1991,03,06,07,09,12,13,14,15,17,18,21,22,23,24,25
03-11-1991,03,04,05,06,07,09,10,12,13,17,18,19,20,21,25
10-11-1991,02,03,04,05,08,09,10,11,12,13,16,17,19,20,24
17-11-1991,01,02,03,07,09,10,11,12,13,17,18,19,20,22,25
24-11-1991,01,04,05,06,07,08,10,13,14,15,16,18,19,24,25
01-12-1991,01,02,04,05,06,07,09,10,11,14,15,19,20,24,25
08-12-1991,01,02,04,05,07,08,09,12,13,14,17,19,20,23,24
15-12-1991,01,02,06,07,08,11,12,14,16,17,18,19,21,23,24
22-12-1991,03,04,06,08,09,10,14,15,16,18,19,21,22,23,24
29-12-1991,02,03,04,05,07,09,10,12,14,15,16,17,19,22,24
05-01-1992,02,03,04,05,08,10,14,16,17,20,21,22,23,24,25
12-01-1992,02,03,06,08,10,11,12,14,15,17,19,20,21,22,23
19-01-1992,01,03,04,05,07,09,11,13,14,15,16,17,18,20,21
26-01-1992,01,03,04,08,09,11,12,13,15,16,17,19,21,23,25
02-02-1992,01,02,03,04,06,07,10,13,16,17,20,21,22,23,24
09-02-1992,01,02,03,04,07,08,09,10,13,14,16,19,22,24,25
16-02-1992,01,03,05,07,08,11,12,13,14,15,17,20,21,22,23
23-02-1992,01,04,07,08,09,10,11,12,14,18,21,22,23,24,25
01-03-1992,02,05,08,10,12,13,14,16,19,20,21,22,23,24,25
08-03-1992,01,02,03,05,06,07,08,10,12,14,15,16,18,20,21
15-03-1992,01,02,05,06,07,10,12,14,15,17,20,22,23,24,25
22-03-1992,02,03,07,08,12,13,14,15,16,17,19,20,23,24,25
29-03-1992,01,02,03,05,08,09,11,12,13,17,18,21,22,24,25
05-04-1992,01,02,04,09,11,13,14,15,17,18,19,20,21,22,23
12-04-1992,02,03,05,06,08,09,11,13,15,16,18,19,20,22,23
19-04-1992,01,02,04,05,07,08,11,12,13,14,15,18,22,24,25
26-04-1992,01,02,05,06,07,08,10,12,18,19,21,22,23,24,25
03-05-1992,02,06,07,09,10,11,12,13,14,16,18,19,22,24,25
10-05-1992,01,03,04,05,06,07,08,14,15,16,19,20,21,22,23
17-05-1992,02,06,07,10,11,12,13,14,15,17,19,20,21,22,23
24-05-1992,02,04,06,07,08,09,10,12,17,19,20,21,23,24,25
31-05-1992,01,02,03,06,07,09,15,16,17,18,20,21,23,24,25
07-06-1992,01,03,04,07,08,09,11,12,13,14,16,19,21,23,25
14-06-1992,02,03,04,05,06,08,10,11,13,18,19,20,21,22,23
21-06-1992,03,05,07,08,09,11,13,14,18,19,20,21,22,24,25
28-06-1992,01,02,07,08,09,10,11,12,13,14,18,19,20,24,25
05-07-1992,06,09,10,11,12,13,14,15,17,19,20,21,22,24,25
12-07-1992,02,05,07,09,10,11,12,14,15,19,20,22,23,24,25
19-07-1992,02,03,04,05,06,07,10,12,14,16,17,19,22,23,25
26-07-1992,03,05,08,09,10,11,13,15,18,20,21,22,23,24,25
02-08-1992,02,04,05,09,10,13,14,17,18,20,21,22,23,24,25
09-08-1992,01,02,04,05,07,08,09,11,15,16,19,21,23,24,25
16-08-1992,01,02,03,05,06,09,10,11,13,15,17,20,22,24,25
23-08-1992,01,03,05,07,08,09,10,11,13,16,17,19,22,23,24
30-08-1992,01,03,05,06,08,09,11,13,14,19,21,22,23,24,25
06-09-1992,01,05,06,09,10,11,12,13,15,16,17,18,21,23,24
13-09-1992,02,03,04,05,06,08,10,12,13,16,20,21,22,23,25
20-09-1992,02,05,06,08,10,11,13,16,17,18,19,21,23,24,25
27-09-1992,01,04,05,07,08,10,12,13,15,16,17,18,20,23,25
04-10-1992,01,02,03,04,06,08,09,10,12,14,16,18,20,22,24
11-10-1992,01,03,06,07,08,09,11,14,15,18,20,21,22,23,24
18-10-1992,01,06,07,08,10,12,15,16,17,18,19,20,22,24,25
25-10-1992,04,05,06,07,08,10,11,12,13,14,19,22,23,24,25
01-11-1992,01,02,03,04,06,08,11,12,13,14,17,18,22,23,24
08-11-1992,03,04,05,07,09,11,13,17,18,19,20,21,22,24,25
15-11-1992,01,03,04,06,07,10,11,14,17,19,20,21,22,23,24
22-11-1992,01,02,05,06,08,11,12,14,15,16,17,19,21,23,24
29-11-1992,02,05,06,08,09,10,11,12,14,15,16,17,19,21,22
06-12-1992,04,07,08,09,11,12,13,16,17,18,19,20,22,24,25
13-12-1992,03,05,07,08,10,11,13,14,16,17,18,19,20,23,25
20-12-1992,04,05,06,08,09,12,14,15,17,18,19,21,23,24,25
27-12-1992,02,03,04,06,07,09,12,14,16,17,18,19,21,23,25
03-01-1993,01,03,04,09,10,13,14,16,17,18,19,20,21,23,25
10-01-1993,03,04,05,06,07,08,09,12,15,16,18,20,21,24,25
17-01-1993,04,05,06,09,10,11,12,14,15,16,17,20,21,22,25
24-01-1993,01,02,03,04,06,08,11,12,15,17,18,20,22,23,24
31-01-1993,03,07,09,11,12,13,14,15,16,17,18,19,20,21,23
07-02-1993,03,04,05,07,09,10,11,12,13,15,16,17,20,21,25
14-02-1993,03,04,06,07,09,11,13,14,17,18,19,20,21,23,24
21-02-1993,06,07,10,12,13,14,15,16,17,18,19,20,21,22,25
28-02-1993,01,02,04,05,07,08,09,11,12,16,18,20,21,23,25
07-03-1993,01,03,05,06,07,09,10,11,12,13,16,17,19,20,23
14-03-1993,01,02,03,04,05,06,09,12,14,16,17,18,19,23,25
21-03-1993,02,03,04,05,07,08,09,10,11,12,15,17,19,22,23
28-03-1993,01,03,06,07,08,10,12,13,15,16,17,18,19,24,25
04-04-1993,03,05,06,09,11,13,14,15,16,17,18,19,21,22,23
11-04-1993,02,03,05,07,10,12,13,15,18,20,21,22,23,24,25
18-04-1993,01,03,07,11,13,14,15,16,17,18,19,21,23,24,25
25-04-1993,01,03,04,05,07,08,12,14,16,17,18,20,21,24,25
02-05-1993,01,03,04,05,06,07,10,13,17,18,19,20,21,22,25
09-05-1993,01,04,06,07,09,10,11,12,14,16,17,19,21,22,24
16-05-1993,02,03,05,08,12,13,14,15,16,17,18,19,22,23,24
23-05-1993,01,02,05,06,09,10,12,13,14,15,18,19,20,21,25
30-05-1993,02,03,04,05,07,09,11,12,17,18,19,20,22,23,25
06-06-1993,02,05,06,07,08,12,13,16,17,18,20,21,23,24,25
13-06-1993,01,02,03,04,05,06,08,09,10,11,20,21,22,23,24
20-06-1993,03,04,08,09,10,11,15,16,17,18,19,20,22,23,24
27-06-1993,04,05,07,10,11,12,14,15,16,18,19,20,21,22,23
04-07-1993,01,02,04,08,10,11,12,13,16,17,19,21,23,24,25
11-07-1993,02,03,04,05,07,08,09,11,12,16,17,19,21,22,24
18-07-1993,01,02,04,05,08,10,11,13,14,15,17,18,23,24,25
25-07-1993,05,06,07,09,10,11,12,13,14,15,16,18,19,21,22
01-08-1993,03,04,05,06,08,11,14,15,17,18,20,22,23,24,25
08-08-1993,01,02,03,04,07,08,11,12,14,15,18,20,21,22,23
15-08-1993,01,04,05,08,09,10,11,14,15,16,18,19,20,24,25
22-08-1993,01,02,03,04,06,09,10,12,15,16,17,18,19,20,24
29-08-1993,02,03,04,05,07,08,12,15,16,17,19,20,23,24,25
05-09-1993,01,02,03,04,06,08,09,11,13,16,19,20,21,22,25
12-09-1993,01,05,06,07,08,09,10,11,12,14,18,19,20,21,25
19-09-1993,01,06,09,11,12,13,14,15,16,18,19,20,21,23,24
26-09-1993,02,05,06,09,10,11,12,13,15,16,17,18,21,23,24
03-10-1993,01,02,03,05,06,08,10,12,13,14,17,19,20,22,25
10-10-1993,01,02,06,08,09,10,12,16,17,18,19,20,21,22,25
17-10-1993,02,03,05,06,08,09,10,13,14,16,18,20,22,24,25
24-10-1993,05,06,07,08,10,11,12,13,18,19,20,21,22,23,25
31-10-1993,01,02,03,04,06,07,09,11,12,15,17,18,20,22,25
07-11-1993,01,02,05,07,09,10,11,14,15,16,18,20,21,22,23
14-11-1993,01,02,03,04,06,07,08,14,15,16,17,21,23,24,25
21-11-1993,01,02,04,05,06,07,10,12,14,17,18,19,21,24,25
28-11-1993,02,04,05,06,08,12,13,14,15,16,17,19,20,22,24
05-12-1993,01,02,03,04,06,07,08,11,13,14,16,17,18,21,22
12-12-1993,03,06,08,09,11,12,13,14,17,19,20,21,22,24,25
19-12-1993,01,03,05,06,07,09,14,16,18,19,20,21,23,24,25
26-12-1993,02,03,04,05,06,08,09,11,12,14,16,17,18,21,23
02-01-1994,01,02,05,08,10,14,15,16,17,20,21,22,23,24,25
09-01-1994,01,03,05,06,07,09,11,12,13,15,16,20,21,23,25
16-01-1994,02,03,06,07,08,09,10,13,18,19,21,22,23,24,25
23-01-1994,03,04,06,08,09,10,11,14,16,17,20,21,22,24,25
30-01-1994,01,02,05,06,07,08,09,10,14,18,19,21,22,24,25
06-02-1994,01,02,06,07,11,12,13,14,15,16,17,18,19,20,25
13-02-1994,03,04,05,06,07,09,10,11,15,17,19,20,21,23,25
20-02-1994,01,04,05,06,07,10,13,15,17,18,19,21,22,23,24
27-02-1994,01,02,03,04,05,06,09,10,13,14,16,17,18,20,22
06-03-1994,03,06,08,09,10,11,12,15,16,17,19,20,21,23,25
13-03-1994,01,04,07,08,10,12,14,15,16,17,18,22,23,24,25
20-03-1994,01,04,05,06,08,09,10,12,13,15,17,18,19,23,24
27-03-1994,02,03,05,07,08,10,11,12,13,18,19,21,23,24,25
03-04-1994,01,05,09,10,11,12,13,14,16,18,19,21,22,23,25
10-04-1994,01,05,06,07,08,09,10,12,13,14,16,17,18,22,23
17-04-1994,04,05,08,10,12,14,15,16,17,18,19,21,22,24,25
24-04-1994,05,07,09,10,11,12,13,15,16,17,19,22,23,24,25
01-05-1994,01,02,03,04,08,10,11,13,14,15,16,17,22,23,25
08-05-1994,03,04,05,06,07,08,10,12,15,19,21,22,23,24,25
15-05-1994,03,04,05,06,08,11,12,14,15,17,18,19,20,24,25
22-05-1994,03,04,05,10,11,12,14,16,17,18,19,21,23,24,25
29-05-1994,02,04,06,07,12,13,14,15,16,17,18,20,21,23,25
05-06-1994,01,02,04,05,08,10,12,13,14,15,17,20,22,23,24
12-06-1994,02,03,04,05,06,07,09,10,12,13,17,20,22,23,25
19-06-1994,01,02,03,06,07,08,09,10,13,14,16,17,21,24,25
26-06-1994,02,03,04,05,06,07,09,12,15,18,19,20,21,22,25
03-07-1994,01,02,03,06,08,10,12,14,15,16,17,18,20,22,23
10-07-1994,01,02,04,05,07,08,09,10,13,14,15,17,18,20,23
17-07-1994,01,02,04,05,06,08,10,11,12,13,16,19,23,24,25
24-07-1994,04,07,08,09,11,12,14,15,16,17,18,20,21,23,25
31-07-1994,03,04,05,06,07,08,10,13,18,19,20,22,23,24,25
07-08-1994,01,03,04,05,06,07,08,10,11,12,15,16,20,23,24
14-08-1994,01,02,06,07,08,10,11,13,16,17,18,19,21,23,25
21-08-1994,01,03,04,05,06,07,08,09,10,11,14,17,18,23,25
28-08-1994,01,04,05,09,12,13,14,16,17,18,19,20,22,23,24
04-09-1994,01,03,06,07,08,11,12,13,14,15,16,18,19,20,25
11-09-1994,02,05,06,07,08,09,10,14,15,17,18,19,22,23,24
18-09-1994,01,02,03,06,07,10,11,12,13,15,16,19,21,23,24
25-09-1994,01,02,04,05,07,09,10,11,14,15,18,19,21,22,25
02-10-1994,04,05,06,10,11,12,13,14,16,17,18,22,23,24,25
09-10-1994,01,02,03,04,05,06,07,08,10,13,17,18,21,22,23
16-10-1994,01,02,04,06,07,08,09,11,12,13,14,17,21,24,25
23-10-1994,02,03,05,07,09,11,12,13,16,17,18,19,20,22,24
30-10-1994,01,02,03,04,05,06,07,08,15,16,17,19,21,23,25
06-11-1994,01,03,07,08,10,11,12,13,15,16,17,19,20,23,24
13-11-1994,01,08,10,11,12,13,15,16,17,18,20,21,23,24,25
20-11-1994,02,04,07,09,10,11,12,13,15,17,18,19,20,21,22
27-11-1994,03,04,06,07,08,09,12,13,15,18,21,22,23,24,25
04-12-1994,01,02,04,09,11,12,13,14,16,17,20,21,22,23,25
11-12-1994,02,07,08,09,12,14,15,18,19,20,21,22,23,24,25
18-12-1994,01,02,03,04,08,10,11,12,13,15,16,17,18,20,23
25-12-1994,03,04,05,07,09,10,12,13,14,15,17,18,21,22,23
01-01-1995,01,02,03,04,07,09,12,14,16,17,18,20,22,24,25
08-01-1995,01,02,03,04,05,07,10,11,14,15,16,18,19,23,24
15-01-1995,04,05,06,08,10,11,12,13,15,18,20,22,23,24,25
22-01-1995,02,04,05,06,07,08,09,10,12,13,15,18,20,22,23
29-01-1995,01,06,07,08,10,11,12,16,17,18,19,20,21,23,25
05-02-1995,01,04,06,07,08,10,11,14,16,17,18,19,20,24,25
12-02-1995,02,04,08,10,11,12,14,16,17,20,21,22,23,24,25
19-02-1995,01,03,08,09,10,11,12,13,14,16,18,19,21,23,24
26-02-1995,02,06,08,09,10,11,12,14,15,16,17,18,19,24,25
05-03-1995,01,03,04,05,06,07,09,11,12,14,15,17,19,22,24
12-03-1995,01,02,06,07,08,09,10,12,13,16,17,20,22,24,25
19-03-1995,01,04,08,09,10,11,14,17,18,20,21,22,23,24,25
26-03-1995,01,02,03,04,05,06,09,11,12,15,16,17,20,21,25
02-04-1995,02,04,05,06,07,09,11,13,14,15,16,18,19,21,22
09-04-1995,01,02,04,05,06,11,13,15,17,18,19,20,21,22,24
16-04-1995,01,02,05,07,09,10,12,13,15,16,17,18,19,22,25
23-04-1995,05,07,08,09,11,12,14,15,16,18,19,20,21,22,24
30-04-1995,01,02,05,06,07,08,09,10,11,12,13,18,20,22,25
07-05-1995,01,02,03,04,05,07,08,09,10,11,14,16,19,21,23
14-05-1995,01,02,04,05,06,10,11,12,14,15,16,17,19,20,23
21-05-1995,01,04,08,11,12,13,14,16,17,18,19,21,22,23,25
28-05-1995,01,02,03,05,06,08,09,10,12,13,17,18,19,21,22
04-06-1995,02,03,05,08,09,10,11,13,14,18,20,21,22,24,25
11-06-1995,01,02,04,05,07,09,10,11,13,14,15,17,19,23,24
18-06-1995,02,03,04,06,09,10,11,14,15,17,20,22,23,24,25
25-06-1995,01,02,04,05,08,09,11,12,13,14,15,19,22,23,24
02-07-1995,01,02,04,05,07,09,11,12,13,16,19,20,21,22,24
09-07-1995,03,04,05,07,09,10,11,12,14,18,19,20,22,23,24
16-07-1995,01,02,04,06,09,13,14,15,16,17,18,19,22,23,24
23-07-1995,01,03,04,05,06,07,09,10,11,14,16,19,21,24,25
30-07-1995,02,04,05,08,11,12,14,16,17,18,19,20,21,22,23
06-08-1995,02,03,05,07,08,09,10,12,13,14,15,17,19,20,25
13-08-1995,01,02,03,05,07,10,12,13,14,17,18,19,22,23,24
20-08-1995,02,03,04,05,06,07,08,10,11,15,20,21,22,23,24
27-08-1995,02,03,05,06,07,10,11,12,13,15,18,19,22,23,24
03-09-1995,02,03,05,06,08,10,11,15,16,17,20,21,22,23,25
10-09-1995,02,05,06,07,08,10,13,15,17,18,19,21,22,23,25
17-09-1995,01,02,03,04,08,11,12,13,14,15,16,17,19,22,24
24-09-1995,01,02,04,07,08,09,10,11,15,16,17,18,21,22,25
01-10-1995,02,03,04,05,06,10,12,13,15,16,17,19,20,21,23
08-10-1995,01,05,06,08,10,11,12,14,16,17,18,20,21,22,24
15-10-1995,01,04,05,06,07,08,10,15,16,17,18,21,22,23,25
22-10-1995,01,04,05,06,08,10,12,14,15,18,19,21,23,24,25
29-10-1995,02,03,04,05,06,08,09,13,15,16,19,20,22,24,25
05-11-1995,01,03,05,07,09,13,14,15,17,18,20,22,23,24,25
12-11-1995,01,02,04,05,06,07,10,11,13,17,19,22,23,24,25
19-11-1995,01,03,05,06,07,09,13,14,15,16,17,18,19,23,25
26-11-1995,02,03,04,05,07,10,13,15,16,18,19,21,23,24,25
03-12-1995,02,03,05,07,08,09,10,11,13,15,18,20,21,23,24
10-12-1995,03,04,05,06,07,08,10,11,13,15,18,19,21,22,25
17-12-1995,01,02,03,04,07,09,10,11,13,17,18,19,23,24,25
24-12-1995,02,03,04,05,06,07,09,11,14,15,19,20,22,24,25
31-12-1995,01,02,05,06,09,12,13,15,16,19,20,21,22,24,25
07-01-1996,02,03,04,06,07,11,12,13,14,17,19,20,22,23,24
14-01-1996,01,03,04,05,06,09,10,12,13,16,18,21,22,24,25
21-01-1996,03,05,06,07,09,11,12,13,14,15,16,17,18,20,22
28-01-1996,02,03,05,08,09,10,11,12,14,16,18,20,21,22,25
04-02-1996,01,03,06,07,08,09,12,13,14,18,19,20,21,23,25
11-02-1996,01,03,05,06,07,08,10,11,13,16,17,18,21,23,25
18-02-1996,01,03,05,06,07,08,12,15,17,18,19,20,21,23,25
25-02-1996,04,05,06,07,09,10,11,12,15,16,18,19,20,24,25
03-03-1996,01,02,03,04,05,07,09,11,12,13,15,17,21,22,25
10-03-1996,01,03,04,05,09,10,12,13,14,17,18,20,22,24,25
17-03-1996,02,03,08,11,12,13,14,15,16,17,18,21,22,24,25
24-03-1996,01,03,04,06,07,08,09,11,13,14,15,20,23,24,25
31-03-1996,01,04,07,09,10,11,13,14,15,16,17,18,20,23,24
07-04-1996,03,04,05,06,07,08,09,13,15,16,17,18,20,21,24
14-04-1996,01,02,03,04,05,06,08,10,12,13,14,18,20,22,23
21-04-1996,01,02,04,05,08,09,11,13,14,15,16,17,19,20,24
28-04-1996,01,04,05,07,10,11,12,13,14,15,16,17,23,24,25
05-05-1996,02,03,04,06,07,08,10,12,15,18,19,20,22,24,25
12-05-1996,02,06,07,08,09,11,12,13,14,15,17,18,22,23,25
19-05-1996,03,05,07,09,10,11,12,15,16,19,20,22,23,24,25
26-05-1996,02,03,04,05,09,11,12,13,14,16,17,21,23,24,25
02-06-1996,01,02,05,06,07,08,09,11,13,14,15,17,18,19,22
09-06-1996,01,02,03,04,05,09,10,13,16,17,18,19,21,23,24
16-06-1996,02,05,06,07,08,09,11,12,13,15,16,17,19,24,25
23-06-1996,01,04,05,06,07,09,10,12,18,19,20,21,22,23,25
30-06-1996,01,04,06,08,09,10,11,14,15,16,17,18,19,21,24
07-07-1996,02,04,05,08,09,10,12,14,16,17,18,22,23,24,25
14-07-1996,02,03,05,08,09,10,11,12,13,16,18,22,23,24,25
21-07-1996,02,03,09,11,12,13,14,15,16,17,20,21,23,24,25
28-07-1996,01,02,05,06,07,10,11,15,16,17,18,19,21,23,25
04-08-1996,01,04,05,06,08,10,11,12,13,14,18,20,21,23,24
11-08-1996,01,04,05,07,09,11,12,13,15,20,21,22,23,24,25
18-08-1996,01,02,05,06,08,09,10,12,13,14,16,19,20,22,23
25-08-1996,01,02,03,05,06,09,10,11,14,15,18,19,20,23,25
01-09-1996,01,03,06,07,08,09,10,12,14,15,16,17,19,23,24
08-09-1996,01,03,07,08,12,13,14,15,16,18,19,20,23,24,25
15-09-1996,02,03,04,05,06,08,09,11,12,13,15,17,19,21,24
22-09-1996,01,02,04,05,07,08,12,13,14,16,17,20,21,22,23
29-09-1996,01,05,07,08,09,11,13,14,15,16,17,18,19,20,23
06-10-1996,01,02,04,05,07,08,09,11,12,13,14,15,16,21,25
13-10-1996,04,05,06,08,10,11,13,14,15,16,17,18,19,23,24
20-10-1996,01,02,03,05,06,07,09,11,13,15,18,19,20,22,24
27-10-1996,04,06,08,09,10,11,13,14,15,17,18,19,21,22,24
03-11-1996,01,02,03,04,06,07,12,14,15,16,17,19,22,23,24
10-11-1996,03,05,06,07,09,12,13,16,17,18,20,21,22,24,25
17-11-1996,01,02,03,05,06,07,10,11,12,15,20,21,22,23,24
24-11-1996,01,02,03,04,05,06,07,08,15,18,19,20,21,23,24
01-12-1996,03,04,05,06,07,08,11,13,17,19,20,21,23,24,25
08-12-1996,01,02,04,07,08,09,11,14,15,17,18,19,21,23,25
15-12-1996,01,02,03,04,05,08,09,11,12,15,16,17,19,20,23
22-12-1996,02,05,07,09,10,13,14,15,18,19,21,22,23,24,25
31-12-1996,02,03,04,05,06,07,10,12,13,14,16,17,21,22,25
05-01-1997,01,02,03,05,07,08,09,11,12,14,15,18,22,24,25
12-01-1997,02,05,07,08,09,12,14,15,19,20,21,22,23,24,25
19-01-1997,02,03,04,05,06,07,08,09,11,13,14,17,18,21,24
26-01-1997,02,03,06,07,08,10,12,13,16,18,19,20,21,22,23
02-02-1997,05,07,08,09,10,13,15,17,18,19,20,21,22,23,24
09-02-1997,02,03,06,07,08,09,10,13,16,18,21,22,23,24,25
16-02-1997,01,02,04,05,11,12,13,14,15,16,17,18,20,21,24
23-02-1997,01,02,03,05,06,07,10,11,12,13,18,21,22,23,24
02-03-1997,01,02,03,05,08,10,11,12,13,14,16,17,19,20,25
09-03-1997,01,05,08,09,12,13,14,15,16,17,18,19,20,22,25
16-03-1997,01,03,04,06,07,09,10,13,14,17,18,21,22,24,25
23-03-1997,03,04,06,07,08,14,15,16,18,19,20,21,22,23,24
30-03-1997,01,02,03,04,06,07,09,10,11,12,13,14,17,19,23
06-04-1997,01,03,04,05,08,10,11,12,13,15,16,18,20,21,25
13-04-1997,04,06,08,09,10,11,12,13,14,15,16,18,20,21,25
20-04-1997,02,03,05,06,07,09,11,16,18,19,20,21,22,23,25
27-04-1997,01,02,04,05,06,07,08,10,13,14,15,19,20,22,23
04-05-1997,03,05,08,09,10,13,14,15,16,18,19,20,21,24,25
11-05-1997,02,04,09,10,11,12,13,16,18,19,20,21,22,23,25
18-05-1997,04,07,08,10,12,14,16,17,18,19,20,22,23,24,25
25-05-1997,03,05,07,10,11,12,13,15,16,17,18,19,22,24,25
01-06-1997,02,03,04,06,07,09,10,11,13,14,15,17,18,21,24
08-06-1997,01,02,03,04,05,06,07,08,09,12,13,14,17,22,25
15-06-1997,03,05,07,08,09,10,11,12,13,16,18,19,20,21,24
22-06-1997,01,02,03,04,05,08,09,10,11,12,15,18,22,23,25
29-06-1997,01,05,06,07,08,11,12,13,16,17,18,21,23,24,25
06-07-1997,01,03,06,07,08,10,11,12,14,16,17,19,20,22,25
13-07-1997,01,02,03,04,05,06,07,08,12,14,15,18,21,23,24
20-07-1997,01,02,05,06,09,10,12,13,14,15,17,18,20,21,22
27-07-1997,01,02,03,05,06,09,11,14,18,20,21,22,23,24,25
03-08-1997,03,05,06,08,09,10,11,12,16,19,20,21,22,23,24
10-08-1997,05,06,07,08,09,10,13,16,18,20,21,22,23,24,25
17-08-1997,01,02,04,06,07,08,13,14,19,20,21,22,23,24,25
24-08-1997,01,03,06,07,08,10,11,14,16,17,18,20,21,23,25
31-08-1997,01,03,04,06,07,08,09,10,12,14,15,17,18,21,24
07-09-1997,01,02,04,05,06,08,09,10,12,13,14,17,22,24,25
14-09-1997,04,05,06,07,09,10,11,15,16,20,21,22,23,24,25
21-09-1997,02,04,09,10,12,13,14,15,18,19,20,21,23,24,25
28-09-1997,01,02,03,06,07,08,13,14,16,17,18,20,21,24,25
05-10-1997,01,02,03,07,08,10,11,12,13,14,16,17,18,20,24
12-10-1997,01,04,08,09,10,12,13,14,15,16,17,19,21,22,24
19-10-1997,01,02,03,04,05,06,09,11,12,13,15,18,19,23,24
26-10-1997,01,02,03,04,08,10,11,12,13,16,17,18,20,24,25
02-11-1997,02,03,04,07,09,10,11,12,13,14,16,17,18,19,25
09-11-1997,01,02,06,07,09,10,13,15,16,17,19,21,23,24,25
16-11-1997,01,03,04,05,07,10,12,13,14,16,18,20,22,23,25
23-11-1997,04,06,07,08,09,10,11,12,13,16,17,18,20,22,25
30-11-1997,02,03,04,05,06,07,08,10,14,15,17,19,20,21,25
07-12-1997,01,02,03,04,05,07,09,13,14,17,19,21,22,23,25
14-12-1997,01,02,04,05,06,07,13,14,17,19,20,21,22,24,25
21-12-1997,02,03,04,05,06,09,10,12,14,16,17,18,20,24,25
28-12-1997,06,08,09,10,11,12,13,14,15,16,17,19,20,21,25
04-01-1998,03,04,06,07,09,12,13,15,16,19,21,22,23,24,25
11-01-1998,01,02,04,06,07,08,10,11,12,14,17,20,21,23,25
18-01-1998,03,05,06,07,10,12,14,15,17,18,19,20,21,22,25
25-01-1998,02,03,05,07,09,10,11,14,15,16,17,20,21,22,25
01-02-1998,02,04,07,08,10,12,13,14,15,18,21,22,23,24,25
08-02-1998,01,03,04,05,07,09,10,11,12,13,14,15,17,18,19
15-02-1998,01,02,03,07,08,10,11,13,14,15,16,20,22,24,25
22-02-1998,02,03,04,05,06,07,09,12,14,16,19,20,21,22,25
01-03-1998,01,04,08,09,10,11,14,16,18,19,20,21,23,24,25
08-03-1998,01,02,05,07,09,10,12,15,16,17,19,20,21,24,25
15-03-1998,01,05,06,07,08,09,10,13,14,17,18,21,22,23,24
22-03-1998,01,03,05,06,07,10,11,13,14,16,17,19,21,24,25
29-03-1998,02,04,06,07,09,10,14,15,16,18,19,20,21,22,24
05-04-1998,01,03,04,07,08,09,10,12,13,14,15,16,20,21,23
12-04-1998,01,03,04,08,09,11,12,13,14,15,18,20,21,22,24
19-04-1998,01,02,04,08,09,10,12,13,15,16,17,18,19,24,25
26-04-1998,01,02,04,08,09,11,13,14,16,18,19,21,23,24,25
03-05-1998,01,02,03,05,06,07,09,12,13,14,15,18,19,20,24
10-05-1998,01,04,06,07,08,09,12,13,14,15,16,18,21,22,24
17-05-1998,02,03,04,05,10,12,13,14,15,16,19,21,22,23,24
24-05-1998,01,02,03,04,06,11,12,13,14,16,17,18,19,20,25
31-05-1998,01,02,03,04,07,10,12,13,15,17,18,19,20,21,24
07-06-1998,02,03,04,05,06,08,10,11,13,14,18,20,21,22,23
14-06-1998,02,04,08,09,10,11,12,16,17,18,19,20,21,22,25
21-06-1998,02,04,05,06,09,12,13,14,15,16,18,19,21,22,23
28-06-1998,03,04,05,06,07,09,11,13,14,15,18,19,22,23,24
05-07-1998,01,03,05,06,07,10,11,13,15,16,19,21,23,24,25
12-07-1998,03,04,06,09,10,11,12,14,15,17,18,21,22,23,24
19-07-1998,01,02,03,05,07,10,12,15,16,17,18,19,23,24,25
26-07-1998,04,05,06,08,09,10,11,12,13,14,15,19,20,22,23
02-08-1998,01,04,05,07,08,10,11,12,15,16,17,18,20,24,25
09-08-1998,04,05,06,08,10,11,13,15,16,19,20,22,23,24,25
16-08-1998,02,05,06,07,09,10,11,12,13,14,15,16,20,21,22
23-08-1998,01,02,03,04,06,09,10,11,12,16,17,18,22,23,24
30-08-1998,01,02,05,07,08,09,10,12,14,15,17,18,19,20,24
06-09-1998,01,02,03,07,08,09,11,12,15,18,20,21,22,24,25
13-09-1998,01,02,07,08,10,11,12,13,14,15,16,18,19,21,24
20-09-1998,01,02,03,04,07,09,10,12,13,16,19,20,21,22,25
27-09-1998,06,08,10,11,12,13,14,15,16,17,18,19,20,23,24
04-10-1998,01,02,05,06,08,09,10,11,13,14,15,18,19,24,25
11-10-1998,01,02,03,04,05,08,11,12,13,14,19,20,22,23,24
18-10-1998,02,05,06,08,09,10,11,13,16,19,20,22,23,24,25
25-10-1998,03,05,07,08,09,10,11,12,14,17,19,20,21,22,25
01-11-1998,01,06,08,09,10,11,12,14,15,17,20,21,22,24,25
08-11-1998,01,02,04,05,07,09,10,13,14,15,16,18,19,21,22
15-11-1998,01,03,06,07,08,12,13,15,17,18,19,20,23,24,25
22-11-1998,01,03,05,09,10,12,13,14,15,16,19,20,21,23,25
29-11-1998,02,03,04,05,07,12,13,14,15,18,19,21,22,23,25
06-12-1998,01,02,03,04,05,06,10,12,13,14,15,16,21,22,25
13-12-1998,01,02,05,07,08,09,10,12,13,14,15,18,21,22,24
20-12-1998,01,06,07,08,09,11,12,14,15,18,19,20,21,23,25
27-12-1998,03,05,06,07,08,09,15,16,17,18,21,22,23,24,25
03-01-1999,02,03,05,07,09,10,11,13,15,18,20,21,22,23,25
10-01-1999,01,02,04,06,08,09,14,15,16,17,18,19,21,23,25
17-01-1999,02,04,05,06,07,09,10,11,13,14,15,16,20,21,23
24-01-1999,01,02,03,04,05,08,11,12,13,14,15,17,18,23,24
31-01-1999,01,05,07,08,10,12,13,14,15,16,17,18,20,23,24
07-02-1999,01,03,04,05,06,07,10,12,14,16,18,20,22,23,24
14-02-1999,01,03,04,05,07,09,10,12,15,18,19,21,22,24,25
21-02-1999,01,03,04,05,07,08,09,10,11,14,16,17,19,20,25
28-02-1999,01,03,06,08,11,12,14,15,17,18,19,20,21,22,24
07-03-1999,01,04,06,07,09,11,13,14,15,16,19,21,22,23,24
14-03-1999,01,02,03,05,07,08,10,11,12,13,15,17,20,24,25
21-03-1999,01,03,07,09,10,11,14,15,16,17,20,21,22,23,24
28-03-1999,04,06,08,11,12,13,14,15,17,19,20,21,22,23,24
04-04-1999,02,04,05,06,08,09,10,11,13,14,17,18,19,21,25
11-04-1999,01,02,03,04,07,08,11,14,16,17,18,19,21,24,25
18-04-1999,01,03,04,05,07,08,09,10,11,15,16,21,22,24,25
25-04-1999,01,03,06,10,11,12,16,17,19,20,21,22,23,24,25
02-05-1999,01,02,06,07,08,09,11,15,17,18,20,21,22,23,25
09-05-1999,03,04,05,06,07,08,11,13,16,17,19,21,22,24,25
16-05-1999,01,02,03,08,11,13,14,15,17,18,19,20,21,22,25
23-05-1999,02,03,04,06,09,12,13,15,16,18,19,20,23,24,25
30-05-1999,01,05,06,08,12,13,15,16,17,19,20,22,23,24,25
06-06-1999,01,02,03,05,06,07,08,09,14,16,17,18,21,24,25
13-06-1999,01,03,06,08,10,11,12,14,16,18,19,22,23,24,25
20-06-1999,01,02,03,04,06,09,10,12,13,14,15,17,18,21,24
27-06-1999,01,02,03,04,07,08,09,10,12,14,15,20,22,23,24
04-07-1999,01,03,05,06,09,11,14,15,17,18,21,22,23,24,25
11-07-1999,01,04,05,07,08,09,11,13,14,15,16,18,22,24,25
18-07-1999,03,04,05,07,08,13,14,15,18,19,20,21,22,24,25
25-07-1999,01,04,06,07,08,10,11,16,17,18,19,20,21,22,24
01-08-1999,01,02,04,06,08,09,10,11,12,17,19,21,22,23,24
08-08-1999,02,03,04,06,07,10,11,12,15,16,19,20,22,24,25
15-08-1999,02,03,04,05,06,08,10,11,15,16,17,21,22,23,25
22-08-1999,01,02,03,04,05,07,09,11,13,14,17,20,21,24,25
29-08-1999,01,02,03,04,05,06,08,09,11,12,14,17,19,20,25
05-09-1999,01,02,04,05,06,07,10,11,12,13,14,17,18,20,24
12-09-1999,01,04,06,07,08,09,10,11,12,14,17,19,21,23,25
19-09-1999,01,02,05,07,09,12,14,16,18,19,20,21,22,24,25
26-09-1999,01,02,04,09,10,11,12,13,14,15,17,19,20,23,24
03-10-1999,03,04,05,06,09,10,11,12,13,16,18,22,23,24,25
10-10-1999,01,02,03,04,05,06,07,09,11,12,14,15,16,17,21
17-10-1999,01,03,05,09,10,12,13,15,16,17,18,19,20,22,23
24-10-1999,01,02,05,06,07,08,10,12,16,17,18,20,22,23,24
31-10-1999,01,02,05,06,07,09,10,12,14,16,17,19,21,22,24
07-11-1999,02,03,04,06,07,10,12,14,15,16,18,19,20,21,23
14-11-1999,01,03,04,06,07,09,10,11,13,14,15,16,18,22,24
21-11-1999,02,03,04,07,09,10,11,15,16,18,20,22,23,24,25
28-11-1999,03,05,06,08,09,10,11,12,13,14,19,20,21,22,24
05-12-1999,01,03,05,09,10,11,12,13,15,17,19,20,21,22,24
12-12-1999,01,02,07,08,09,10,11,12,14,15,16,20,21,23,25
19-12-1999,01,02,05,07,08,10,11,12,14,15,18,19,20,22,24
26-12-1999,01,02,03,05,08,09,11,12,13,16,20,21,23,24,25
31-12-1999,01,03,05,06,07,08,10,11,12,13,15,17,22,23,24
09-01-2000,02,04,05,06,08,09,11,12,16,17,18,21,23,24,25
16-01-2000,02,04,05,06,07,08,12,14,15,17,18,19,20,23,25
23-01-2000,01,03,05,07,08,10,11,12,13,15,18,19,21,22,25
30-01-2000,02,04,07,08,09,10,11,12,13,14,16,18,20,21,25
06-02-2000,04,05,06,07,10,11,13,15,16,17,18,20,21,22,25
13-02-2000,01,03,06,07,08,09,11,12,13,15,18,19,20,22,23
20-02-2000,03,06,07,08,10,11,13,14,15,16,17,18,20,24,25
27-02-2000,03,07,08,10,11,13,14,15,16,17,18,19,20,22,24
05-03-2000,01,02,03,05,06,08,12,14,16,18,19,20,21,23,24
12-03-2000,01,03,04,06,08,10,11,13,14,17,19,21,22,23,24
19-03-2000,01,02,04,05,06,07,09,10,12,13,14,16,17,19,20
26-03-2000,01,02,03,04,07,08,10,13,14,15,17,18,20,22,25
02-04-2000,01,04,05,06,07,09,10,16,17,19,21,22,23,24,25
09-04-2000,01,02,03,07,08,09,10,12,14,16,17,19,21,24,25
16-04-2000,01,03,04,06,07,09,10,15,17,18,19,20,23,24,25
23-04-2000,02,03,04,05,08,10,11,12,13,16,17,18,21,22,24
30-04-2000,02,04,06,08,10,11,12,13,14,17,18,19,20,22,24
07-05-2000,01,02,03,04,06,07,08,12,13,14,15,16,18,22,25
14-05-2000,03,04,06,07,10,12,13,14,15,16,17,18,22,23,25
21-05-2000,02,03,05,06,07,08,09,10,11,14,15,17,18,23,25
28-05-2000,01,02,03,04,05,07,10,12,14,17,18,19,20,22,25
04-06-2000,01,03,05,07,09,11,13,14,17,18,19,20,21,23,24
11-06-2000,01,04,06,09,11,13,14,15,16,18,21,22,23,24,25
18-06-2000,02,03,04,06,08,10,11,15,16,18,19,20,21,23,25
25-06-2000,02,03,06,07,08,13,14,16,17,18,20,21,22,24,25
02-07-2000,01,03,04,07,09,10,11,14,15,16,17,19,22,24,25
09-07-2000,04,07,08,09,10,11,12,13,15,16,18,19,21,22,25
16-07-2000,01,03,05,06,09,11,12,14,15,17,18,19,21,22,24
23-07-2000,01,02,04,05,09,10,11,12,14,17,18,19,20,23,25
30-07-2000,01,02,06,07,09,12,13,14,15,16,17,19,21,22,23
06-08-2000,01,02,03,05,07,08,09,11,15,17,18,19,20,23,24
13-08-2000,01,02,03,04,07,09,10,11,12,15,16,17,19,23,24
20-08-2000,02,03,04,05,06,11,12,13,15,16,17,18,21,23,25
27-08-2000,02,05,09,10,12,13,14,15,16,17,18,20,21,22,25
03-09-2000,01,02,03,04,05,06,09,10,11,12,13,21,23,24,25
10-09-2000,02,03,04,05,06,07,08,09,10,12,14,15,23,24,25
17-09-2000,01,02,04,05,06,11,12,13,15,18,19,20,21,23,24
24-09-2000,01,02,04,05,06,08,09,11,12,13,17,19,20,21,22
01-10-2000,02,04,06,07,09,10,11,12,15,16,18,19,20,22,24
08-10-2000,02,04,05,08,13,14,15,16,17,18,19,20,23,24,25
15-10-2000,04,05,06,07,08,09,11,14,16,18,19,20,22,23,24
22-10-2000,01,02,04,05,06,08,11,13,14,15,17,19,23,24,25
29-10-2000,02,03,04,05,06,10,11,12,14,15,16,18,19,21,25
05-11-2000,01,02,03,05,07,10,11,12,14,15,17,19,20,23,25
12-11-2000,01,02,04,05,07,12,13,15,16,19,20,22,23,24,25
19-11-2000,01,02,04,05,07,10,15,17,18,19,20,21,22,23,24
26-11-2000,03,04,05,06,07,08,10,12,13,15,18,20,21,23,25
03-12-2000,02,04,07,08,11,14,15,17,19,20,21,22,23,24,25
10-12-2000,01,03,05,06,09,10,13,14,15,16,17,18,21,24,25
17-12-2000,01,02,03,05,07,08,09,11,12,13,14,15,19,22,24
24-12-2000,01,02,03,04,05,07,11,14,17,18,19,20,21,22,24
31-12-2000,01,02,04,06,08,09,10,11,12,15,16,18,20,21,22
07-01-2001,01,02,03,04,06,07,10,13,14,15,17,18,21,22,25
14-01-2001,01,04,06,07,09,11,14,16,18,19,20,21,23,24,25
21-01-2001,03,05,07,11,13,14,15,16,17,18,21,22,23,24,25
28-01-2001,02,03,05,06,07,08,11,13,15,16,18,20,23,24,25
04-02-2001,01,02,03,05,06,10,12,14,15,16,17,18,20,23,25
11-02-2001,01,03,07,09,11,13,14,15,16,17,18,19,22,23,24
18-02-2001,01,02,04,05,08,11,12,13,15,16,17,21,22,24,25
25-02-2001,02,03,04,05,06,08,09,10,12,15,16,18,20,22,25
04-03-2001,02,04,06,08,09,10,11,13,14,15,19,20,22,23,25
11-03-2001,01,02,05,06,10,14,15,17,18,19,20,21,22,24,25
18-03-2001,04,05,06,08,09,10,11,12,14,18,20,21,22,23,25
25-03-2001,02,04,05,06,07,09,10,12,14,15,16,20,21,23,25
01-04-2001,01,02,03,04,10,11,14,15,16,17,19,21,22,23,25
08-04-2001,03,06,07,09,11,12,13,14,16,18,19,20,21,24,25
15-04-2001,01,03,04,06,08,11,12,13,14,15,17,18,21,22,24
22-04-2001,01,02,03,07,08,09,10,11,13,14,15,20,22,24,25
29-04-2001,02,05,07,08,10,11,12,13,16,17,18,21,22,23,24
06-05-2001,01,02,04,06,07,08,14,15,16,18,20,21,23,24,25
13-05-2001,01,02,04,05,07,10,13,14,16,17,19,22,23,24,25
20-05-2001,01,03,05,10,11,12,13,15,16,17,18,19,23,24,25
27-05-2001,02,03,04,06,11,13,14,15,19,20,21,22,23,24,25
03-06-2001,01,04,06,07,08,10,11,12,14,15,16,17,19,23,24
10-06-2001,03,06,09,10,11,12,13,14,17,18,19,20,22,23,25
17-06-2001,02,03,04,06,07,08,10,11,13,15,17,18,20,24,25
24-06-2001,01,05,07,08,09,12,13,14,16,17,18,19,21,23,25
01-07-2001,01,04,05,06,07,08,09,10,12,15,16,17,18,20,24
08-07-2001,02,03,04,09,10,11,12,13,14,15,18,19,20,21,23
15-07-2001,01,04,05,06,09,11,13,14,15,16,18,19,20,21,22
22-07-2001,01,03,04,06,09,12,16,17,18,19,20,21,22,23,25
29-07-2001,01,03,05,06,07,08,13,15,16,17,19,20,23,24,25
05-08-2001,01,02,05,06,08,09,12,16,17,18,21,22,23,24,25
12-08-2001,05,06,07,08,09,10,11,13,15,16,17,20,21,22,25
19-08-2001,04,05,06,07,10,11,12,13,14,17,19,21,22,23,25
26-08-2001,02,05,08,09,10,13,14,15,18,19,20,21,22,23,25
02-09-2001,01,02,04,05,08,12,13,15,16,17,19,20,21,24,25
09-09-2001,01,02,05,07,09,11,12,13,15,19,20,21,22,24,25
16-09-2001,01,02,04,05,07,08,09,10,11,12,13,15,19,24,25
23-09-2001,02,03,06,07,08,10,12,13,15,16,17,18,20,24,25
30-09-2001,01,05,07,08,11,12,13,14,15,18,21,22,23,24,25
07-10-2001,01,03,04,05,09,10,13,15,17,18,19,20,22,24,25
14-10-2001,01,02,04,05,06,07,12,14,16,18,19,20,21,22,25
21-10-2001,01,02,04,05,06,08,10,11,12,13,14,16,21,22,25
28-10-2001,01,02,03,04,07,08,09,11,12,15,20,21,22,23,25
04-11-2001,02,05,08,09,10,11,12,13,15,16,17,18,19,24,25
11-11-2001,01,03,04,05,06,07,08,12,14,15,17,18,20,21,23
18-11-2001,01,02,04,06,07,08,09,10,11,14,18,19,20,23,24
25-11-2001,02,03,05,06,08,10,11,12,13,14,15,18,22,24,25
02-12-2001,01,04,05,06,09,11,13,15,18,19,20,22,23,24,25
09-12-2001,01,02,03,04,07,09,10,11,12,15,16,18,19,23,25
16-12-2001,05,06,07,10,11,12,13,14,17,18,19,20,22,23,25
24-12-2001,01,03,04,05,07,08,15,18,19,20,21,22,23,24,25
31-12-2001,02,04,05,06,08,11,12,14,16,17,18,19,21,24,25
06-01-2002,01,02,03,04,08,11,12,13,14,16,17,18,19,23,24
13-01-2002,01,03,04,05,06,08,13,14,15,17,18,19,20,23,24
20-01-2002,02,03,06,08,09,11,13,14,15,17,20,21,22,23,24
27-01-2002,01,03,05,06,07,08,09,11,13,16,19,20,23,24,25
03-02-2002,01,02,03,07,08,09,11,12,13,14,15,21,22,24,25
10-02-2002,01,03,04,05,06,11,12,13,14,15,18,20,21,22,23
17-02-2002,01,02,03,05,06,07,08,09,10,13,16,17,18,22,23
24-02-2002,01,02,04,07,08,10,11,14,15,16,20,21,22,23,25
03-03-2002,01,06,08,09,10,14,16,18,19,20,21,22,23,24,25
10-03-2002,01,03,04,06,07,09,10,11,13,14,16,18,21,22,24
17-03-2002,01,02,04,05,07,08,12,16,18,19,20,21,23,24,25
24-03-2002,02,04,05,06,10,11,14,15,16,18,19,20,22,24,25
31-03-2002,01,02,04,07,09,10,11,12,13,15,18,19,20,21,23
07-04-2002,01,03,04,05,06,08,09,10,11,12,16,18,20,21,25
14-04-2002,01,04,05,06,08,09,10,11,15,16,21,22,23,24,25
21-04-2002,01,06,07,08,09,10,11,14,15,16,18,22,23,24,25
28-04-2002,01,03,05,07,08,09,11,12,14,17,18,20,22,24,25
05-05-2002,01,04,06,07,09,12,13,14,16,17,18,19,23,24,25
12-05-2002,03,04,08,09,12,13,16,17,18,19,20,21,22,24,25
19-05-2002,03,04,05,06,07,10,12,14,15,16,19,21,22,24,25
26-05-2002,01,04,05,06,07,08,09,10,11,15,16,17,18,20,24
02-06-2002,01,02,04,07,10,12,13,14,15,16,17,19,22,23,24
09-06-2002,02,03,04,06,07,08,10,11,13,14,15,16,17,19,22
16-06-2002,01,03,04,05,06,08,12,15,17,18,20,21,22,23,25
23-06-2002,02,03,05,07,09,12,14,15,16,17,18,21,23,24,25
30-06-2002,01,02,04,05,11,12,13,15,16,18,20,22,23,24,25
07-07-2002,01,03,06,07,09,12,13,14,15,16,17,18,19,21,25
14-07-2002,02,03,05,06,07,08,09,11,13,15,18,20,22,24,25
21-07-2002,01,03,05,07,08,09,12,13,14,15,16,17,21,22,23
28-07-2002,01,04,05,06,07,08,11,13,14,18,19,20,22,23,24
04-08-2002,01,02,04,05,06,07,10,13,14,17,19,20,22,23,25
11-08-2002,01,02,03,04,05,06,08,10,11,16,17,21,22,23,25
18-08-2002,02,03,04,06,07,08,09,11,12,17,18,20,21,22,24
25-08-2002,01,02,03,04,07,08,10,11,14,16,18,19,21,22,24
01-09-2002,02,03,06,08,09,11,12,14,16,17,18,19,21,22,25
08-09-2002,01,03,05,07,08,09,10,11,12,14,15,18,20,22,25
15-09-2002,01,02,04,06,07,08,11,12,13,14,16,18,20,22,23
22-09-2002,01,05,08,09,11,12,13,14,17,18,21,22,23,24,25
29-09-2002,01,02,03,04,05,06,08,09,10,11,15,16,19,21,23
06-10-2002,01,04,06,07,08,09,11,12,13,17,18,19,21,24,25
13-10-2002,01,02,03,04,05,07,08,09,10,14,17,19,21,22,23
20-10-2002,01,02,04,06,10,11,12,15,18,20,21,22,23,24,25
27-10-2002,01,02,04,06,10,11,12,13,15,16,17,19,20,22,23
03-11-2002,01,02,04,07,08,10,11,12,13,14,15,16,17,19,20
10-11-2002,01,05,06,07,08,11,13,14,17,18,19,20,21,22,23
17-11-2002,01,04,05,07,08,11,12,13,17,18,19,20,21,22,24
24-11-2002,02,03,05,06,08,10,11,16,17,18,19,20,21,23,24
01-12-2002,01,02,04,05,07,12,13,15,17,18,19,20,21,22,23
08-12-2002,01,02,03,04,06,09,11,13,15,16,17,18,19,21,24
15-12-2002,01,02,03,04,07,11,12,13,14,15,16,18,21,23,24
25-12-2002,01,03,04,05,10,11,13,14,15,17,18,19,21,24,25
31-12-2002,01,03,05,06,07,09,10,12,14,15,18,19,20,21,23
05-01-2003,02,04,05,09,10,11,12,15,16,17,19,20,21,22,24
12-01-2003,01,02,04,06,08,10,12,14,16,19,20,21,23,24,25
19-01-2003,01,02,03,04,06,07,09,12,13,15,16,19,21,24,25
26-01-2003,01,02,03,04,05,10,11,12,13,14,17,19,20,21,25
02-02-2003,01,02,03,05,07,08,09,10,11,14,15,21,22,23,24
09-02-2003,02,03,05,06,07,08,11,12,13,14,15,16,18,20,25
16-02-2003,03,04,05,07,09,10,11,16,18,20,21,22,23,24,25
23-02-2003,01,02,03,04,05,07,08,09,10,15,16,18,19,21,25
02-03-2003,03,04,06,08,10,12,13,14,15,16,17,18,21,24,25
09-03-2003,04,05,07,08,09,10,12,13,14,16,18,19,22,23,25
16-03-2003,02,04,05,07,09,10,12,13,15,16,20,21,22,23,24
23-03-2003,03,05,09,11,13,14,15,16,17,18,19,21,22,24,25
30-03-2003,01,02,04,07,08,10,11,12,13,16,17,18,19,21,23
06-04-2003,01,05,06,07,08,09,10,12,13,14,15,16,21,23,24
13-04-2003,01,02,05,07,08,10,11,13,16,17,20,21,22,23,24
20-04-2003,02,06,07,09,10,11,12,13,15,20,21,22,23,24,25
27-04-2003,01,02,03,04,08,12,13,15,16,17,18,20,23,24,25
04-05-2003,01,02,03,07,08,11,12,14,15,16,18,20,22,23,24
11-05-2003,01,02,03,04,05,06,07,08,09,13,14,15,17,19,25
18-05-2003,04,05,07,08,09,10,11,12,13,14,15,17,19,23,25
25-05-2003,01,02,04,05,07,08,09,10,11,13,14,18,20,24,25
01-06-2003,03,04,07,10,11,12,15,16,18,19,20,21,22,23,25
08-06-2003,01,04,07,08,09,10,11,16,17,18,19,20,22,23,24
15-06-2003,01,04,09,10,11,12,13,15,16,19,20,21,22,24,25
22-06-2003,01,02,03,09,10,11,12,14,15,16,17,18,19,20,25
29-06-2003,02,03,06,07,08,09,11,13,14,16,18,20,21,22,25
06-07-2003,02,03,04,06,07,08,09,10,12,14,15,17,18,20,23
13-07-2003,01,02,04,06,09,10,11,13,14,16,17,20,21,23,25
20-07-2003,01,03,04,05,06,07,08,12,18,19,21,22,23,24,25
27-07-2003,01,02,05,07,08,10,11,15,17,18,20,21,22,23,24
03-08-2003,01,03,04,05,06,08,11,12,13,18,19,20,21,24,25
10-08-2003,01,02,03,04,06,09,11,13,16,17,18,20,21,22,25
17-08-2003,01,04,07,08,13,14,15,16,17,18,19,20,22,23,25
24-08-2003,01,02,03,04,05,06,08,11,16,17,19,21,22,23,25
31-08-2003,02,04,05,07,09,10,11,14,16,17,18,19,21,22,25
07-09-2003,02,05,07,08,11,12,14,15,16,17,18,19,20,22,24
14-09-2003,04,05,06,08,11,12,15,16,17,18,19,21,22,24,25
21-09-2003,01,04,05,07,09,10,11,12,17,18,20,21,23,24,25
28-09-2003,01,02,03,04,06,08,09,10,12,13,15,19,21,23,25
05-10-2003,02,07,09,13,14,15,16,17,18,19,20,21,23,24,25
12-10-2003,04,05,06,07,08,09,10,13,14,15,16,17,23,24,25
19-10-2003,02,03,05,08,09,13,14,15,16,17,18,20,21,23,25
26-10-2003,04,05,06,07,08,09,11,14,17,18,19,20,22,23,24
02-11-2003,02,03,04,05,06,07,11,12,14,15,16,18,20,22,23
09-11-2003,01,02,04,07,11,12,13,16,18,19,20,21,22,24,25
16-11-2003,06,07,08,09,12,13,14,15,16,17,18,19,21,23,25
23-11-2003,01,02,03,06,07,10,11,12,13,14,15,16,19,21,23
30-11-2003,03,04,05,06,07,09,10,16,18,19,21,22,23,24,25
07-12-2003,04,05,07,08,09,10,12,13,15,17,19,20,21,23,25
14-12-2003,01,02,03,07,08,09,10,14,15,18,19,22,23,24,25
21-12-2003,01,02,04,06,08,10,11,15,17,19,20,21,23,24,25
25-12-2003,01,02,03,05,08,09,10,11,17,18,19,20,21,23,25
28-12-2003,03,05,06,08,10,12,13,14,15,17,18,19,22,23,25
04-01-2004,01,03,04,08,09,10,11,12,15,16,17,22,23,24,25
11-01-2004,01,02,03,05,08,13,14,16,17,18,19,21,23,24,25
18-01-2004,01,02,04,10,11,12,13,14,16,18,19,21,22,23,25
25-01-2004,01,03,04,07,09,10,11,12,14,15,18,21,22,23,24
01-02-2004,01,02,04,06,07,08,09,10,11,14,18,20,22,24,25
08-02-2004,02,03,05,06,08,09,10,11,13,15,17,20,21,22,23
15-02-2004,01,03,04,06,07,08,10,11,15,16,17,18,19,23,25
22-02-2004,01,02,04,05,06,09,11,12,14,15,16,17,19,20,24
29-02-2004,03,04,06,07,09,10,11,12,13,14,16,17,22,24,25
07-03-2004,01,02,04,05,07,08,09,10,13,14,15,17,19,21,24
14-03-2004,02,05,06,07,10,11,13,15,16,18,19,20,21,23,24
21-03-2004,02,03,09,10,11,12,15,16,19,20,21,22,23,24,25
28-03-2004,01,03,05,06,07,08,09,10,11,13,14,16,18,20,24
04-04-2004,01,04,07,08,09,10,12,14,15,17,18,19,20,23,24
11-04-2004,02,04,06,07,11,12,13,14,17,18,19,20,21,23,24
18-04-2004,01,03,05,06,07,09,11,12,13,18,19,21,23,24,25
25-04-2004,03,04,06,08,09,11,12,14,15,18,19,20,22,23,25
02-05-2004,01,04,06,07,08,09,10,12,13,15,17,19,22,23,24
09-05-2004,02,03,05,07,08,12,13,15,16,17,21,22,23,24,25
16-05-2004,01,04,05,08,11,12,14,15,17,18,19,20,22,23,24
23-05-2004,01,05,06,09,10,11,12,15,17,18,19,20,21,22,24
30-05-2004,01,02,04,05,07,09,10,11,14,16,18,20,21,23,24
06-06-2004,01,05,07,09,10,11,12,15,16,18,19,20,21,23,25
13-06-2004,03,04,07,10,12,13,15,16,17,18,19,20,23,24,25
20-06-2004,02,04,07,10,11,14,15,16,19,20,21,22,23,24,25
27-06-2004,01,02,04,06,08,10,12,13,14,15,17,19,21,22,25
04-07-2004,02,07,08,10,12,13,14,16,17,18,19,21,22,23,25
11-07-2004,01,02,03,04,06,09,10,13,16,17,18,20,22,23,24
18-07-2004,02,04,05,06,09,11,12,14,15,16,19,20,21,22,25
25-07-2004,01,02,03,06,07,08,09,10,12,13,15,17,18,20,24
01-08-2004,01,02,03,06,09,10,11,12,13,16,17,18,20,22,23
08-08-2004,01,03,04,06,08,10,12,14,15,16,17,20,22,23,25
15-08-2004,01,03,04,05,06,07,09,10,11,12,16,18,19,21,23
22-08-2004,02,03,04,06,09,10,12,14,15,16,17,18,19,22,23
29-08-2004,01,02,05,08,10,11,14,15,16,17,18,19,21,22,25
05-09-2004,01,03,05,06,07,10,12,13,18,19,20,21,22,23,24
12-09-2004,02,04,05,06,08,10,11,12,14,16,20,21,22,24,25
19-09-2004,01,03,04,05,06,09,10,12,13,17,19,20,22,23,25
26-09-2004,03,05,06,07,09,13,14,16,18,20,21,22,23,24,25
03-10-2004,01,03,04,07,08,09,12,13,15,16,18,19,20,21,25
10-10-2004,01,02,05,07,08,12,14,15,17,18,20,21,23,24,25
17-10-2004,01,02,04,06,08,12,13,16,18,19,20,22,23,24,25
24-10-2004,01,03,05,07,09,11,14,15,16,18,19,21,22,24,25
31-10-2004,02,03,05,07,09,10,11,13,17,18,19,21,22,23,24
07-11-2004,01,04,05,06,07,08,09,11,12,15,17,19,23,24,25
14-11-2004,01,02,04,05,06,07,08,09,11,13,14,17,19,24,25
21-11-2004,07,08,09,10,11,12,15,17,18,20,21,22,23,24,25
28-11-2004,01,02,04,05,07,08,09,10,12,14,16,18,20,23,24
05-12-2004,01,03,07,08,09,12,14,15,16,18,19,20,21,22,25
12-12-2004,01,02,06,08,11,12,14,15,16,18,20,21,22,23,25
19-12-2004,01,02,03,04,05,08,09,10,12,13,17,20,21,22,24
26-12-2004,01,02,03,04,06,07,08,11,12,13,15,17,21,22,23
02-01-2005,03,08,09,11,12,13,14,15,17,18,19,22,23,24,25
09-01-2005,01,02,03,04,05,06,08,11,12,15,16,17,18,20,22
16-01-2005,02,03,04,05,06,07,09,10,11,14,18,19,20,22,23
23-01-2005,01,02,03,04,05,06,08,09,12,16,17,20,21,24,25
30-01-2005,01,05,07,09,11,12,14,16,17,20,21,22,23,24,25
06-02-2005,01,02,03,06,07,09,11,12,13,17,18,19,20,21,24
13-02-2005,01,02,03,05,07,08,10,12,16,17,18,22,23,24,25
20-02-2005,01,02,03,04,05,07,10,13,14,15,16,18,20,22,25
27-02-2005,01,03,04,06,07,08,11,12,16,17,18,19,21,22,24
06-03-2005,03,04,05,06,08,10,12,13,15,16,17,18,20,21,24
13-03-2005,01,02,04,05,06,10,11,12,13,15,17,20,21,22,25
20-03-2005,01,03,05,07,08,10,11,13,14,16,19,21,22,23,24
27-03-2005,01,02,04,05,06,08,09,10,14,15,19,20,23,24,25
03-04-2005,01,02,03,05,07,08,10,12,14,17,19,20,21,22,24
10-04-2005,01,03,06,07,08,09,11,12,13,16,17,18,19,21,23
17-04-2005,01,02,03,06,07,09,10,11,12,16,17,20,22,23,24
24-04-2005,01,02,04,08,09,12,13,16,17,18,20,21,23,24,25
01-05-2005,01,03,04,06,07,08,09,10,12,15,16,17,18,20,21
08-05-2005,01,02,03,07,11,12,13,15,16,17,18,20,21,23,24
15-05-2005,03,04,05,06,07,11,12,14,15,16,18,19,20,22,24
22-05-2005,02,03,05,06,09,13,14,16,17,19,20,21,22,23,25
29-05-2005,01,04,06,07,08,10,14,15,16,18,19,20,21,23,25
05-06-2005,01,02,03,05,07,08,11,13,14,16,17,18,21,24,25
12-06-2005,02,04,05,08,10,12,13,15,16,18,20,21,22,24,25
19-06-2005,01,03,05,06,07,08,09,10,12,13,14,20,21,23,25
26-06-2005,05,07,08,10,11,12,13,14,15,16,17,18,20,21,25
03-07-2005,02,08,09,10,11,12,13,14,15,16,18,20,23,24,25
10-07-2005,01,02,03,04,05,08,10,11,12,13,14,16,17,20,22
17-07-2005,01,02,04,06,08,10,14,16,17,18,19,20,21,24,25
24-07-2005,01,02,04,06,08,09,11,13,15,17,18,19,20,21,25
31-07-2005,01,02,06,07,08,10,11,13,14,15,18,20,21,23,25
07-08-2005,04,05,06,08,09,10,11,12,15,16,17,20,21,22,23
14-08-2005,02,03,05,06,08,09,11,12,15,17,18,19,20,21,24
21-08-2005,01,02,03,04,08,11,13,14,16,17,20,21,23,24,25
28-08-2005,01,02,03,04,05,08,09,11,12,13,16,17,19,22,24
04-09-2005,02,04,05,06,07,08,09,11,13,17,18,19,20,21,23
11-09-2005,02,03,05,06,07,09,14,16,17,18,19,20,21,22,25
18-09-2005,02,03,05,08,09,11,13,14,15,18,19,20,22,23,24
25-09-2005,01,02,06,08,09,10,11,13,14,17,18,20,21,24,25
02-10-2005,02,04,05,06,07,10,12,15,16,17,18,19,22,23,25
09-10-2005,01,02,03,04,06,08,09,10,11,12,15,16,17,18,22
16-10-2005,01,06,07,09,10,11,12,13,15,16,18,19,20,22,24
23-10-2005,02,04,05,06,07,08,09,10,11,12,13,14,20,22,25
30-10-2005,01,02,03,06,07,08,09,11,13,14,15,17,18,19,25
06-11-2005,01,02,03,05,07,08,09,13,14,19,20,21,22,23,24
13-11-2005,04,05,07,08,09,10,11,13,16,17,18,20,22,23,24
20-11-2005,02,03,04,05,07,09,10,11,12,13,14,15,18,23,25
27-11-2005,01,02,03,04,06,08,09,11,17,18,19,20,21,22,24
04-12-2005,01,02,03,05,06,08,10,11,14,15,16,17,18,22,25
11-12-2005,01,02,03,06,08,10,11,12,13,14,15,16,17,23,25
18-12-2005,01,02,03,04,07,09,10,11,12,13,16,18,19,24,25
25-12-2005,02,03,05,06,09,10,11,12,14,15,18,20,21,23,24
01-01-2006,02,03,04,05,07,08,09,10,13,14,15,20,21,23,25
08-01-2006,01,02,04,05,07,08,14,15,16,17,18,19,20,21,
15-01-2006,01,04,07,08,10,12,13,15,18,19,20,21,23,24,
22-01-2006,01,04,06,09,10,11,13,14,15,16,18,19,21,23,
29-01-2006,01,03,05,08,09,10,12,13,15,16,18,20,23,24,
05-02-2006,03,04,05,07,08,09,10,11,12,13,15,18,19,25,
12-02-2006,01,02,03,06,09,11,12,13,14,17,18,19,24,25,
19-02-2006,01,04,05,06,07,08,11,14,15,17,18,19,20,24,
26-02-2006,01,03,06,09,10,13,15,18,19,21,22,23,24,25,
05-03-2006,01,02,05,06,08,10,15,18,19,20,21,22,24,25,
12-03-2006,02,03,05,06,07,10,11,12,13,17,18,19,20,24,
19-03-2006,04,05,07,09,11,13,14,15,16,17,18,19,22,23,
26-03-2006,01,05,07,10,11,14,16,18,19,20,21,23,24,25,
02-04-2006,03,04,05,06,07,08,10,14,17,18,19,20,23,25,
09-04-2006,01,02,05,07,08,10,11,14,15,19,22,23,24,25,
16-04-2006,01,02,04,07,08,12,13,14,16,19,20,23,24,25,
23-04-2006,03,07,08,09,10,13,16,17,19,20,22,23,24,25,
30-04-2006,01,05,07,10,11,12,13,14,18,20,21,22,23,24,
07-05-2006,02,03,05,06,07,08,09,15,16,17,18,19,22,25,
10-05-2006,01,02,03,04,05,06,09,11,12,13,15,20,23,24,
14-05-2006,02,05,09,10,12,13,14,15,16,19,20,21,22,23,
17-05-2006,04,06,07,08,09,10,11,12,13,14,16,18,21,22,
21-05-2006,01,04,09,10,12,13,14,15,16,20,21,22,24,25,
24-05-2006,01,02,03,04,06,07,08,10,11,15,20,21,22,25,
28-05-2006,02,05,07,08,11,15,16,17,19,21,22,23,24,25,
31-05-2006,01,03,05,06,07,09,10,11,12,13,14,18,20,22,
04-06-2006,01,02,06,07,08,12,13,14,16,19,21,22,24,25,
07-06-2006,03,04,05,06,07,08,09,12,14,20,21,22,23,25,
11-06-2006,01,02,03,04,05,06,09,10,13,16,19,20,21,23,
14-06-2006,03,05,06,09,10,12,15,16,17,18,19,21,23,24,
18-06-2006,02,03,07,09,10,12,13,14,15,17,19,21,22,25,
21-06-2006,03,04,05,06,08,10,11,12,14,18,19,20,21,24,
25-06-2006,01,03,04,05,06,09,10,12,15,16,20,23,24,25,
28-06-2006,02,04,05,08,09,10,12,13,15,18,19,21,22,23,
02-07-2006,03,04,05,08,11,12,14,15,16,19,20,22,23,25,
05-07-2006,01,03,05,06,09,10,13,14,15,18,19,20,22,23,
09-07-2006,03,04,06,07,08,09,10,11,15,17,19,21,22,23,
12-07-2006,04,05,09,10,11,12,15,16,17,19,20,23,24,25,
16-07-2006,02,03,04,05,09,10,14,15,17,19,21,23,24,25,
19-07-2006,01,02,03,04,05,07,08,09,10,15,18,20,22,25,
23-07-2006,01,05,08,09,10,11,12,13,15,18,20,21,24,25,
26-07-2006,01,06,08,09,12,13,14,15,16,17,19,22,23,25,
30-07-2006,01,02,03,04,05,10,12,14,18,20,21,22,24,25,
02-08-2006,01,05,06,08,11,13,14,16,17,18,21,22,23,25,
06-08-2006,03,06,07,08,09,10,11,12,16,18,19,22,23,25,
09-08-2006,02,03,04,06,07,09,11,12,14,15,18,19,20,22,
13-08-2006,02,03,04,05,07,08,12,13,14,15,16,18,21,24,
16-08-2006,01,03,04,05,07,08,10,13,14,15,20,21,22,24,
20-08-2006,06,07,10,11,12,13,15,16,17,18,19,20,22,23,
23-08-2006,01,02,03,04,05,07,08,10,12,13,14,19,22,23,
27-08-2006,01,02,03,04,05,08,14,15,16,17,18,19,21,22,
30-08-2006,02,03,04,05,07,08,09,11,12,13,16,17,23,24,
03-09-2006,01,02,03,04,07,08,10,11,14,16,17,20,21,23,
06-09-2006,02,03,06,07,08,09,10,11,16,18,22,23,24,25,
10-09-2006,02,04,05,06,07,08,13,14,15,16,17,19,21,22,
13-09-2006,01,03,04,05,06,07,08,09,10,11,12,13,15,19,
17-09-2006,04,05,06,08,11,12,14,17,18,19,21,22,24,25,
20-09-2006,02,03,04,05,07,08,11,12,15,16,17,18,23,25,
24-09-2006,01,02,05,06,08,09,14,15,16,17,18,21,24,25,
27-09-2006,02,03,05,07,10,12,15,16,17,19,20,21,22,25,
01-10-2006,01,02,05,07,09,10,11,13,17,18,20,21,22,24,
04-10-2006,02,03,05,06,07,08,11,12,14,16,19,20,22,23,
08-10-2006,01,02,05,06,07,09,10,14,18,20,21,23,24,25,
11-10-2006,01,04,05,09,10,12,13,14,15,18,20,21,22,25,
15-10-2006,02,03,04,08,10,11,12,18,19,20,21,22,24,25,
18-10-2006,02,03,04,06,07,10,11,15,16,17,20,21,23,25,
22-10-2006,02,08,10,13,14,15,16,17,18,19,21,22,24,25,
25-10-2006,01,02,03,06,11,12,13,15,16,17,18,19,22,23,
29-10-2006,01,04,05,07,12,13,14,15,16,17,18,22,23,25,
01-11-2006,01,02,03,05,07,08,10,15,18,19,21,22,23,24,
05-11-2006,01,03,04,06,07,09,10,12,13,20,21,22,23,24,
08-11-2006,02,03,05,06,08,09,10,11,12,13,17,18,19,21,
12-11-2006,05,06,07,08,09,11,12,13,14,15,17,19,21,24,
15-11-2006,01,06,07,09,10,11,12,13,16,19,20,22,23,24,
19-11-2006,02,03,06,07,10,11,12,13,15,16,20,21,22,24,
22-11-2006,02,03,04,05,06,07,09,13,19,20,21,22,24,25,
26-11-2006,03,04,05,06,07,11,14,15,16,18,19,20,24,25,
29-11-2006,01,02,03,05,07,09,10,15,17,18,19,21,24,25,
03-12-2006,02,04,05,07,09,12,13,14,15,18,19,21,24,25,
06-12-2006,01,03,04,05,06,08,11,15,16,17,18,21,24,25,
10-12-2006,03,04,05,08,11,12,13,15,18,19,21,22,24,25,
13-12-2006,01,02,03,04,06,09,10,11,13,19,21,22,23,25,
17-12-2006,01,03,04,05,06,09,10,12,13,14,18,20,22,25,
20-12-2006,01,03,05,06,09,10,12,16,17,18,19,20,21,24,
24-12-2006,01,02,04,05,07,09,12,13,14,16,19,22,23,25,
27-12-2006,01,02,03,06,08,11,13,14,16,17,18,21,22,24,
31-12-2006,02,03,06,07,08,12,13,14,15,19,21,23,24,25,
03-01-2007,02,07,08,10,11,12,14,15,18,19,20,21,24,25,
07-01-2007,01,03,04,05,08,12,13,14,15,16,19,22,24,25,
10-01-2007,01,02,04,07,09,10,11,12,13,14,16,18,20,23,
14-01-2007,06,07,08,09,10,11,14,15,16,17,19,21,22,23,
17-01-2007,01,02,05,06,07,09,10,13,15,17,18,20,23,25,
21-01-2007,01,03,05,06,09,11,12,13,14,16,18,21,23,24,
24-01-2007,01,02,04,06,07,10,11,12,13,15,17,20,21,23,
28-01-2007,02,08,09,10,11,12,13,15,18,20,21,22,23,24,
31-01-2007,01,03,06,07,08,11,12,13,15,17,18,19,21,23,
04-02-2007,01,02,05,06,08,10,12,13,16,19,20,22,24,25,
07-02-2007,02,03,04,07,08,11,13,15,17,18,19,20,24,25,
11-02-2007,01,06,07,08,10,11,12,13,14,17,19,21,24,25,
14-02-2007,03,04,05,08,09,12,14,15,17,19,20,22,23,24,
18-02-2007,02,03,05,06,07,08,10,12,13,14,16,22,23,24,
21-02-2007,03,04,06,10,14,15,16,17,18,19,20,22,24,25,
25-02-2007,01,02,04,05,07,08,11,14,16,17,21,23,24,25,
28-02-2007,03,04,05,09,10,11,12,13,15,16,18,19,24,25,
04-03-2007,01,04,05,07,09,11,12,13,14,15,17,18,20,21,
07-03-2007,01,02,03,04,06,08,10,12,16,17,18,19,22,24,
11-03-2007,01,02,03,05,06,07,12,13,14,15,19,20,23,24,
14-03-2007,02,05,06,07,08,10,11,13,15,16,18,23,24,25,
18-03-2007,01,02,07,08,09,10,14,15,17,18,20,22,23,25,
21-03-2007,01,02,03,04,05,06,07,10,12,13,16,18,20,21,
25-03-2007,01,03,04,06,07,09,10,12,13,15,17,18,21,24,
28-03-2007,01,02,03,04,05,10,12,14,15,16,18,21,22,24,
01-04-2007,01,03,04,05,06,07,10,13,14,16,17,20,22,23,
04-04-2007,01,04,05,06,09,10,13,19,20,21,22,23,24,25,
08-04-2007,01,02,06,07,08,11,12,13,15,17,18,19,20,24,
11-04-2007,05,07,08,09,12,14,15,16,18,19,21,22,24,25,
15-04-2007,01,03,04,05,07,08,10,12,15,17,18,21,23,25,
18-04-2007,01,02,03,08,10,13,14,15,16,17,19,20,21,25,
22-04-2007,01,03,08,09,10,12,13,14,15,16,17,19,24,25,
25-04-2007,01,02,03,04,10,11,13,14,15,16,17,18,19,23,
29-04-2007,01,02,03,04,06,07,10,13,15,18,20,21,23,25,
02-05-2007,01,03,04,05,07,08,10,14,16,17,18,19,23,25,
06-05-2007,02,05,06,08,11,12,14,15,17,18,19,20,23,25,
09-05-2007,02,03,05,08,12,13,14,15,16,19,20,21,23,25,
13-05-2007,01,03,06,07,08,10,14,16,17,21,22,23,24,25,
16-05-2007,01,02,03,04,05,07,08,09,11,12,17,18,19,25,
20-05-2007,02,03,04,05,09,10,11,15,17,18,19,20,21,25,
23-05-2007,01,04,07,08,09,11,12,15,16,17,21,22,23,25,
27-05-2007,01,03,04,05,06,07,09,12,15,16,21,22,24,25,
30-05-2007,01,04,05,06,09,11,13,16,17,18,19,20,21,25,
03-06-2007,04,06,07,08,10,11,12,13,14,15,20,21,23,24,
06-06-2007,01,02,04,05,08,09,12,13,14,18,20,21,22,23,
10-06-2007,02,05,07,08,10,12,13,15,16,17,18,20,23,24,
13-06-2007,05,06,07,09,10,12,13,14,16,19,20,21,22,25,
17-06-2007,01,04,05,08,11,13,14,15,16,18,21,22,23,24,
20-06-2007,01,02,03,04,10,11,13,16,17,19,20,21,22,25,
24-06-2007,01,02,04,05,08,09,10,11,12,16,17,19,20,22,
27-06-2007,01,04,06,07,10,12,14,17,19,20,21,22,24,25,
01-07-2007,01,02,03,05,10,12,13,14,16,17,19,20,23,25,
04-07-2007,05,07,09,10,12,14,16,18,19,20,22,23,24,25,
08-07-2007,02,03,04,06,07,12,13,14,15,19,20,21,22,25,
11-07-2007,01,02,03,04,06,09,10,13,15,19,20,21,22,23,
15-07-2007,02,05,06,07,08,10,11,12,15,17,19,22,23,25,
18-07-2007,01,02,03,05,06,07,09,13,15,17,18,19,22,23,
22-07-2007,01,03,09,10,12,13,14,15,16,17,19,21,22,23,
25-07-2007,01,03,05,07,11,12,13,14,18,19,22,23,24,25,
29-07-2007,01,02,03,04,05,07,08,12,14,18,19,20,21,23,
01-08-2007,03,04,05,09,10,11,12,14,15,17,18,20,22,24,
05-08-2007,02,03,04,07,08,09,12,14,15,16,19,20,21,23,
08-08-2007,01,04,05,06,08,10,12,13,15,16,18,19,23,24,
12-08-2007,01,04,05,08,09,11,13,14,15,16,18,23,24,25,
15-08-2007,01,02,03,05,06,10,12,13,14,15,16,17,19,25,
19-08-2007,01,02,04,05,07,09,10,12,14,18,19,20,21,23,
22-08-2007,02,05,07,11,12,14,16,17,18,20,22,23,24,25,
26-08-2007,02,05,06,07,08,09,10,11,12,13,18,21,22,24,
29-08-2007,02,03,04,06,08,10,11,12,13,18,21,23,24,25,
02-09-2007,01,02,07,08,10,12,13,15,18,20,21,22,24,25,
05-09-2007,01,02,05,06,08,09,10,15,16,19,20,21,24,25,
09-09-2007,01,02,03,05,06,08,09,12,13,15,17,22,23,25,
12-09-2007,02,04,06,07,08,10,11,12,13,14,16,21,23,24,
16-09-2007,02,03,09,10,12,16,17,18,20,21,22,23,24,25,
19-09-2007,01,03,04,10,11,12,13,14,15,16,17,18,20,22,
23-09-2007,01,03,04,05,08,13,15,17,18,19,21,22,23,24,
26-09-2007,01,02,03,05,07,10,13,14,15,17,18,21,23,25,
30-09-2007,02,03,05,06,07,08,10,13,15,16,19,22,24,25,
03-10-2007,01,02,04,05,10,11,12,13,15,16,17,21,22,25,
07-10-2007,02,04,08,09,11,14,15,17,18,19,20,22,24,25,
10-10-2007,05,07,09,11,12,13,16,17,20,21,22,23,24,25,
14-10-2007,01,02,04,07,09,10,12,15,16,18,19,23,24,25,
17-10-2007,01,07,08,10,12,14,16,18,19,20,21,22,23,24,
21-10-2007,01,02,04,08,09,12,14,15,16,17,18,23,24,25,
24-10-2007,02,03,04,05,06,09,10,11,15,18,20,21,22,25,
28-10-2007,01,02,03,05,07,09,10,12,13,15,17,18,19,23,
31-10-2007,01,02,03,05,07,08,10,12,15,16,17,19,23,25,
04-11-2007,02,03,07,08,09,10,11,12,15,18,19,22,24,25,
07-11-2007,04,05,06,10,11,13,14,16,17,18,19,20,21,25,
11-11-2007,01,02,03,07,08,09,13,14,15,18,21,22,24,25,
14-11-2007,01,03,04,07,08,09,14,17,19,21,22,23,24,25,
18-11-2007,01,03,04,07,08,11,12,13,16,17,18,21,22,25,
21-11-2007,01,02,04,06,10,11,14,15,17,18,19,20,24,25,
25-11-2007,02,03,04,05,06,08,10,11,15,16,17,20,23,25,
28-11-2007,02,05,07,09,10,12,13,14,15,16,18,19,24,25,
02-12-2007,03,04,06,11,13,14,15,16,17,18,20,21,22,23,
05-12-2007,01,02,05,08,10,13,14,15,16,18,21,22,23,24,
09-12-2007,01,04,05,06,08,10,12,15,16,17,20,22,23,25,
12-12-2007,01,02,04,06,08,09,10,11,13,14,15,20,23,24,
16-12-2007,01,04,05,06,09,10,13,14,19,20,21,22,23,24,
19-12-2007,03,04,05,07,08,09,10,12,14,15,16,17,22,25,
23-12-2007,01,05,07,08,09,13,16,18,19,20,22,23,24,25,
26-12-2007,03,04,06,07,10,11,12,18,19,20,21,22,23,24,
30-12-2007,01,02,05,06,07,09,10,14,16,17,22,23,24,25,
02-01-2008,01,02,04,06,09,11,12,15,16,17,18,19,20,25,
06-01-2008,02,03,04,05,09,10,12,13,14,18,20,22,24,25,
09-01-2008,03,04,05,07,08,12,13,14,16,20,21,23,24,25,
13-01-2008,01,02,03,04,06,07,09,11,12,14,15,21,22,24,
16-01-2008,01,05,06,12,13,14,15,16,18,19,21,23,24,25,
20-01-2008,01,06,07,08,10,12,13,14,15,18,21,22,24,25,
23-01-2008,02,04,06,07,08,09,11,15,16,18,19,20,21,25,
27-01-2008,01,02,03,04,05,06,09,10,12,13,17,20,22,23,
30-01-2008,02,06,08,09,10,11,12,13,15,17,18,22,23,25,
03-02-2008,01,03,04,09,10,11,12,14,17,18,19,20,21,25,
06-02-2008,03,04,06,09,10,11,12,13,14,20,21,23,24,25,
10-02-2008,02,03,05,08,10,12,13,14,15,17,18,20,22,24,
13-02-2008,05,06,10,11,12,14,16,18,19,20,21,22,23,25,
17-02-2008,04,06,07,09,10,11,13,15,16,17,22,23,24,25,
20-02-2008,03,04,05,06,07,09,12,13,14,17,18,19,22,25,
24-02-2008,01,04,07,10,12,14,15,17,20,21,22,23,24,25,
27-02-2008,01,02,03,04,05,08,10,13,14,15,16,18,20,23,
02-03-2008,01,03,04,09,11,15,16,17,18,20,21,23,24,25,
05-03-2008,02,03,06,08,09,10,12,14,15,16,18,19,22,23,
09-03-2008,03,04,06,07,08,09,10,11,16,18,19,20,21,25,
12-03-2008,01,02,04,06,07,09,12,14,18,19,21,23,24,25,
16-03-2008,02,04,06,08,10,11,12,14,15,16,19,20,22,25,
19-03-2008,01,04,05,06,10,11,12,13,14,17,18,22,24,25,
23-03-2008,04,06,07,09,10,11,13,14,15,17,18,19,23,24,
26-03-2008,01,03,06,07,09,12,13,14,18,19,20,21,22,24,
30-03-2008,02,03,04,05,06,08,11,12,13,17,19,21,22,23,
02-04-2008,02,05,06,07,08,09,10,11,12,14,16,19,20,22,
06-04-2008,02,06,08,09,11,12,13,14,16,18,19,20,22,25,
09-04-2008,01,04,10,11,12,14,15,16,19,20,21,22,23,25,
13-04-2008,02,03,04,06,07,10,15,16,17,18,21,22,24,25,
16-04-2008,01,02,05,07,08,09,10,16,19,20,21,22,23,25,
20-04-2008,01,02,04,05,08,10,12,14,15,18,19,21,24,25,
23-04-2008,02,03,05,06,08,09,11,13,15,16,17,18,19,21,
27-04-2008,01,03,06,07,08,09,14,15,16,17,19,20,23,24,
30-04-2008,04,05,06,08,11,12,14,15,16,17,18,20,21,24,
04-05-2008,01,02,03,05,07,10,11,12,14,17,20,22,23,25,
07-05-2008,04,05,08,10,12,13,14,16,17,18,19,20,23,24,
11-05-2008,02,03,04,05,07,09,10,13,14,16,17,22,23,25,
14-05-2008,02,03,04,08,11,12,14,16,17,19,20,23,24,25,
18-05-2008,01,03,05,06,07,08,09,11,13,18,19,22,23,24,
21-05-2008,01,02,04,06,08,11,12,13,14,15,17,18,20,25,
25-05-2008,01,03,04,07,08,09,15,16,17,19,20,21,23,25,
28-05-2008,05,06,09,12,13,16,17,18,19,20,22,23,24,25,
01-06-2008,01,05,06,07,09,10,12,13,14,15,16,18,20,25,
04-06-2008,01,02,06,07,08,09,11,12,14,15,17,23,24,25,
08-06-2008,01,02,03,04,05,08,09,10,16,17,19,20,22,24,
11-06-2008,01,03,05,07,08,09,12,13,19,21,22,23,24,25,
15-06-2008,02,04,05,07,09,10,11,13,15,16,18,19,22,24,
18-06-2008,01,03,04,05,07,08,11,16,18,20,22,23,24,25,
22-06-2008,02,05,08,10,11,13,14,15,16,17,20,22,24,25,
25-06-2008,03,06,08,09,10,13,14,15,16,17,18,21,23,25,
29-06-2008,03,05,06,07,09,11,12,18,19,21,22,23,24,25,
02-07-2008,02,04,05,06,07,08,10,11,14,17,18,23,24,25,
06-07-2008,01,04,05,07,08,09,10,11,14,17,20,21,22,23,
09-07-2008,01,02,03,05,06,07,10,12,13,14,17,18,19,22,
13-07-2008,01,02,03,06,10,12,14,16,18,20,21,22,23,24,
16-07-2008,03,05,07,09,10,11,13,18,19,20,21,22,23,24,
20-07-2008,02,03,06,09,10,13,14,15,16,17,18,19,21,23,
23-07-2008,01,03,04,06,08,10,12,13,14,19,20,21,23,25,
27-07-2008,02,07,08,10,11,12,13,14,16,18,19,20,23,25,
30-07-2008,01,02,04,06,07,09,10,12,14,21,22,23,24,25,
03-08-2008,01,03,04,05,08,11,12,15,16,17,18,20,21,22,
06-08-2008,02,03,04,05,10,11,12,14,16,17,18,19,20,23,
10-08-2008,01,02,03,06,08,09,10,11,16,17,18,19,20,23,
13-08-2008,01,02,03,05,07,10,12,15,16,17,20,21,23,25,
17-08-2008,01,04,06,07,08,10,12,15,17,18,19,20,23,25,
20-08-2008,01,03,04,08,09,11,12,13,14,16,17,21,22,25,
24-08-2008,01,04,06,07,08,09,10,12,13,14,19,22,23,24,
27-08-2008,01,02,03,04,05,06,12,13,14,16,20,21,22,25,
31-08-2008,01,02,03,04,07,08,10,11,13,17,18,19,20,22,
03-09-2008,02,04,08,10,12,13,14,16,18,19,21,22,23,25,
07-09-2008,03,07,09,10,11,12,14,15,16,17,18,20,21,23,
10-09-2008,01,02,03,04,05,07,08,09,13,14,16,20,23,25,
14-09-2008,01,03,04,05,06,08,11,13,17,18,19,20,21,25,
17-09-2008,04,05,08,09,10,11,12,14,15,17,18,22,23,24,
21-09-2008,01,04,07,10,11,12,13,16,17,18,19,20,21,22,
24-09-2008,03,04,08,10,11,12,13,18,19,20,21,22,23,25,
28-09-2008,01,03,08,10,12,14,15,16,17,18,19,22,23,24,
01-10-2008,01,04,11,14,15,16,17,18,19,20,21,22,23,25,
05-10-2008,02,04,05,10,12,13,14,15,16,18,19,21,22,24,
08-10-2008,02,03,07,11,12,13,14,16,17,18,19,21,23,25,
12-10-2008,04,05,07,10,12,14,16,17,19,21,22,23,24,25,
15-10-2008,05,06,07,08,09,11,14,15,17,20,21,22,24,25,
19-10-2008,01,02,04,08,10,11,13,14,16,17,21,22,23,25,
22-10-2008,02,04,06,08,10,11,13,15,17,18,19,20,24,25,
26-10-2008,01,03,07,09,11,12,14,15,16,17,18,20,22,25,
29-10-2008,02,07,08,09,10,11,13,14,15,16,18,20,24,25,
02-11-2008,01,02,04,06,09,11,12,14,15,16,21,22,24,25,
05-11-2008,01,03,04,05,06,11,12,14,16,17,18,20,21,25,
09-11-2008,01,03,04,09,10,11,13,14,17,19,21,22,24,25,
12-11-2008,01,02,03,05,07,09,10,11,12,13,14,17,22,25,
16-11-2008,01,03,06,07,11,12,13,14,15,16,18,19,20,22,
19-11-2008,01,02,03,06,07,09,11,14,15,16,17,21,23,25,
23-11-2008,01,03,04,06,07,08,11,14,17,18,19,21,24,25,
26-11-2008,01,03,05,07,10,14,16,17,18,20,22,23,24,25,
30-11-2008,03,04,07,08,09,10,11,12,15,16,17,19,20,25,
03-12-2008,02,05,08,09,12,13,14,15,16,18,20,22,23,25,
07-12-2008,08,09,10,11,12,13,17,19,20,21,22,23,24,25,
10-12-2008,01,04,07,08,09,11,12,13,14,15,17,19,22,25,
14-12-2008,01,02,05,06,07,08,09,10,13,14,17,18,19,20,
17-12-2008,01,04,05,08,09,10,15,16,17,19,20,21,22,24,
21-12-2008,01,06,07,08,11,13,14,15,16,20,21,22,24,25,
24-12-2008,02,03,04,05,09,11,12,13,14,15,17,18,19,20,
28-12-2008,02,03,04,05,07,08,09,11,13,14,17,19,20,25,
31-12-2008,01,02,03,04,05,06,08,09,16,18,21,22,24,25,
04-01-2009,01,04,06,10,12,15,16,17,18,19,20,21,22,23,
07-01-2009,03,06,08,10,11,12,13,17,18,19,20,21,22,23,
11-01-2009,03,05,07,08,09,10,11,13,14,15,16,18,19,25,
14-01-2009,01,02,03,04,05,09,11,14,15,16,17,19,23,25,
18-01-2009,02,03,04,09,11,13,14,16,17,18,19,21,23,25,
21-01-2009,01,02,04,07,09,11,12,13,15,16,20,21,22,23,
25-01-2009,01,06,07,08,10,12,13,14,15,18,19,20,21,24,
28-01-2009,01,04,05,06,09,11,12,14,15,16,17,18,21,25,
01-02-2009,01,04,05,06,07,12,14,15,16,17,18,19,20,22,
04-02-2009,01,03,04,05,06,08,09,12,13,14,18,20,21,24,
08-02-2009,02,03,04,05,06,11,13,15,17,18,20,22,24,25,
11-02-2009,01,05,06,08,09,12,13,14,16,17,19,21,24,25,
15-02-2009,01,02,04,06,07,08,09,10,11,16,19,20,21,24,
18-02-2009,02,04,06,08,10,11,12,14,15,17,18,20,23,24,
22-02-2009,01,02,03,04,05,06,09,10,12,16,19,20,21,24,
25-02-2009,01,03,07,08,10,16,17,18,19,20,21,23,24,25,
01-03-2009,02,03,05,07,10,11,15,17,18,19,21,22,24,25,
04-03-2009,02,04,07,08,11,12,13,15,16,19,20,22,24,25,
08-03-2009,01,02,03,04,06,07,08,09,10,13,14,16,17,23,
11-03-2009,02,06,11,12,13,15,16,17,18,19,20,21,24,25,
15-03-2009,01,02,05,06,09,11,12,14,16,17,18,20,22,23,
18-03-2009,01,02,03,05,09,10,12,13,15,16,17,19,21,23,
22-03-2009,02,04,06,07,09,10,11,12,15,17,18,19,21,25,
25-03-2009,01,03,06,08,09,10,12,13,15,18,19,20,22,25,
29-03-2009,01,05,07,08,13,14,16,18,19,20,22,23,24,25,
01-04-2009,01,02,07,10,12,14,15,16,17,18,19,20,22,25,
05-04-2009,02,03,04,05,07,08,09,10,11,17,18,19,22,24,
08-04-2009,04,05,06,07,08,09,10,11,13,15,18,19,22,25,
12-04-2009,01,02,03,04,05,06,07,08,10,11,18,22,23,24,
15-04-2009,01,02,05,07,08,10,11,14,15,17,18,19,22,25,
19-04-2009,01,02,05,06,08,10,11,12,13,14,20,23,24,25,
22-04-2009,02,03,04,05,07,09,10,11,13,16,17,19,24,25,
26-04-2009,03,04,06,08,09,12,15,16,18,19,20,21,22,23,
29-04-2009,02,03,07,08,09,11,12,15,18,19,20,21,22,25,
03-05-2009,02,03,06,07,08,09,11,17,18,19,20,23,24,25,
06-05-2009,01,03,09,12,13,14,17,18,19,20,22,23,24,25,
10-05-2009,01,03,04,05,06,07,08,09,11,12,14,17,18,25,
13-05-2009,01,06,07,08,10,11,12,15,16,20,21,23,24,25,
17-05-2009,01,05,07,10,12,15,17,18,19,20,21,22,23,24,
20-05-2009,01,04,05,06,07,09,11,13,14,15,16,17,24,25,
24-05-2009,04,05,06,07,08,09,10,13,14,16,19,22,23,24,
27-05-2009,01,07,08,09,11,12,13,15,16,17,19,20,21,25,
31-05-2009,01,04,07,08,09,10,13,14,18,19,20,21,23,24,
03-06-2009,02,03,06,09,10,11,12,15,16,18,20,23,24,25,
07-06-2009,01,04,08,09,10,11,14,15,17,20,22,23,24,25,
10-06-2009,01,02,03,12,14,16,17,18,19,20,21,23,24,25,
14-06-2009,01,03,05,07,08,12,13,14,15,19,20,23,24,25,
17-06-2009,01,02,04,06,07,09,11,12,13,14,15,16,20,25,
21-06-2009,01,05,06,09,10,12,13,14,15,16,20,21,23,25,
24-06-2009,01,02,03,04,05,08,09,11,13,14,17,18,20,24,
28-06-2009,03,05,06,07,08,11,12,13,14,17,19,22,23,25,
01-07-2009,01,02,03,08,10,13,14,17,18,19,20,21,22,24,
05-07-2009,01,05,06,09,10,11,12,16,17,18,19,22,24,25,
08-07-2009,07,08,09,10,11,12,13,16,18,19,21,23,24,25,
12-07-2009,01,02,05,06,08,11,12,13,15,18,19,22,24,25,
15-07-2009,03,05,09,10,11,12,13,15,16,18,19,21,22,25,
19-07-2009,01,02,03,04,05,06,08,09,10,11,12,13,20,25,
22-07-2009,01,02,03,05,07,10,13,15,16,18,20,23,24,25,
26-07-2009,02,04,05,06,07,09,11,14,15,16,17,20,21,22,
29-07-2009,01,02,05,08,09,12,17,18,19,20,21,22,24,25,
02-08-2009,01,04,05,06,07,08,10,11,12,14,16,19,23,25,
05-08-2009,01,02,04,05,07,08,11,12,18,19,20,21,24,25,
09-08-2009,01,03,04,06,07,08,09,11,15,16,18,19,20,23,
12-08-2009,01,02,06,07,08,10,12,13,15,17,19,20,23,24,
16-08-2009,01,03,07,08,09,10,11,13,16,18,20,23,24,25,
19-08-2009,01,03,07,09,12,14,16,17,18,19,20,23,24,25,
23-08-2009,01,02,03,05,10,12,13,16,17,18,20,22,23,25,
26-08-2009,01,02,06,09,11,13,14,15,19,20,21,22,23,24,
30-08-2009,04,05,06,07,10,11,14,15,16,19,20,22,23,25,
02-09-2009,04,05,07,08,09,12,13,14,15,16,17,19,20,25,
06-09-2009,01,03,05,06,07,08,10,11,13,14,15,18,22,24,
09-09-2009,01,04,06,07,08,10,11,15,16,17,18,20,22,24,
13-09-2009,02,03,06,08,09,11,12,13,14,15,18,19,23,25,
16-09-2009,01,02,03,05,06,07,10,12,14,15,17,22,23,25,
20-09-2009,02,06,07,10,12,14,15,16,17,18,20,21,24,25,
23-09-2009,01,03,04,05,07,09,10,11,12,16,17,20,21,24,
27-09-2009,01,02,03,05,06,10,11,12,13,17,20,21,24,25,
30-09-2009,01,02,03,04,07,08,10,11,12,13,14,17,18,24,
04-10-2009,02,03,05,07,08,09,10,12,14,15,17,18,20,21,
07-10-2009,02,04,05,07,09,11,13,14,18,19,20,21,22,24,
11-10-2009,01,04,05,08,09,10,14,17,18,19,21,22,23,24,
14-10-2009,01,02,05,09,10,13,15,17,19,20,22,23,24,25,
18-10-2009,02,04,05,07,10,11,12,14,15,17,19,21,22,23,
21-10-2009,01,02,04,07,08,10,11,14,17,19,21,22,24,25,
25-10-2009,01,03,05,06,09,12,18,19,20,21,22,23,24,25,
28-10-2009,04,06,07,08,09,10,12,13,14,17,19,20,23,25,
01-11-2009,01,05,06,08,10,11,12,14,15,17,20,23,24,25,
04-11-2009,02,03,06,07,08,10,16,17,18,21,22,23,24,25,
08-11-2009,01,02,03,04,05,06,09,12,13,16,17,21,22,24,
11-11-2009,05,08,11,13,14,15,16,18,19,21,22,23,24,25,
15-11-2009,03,04,06,07,09,10,11,12,13,15,16,20,22,24,
18-11-2009,02,03,06,09,10,12,15,17,18,19,21,22,23,25,
22-11-2009,01,03,05,07,08,10,11,12,14,15,16,17,23,25,
25-11-2009,01,02,03,06,07,08,09,10,16,17,18,20,22,25,
29-11-2009,01,02,03,06,07,10,11,13,14,15,16,19,23,25,
02-12-2009,01,06,07,10,12,13,15,17,19,20,21,22,24,25,
06-12-2009,03,04,06,07,08,10,11,13,15,18,20,21,22,24,
09-12-2009,01,04,06,08,10,12,13,14,15,16,21,23,24,25,
13-12-2009,01,02,04,05,06,09,10,11,12,13,14,17,22,25,
16-12-2009,02,03,04,05,08,09,13,15,16,17,18,19,21,22,
20-12-2009,04,05,07,08,12,13,14,15,16,17,21,22,24,25,
27-12-2009,03,04,05,07,10,13,14,15,16,17,18,19,20,24,
30-12-2009,02,03,04,05,06,07,08,13,15,19,20,22,23,25,
03-01-2010,02,05,08,11,12,13,14,15,16,17,20,21,23,24,
06-01-2010,02,03,05,06,07,09,10,12,14,20,21,23,24,25,
10-01-2010,03,04,05,06,09,10,14,15,18,19,20,22,23,25,
13-01-2010,01,03,05,06,07,08,10,13,14,15,16,18,20,25,
17-01-2010,03,04,05,06,10,11,12,13,15,16,17,20,23,24,
20-01-2010,03,06,07,09,10,11,13,14,16,18,20,23,24,25,
24-01-2010,04,07,09,10,11,12,13,14,15,17,19,20,22,25,
27-01-2010,03,05,07,08,09,13,14,16,17,19,20,23,24,25,
31-01-2010,02,04,06,07,09,10,12,15,16,18,20,21,23,25,
03-02-2010,01,02,05,06,08,10,11,12,13,15,16,18,19,20,
07-02-2010,02,03,04,06,08,09,10,11,13,15,16,20,21,25,
10-02-2010,01,03,05,06,10,11,14,15,18,20,22,23,24,25,
14-02-2010,01,02,03,04,05,06,07,08,09,10,13,14,16,19,
17-02-2010,03,06,07,08,09,12,13,14,15,18,21,23,24,25,
21-02-2010,01,04,06,08,09,10,11,14,15,16,17,23,24,25,
24-02-2010,01,04,05,07,08,09,12,13,14,16,20,21,22,25,
28-02-2010,02,03,04,06,07,08,10,12,18,19,20,21,24,25,
03-03-2010,02,03,04,05,06,07,09,10,11,12,14,20,21,24,
07-03-2010,02,04,05,06,08,10,11,12,14,15,17,18,23,24,
10-03-2010,01,03,04,05,06,07,08,10,13,14,15,21,24,25,
14-03-2010,02,04,05,07,09,14,15,18,19,20,21,22,23,24,
17-03-2010,02,06,09,10,12,13,15,16,18,20,21,22,24,25,
21-03-2010,01,02,04,05,06,09,10,12,15,16,17,20,23,24,
24-03-2010,01,02,03,05,08,09,10,11,13,19,20,21,24,25,
28-03-2010,06,09,10,12,13,14,15,16,17,19,20,21,24,25,
31-03-2010,02,04,05,06,08,10,11,13,15,16,17,20,21,25,
04-04-2010,02,03,04,07,08,14,15,17,18,19,21,22,24,25,
07-04-2010,01,04,05,06,10,12,13,14,15,17,20,22,24,25,
11-04-2010,04,05,08,09,10,11,12,14,15,19,20,22,23,25,
14-04-2010,02,04,06,08,11,12,15,16,17,18,19,21,22,23,
18-04-2010,01,02,03,04,07,09,10,11,12,14,15,21,22,25,
21-04-2010,01,02,04,05,07,10,11,12,14,15,16,17,18,25,
25-04-2010,01,02,03,05,11,12,13,14,15,16,17,21,22,24,
28-04-2010,01,03,04,05,06,11,14,18,19,20,22,23,24,25,
02-05-2010,01,03,04,05,07,10,11,12,14,18,19,20,22,25,
05-05-2010,02,03,04,05,06,07,08,09,10,11,13,17,19,20,
09-05-2010,03,06,07,08,10,11,12,14,15,17,19,20,22,25,
12-05-2010,02,04,06,09,13,15,16,17,18,19,20,21,22,23,
16-05-2010,01,02,05,06,07,08,10,11,12,13,16,17,21,23,
19-05-2010,02,05,07,10,11,12,13,15,16,18,19,22,23,24,
23-05-2010,02,05,06,08,09,10,13,14,15,17,19,20,22,25,
26-05-2010,02,03,05,07,08,09,14,16,19,20,21,22,23,25,
30-05-2010,01,02,07,08,09,10,11,12,13,16,18,20,23,25,
02-06-2010,01,02,03,04,05,07,08,10,11,14,17,18,22,23,
06-06-2010,03,05,06,07,08,10,14,15,17,18,19,22,24,25,
09-06-2010,02,03,04,05,06,09,10,11,12,14,16,19,20,22,
13-06-2010,02,03,04,05,10,11,12,13,14,15,16,17,24,25,
16-06-2010,01,02,05,06,07,10,11,13,16,17,21,22,24,25,
20-06-2010,03,04,05,09,10,11,12,13,19,21,22,23,24,25,
23-06-2010,01,04,06,07,11,12,14,17,18,19,21,22,23,25,
27-06-2010,01,03,04,06,08,11,12,13,18,19,20,21,22,23,
30-06-2010,01,04,06,08,09,10,12,14,17,18,19,20,21,24,
04-07-2010,01,02,04,05,06,07,08,09,13,17,20,21,23,24,
07-07-2010,01,02,03,04,06,07,08,10,14,15,16,20,21,25,
11-07-2010,01,02,03,04,05,09,11,15,17,21,22,23,24,25,
14-07-2010,01,04,05,07,08,09,11,12,14,16,17,19,20,23,
18-07-2010,01,02,04,06,12,13,14,16,17,19,20,21,23,25,
21-07-2010,05,07,08,09,10,12,15,16,17,19,20,22,23,25,
25-07-2010,02,03,05,06,07,10,13,14,16,18,19,21,23,25,
28-07-2010,01,02,04,05,07,11,12,13,15,17,18,19,23,25,
01-08-2010,02,04,05,06,08,10,11,13,16,18,20,21,23,24,
04-08-2010,01,04,06,07,10,11,14,15,16,17,20,21,23,25,
08-08-2010,01,02,04,05,06,08,10,11,14,17,19,21,22,24,
11-08-2010,02,04,05,08,10,11,14,16,17,19,21,22,23,24,
15-08-2010,01,03,05,06,07,09,11,12,15,19,21,22,24,25,
18-08-2010,01,06,08,09,10,11,12,13,15,19,20,21,24,25,
22-08-2010,01,04,05,06,08,10,12,14,15,17,19,21,22,24,
25-08-2010,02,03,05,06,10,11,13,14,16,17,18,21,23,24,
29-08-2010,01,03,05,06,07,08,09,11,14,15,16,18,19,22,
01-09-2010,03,05,07,08,09,10,12,14,15,17,18,19,21,23,
05-09-2010,02,03,05,06,07,09,15,16,19,20,22,23,24,25,
08-09-2010,01,06,07,09,10,11,12,13,16,18,19,20,23,25,
12-09-2010,01,02,06,07,09,14,15,16,18,21,22,23,24,25,
15-09-2010,01,02,04,05,08,09,10,12,14,18,19,20,23,24,
19-09-2010,01,04,06,07,08,09,11,13,17,18,21,23,24,25,
22-09-2010,01,02,04,05,06,09,10,14,15,20,22,23,24,25,
26-09-2010,01,04,05,08,09,10,12,14,16,17,18,19,20,23,
29-09-2010,02,03,05,07,08,09,11,12,14,15,19,21,23,25,
03-10-2010,01,02,04,05,07,09,13,14,17,18,20,22,23,25,
06-10-2010,02,04,05,07,08,09,12,15,17,18,20,23,24,25,
10-10-2010,01,03,04,07,09,11,13,16,17,18,20,22,23,24,
13-10-2010,01,02,03,04,07,09,12,13,14,15,16,19,20,24,
17-10-2010,02,05,06,09,10,11,12,15,16,17,18,22,23,25,
20-10-2010,01,02,03,07,08,11,12,15,17,19,20,22,24,25,
24-10-2010,03,07,08,09,10,11,12,13,16,18,21,22,23,25,
27-10-2010,02,03,04,07,08,09,10,11,13,16,19,20,21,22,
31-10-2010,01,02,04,08,09,11,12,15,17,18,19,22,23,24,
03-11-2010,04,05,08,09,11,12,13,15,17,20,21,22,24,25,
07-11-2010,03,04,07,08,09,10,11,12,13,14,15,17,19,20,
10-11-2010,01,02,03,04,09,12,13,14,15,16,20,21,23,24,
14-11-2010,06,07,09,10,11,12,14,15,16,17,18,20,24,25,
17-11-2010,03,04,06,08,12,13,14,15,17,19,21,23,24,25,
21-11-2010,02,03,06,08,09,10,13,17,18,19,20,21,22,24,
24-11-2010,01,02,07,08,12,14,15,16,17,18,19,21,23,25,
28-11-2010,01,03,04,05,06,07,08,11,12,13,16,22,23,24,
01-12-2010,01,04,05,08,09,10,11,13,19,20,21,22,23,24,
05-12-2010,01,02,05,06,07,09,11,15,17,18,20,21,22,24,
08-12-2010,02,04,08,11,12,13,14,16,18,20,22,23,24,25,
12-12-2010,01,02,03,04,05,06,09,11,12,16,17,18,20,25,
15-12-2010,01,02,06,08,09,10,13,14,15,16,17,22,23,25,
19-12-2010,01,02,03,04,05,07,09,12,14,15,18,21,22,25,
22-12-2010,02,05,06,07,09,10,12,13,15,16,17,19,22,23,
26-12-2010,01,02,06,07,08,09,12,14,16,17,20,21,23,25,
29-12-2010,02,03,05,06,07,08,09,10,14,15,16,19,21,22,
02-01-2011,01,05,06,07,11,12,13,14,15,18,19,21,24,25,
05-01-2011,01,03,08,09,11,12,13,14,15,17,18,23,24,25,
09-01-2011,01,02,05,06,07,08,10,11,14,19,21,22,23,24,
12-01-2011,01,02,03,06,09,10,13,17,19,20,22,23,24,25,
16-01-2011,03,05,07,08,09,10,11,12,13,15,16,17,22,23,
19-01-2011,01,06,07,09,10,12,13,14,16,18,22,23,24,25,
23-01-2011,01,03,04,06,07,09,11,12,17,18,21,23,24,25,
26-01-2011,01,02,03,04,08,09,11,13,15,16,18,20,22,24,
30-01-2011,02,03,06,08,09,12,15,16,17,19,20,21,22,25,
02-02-2011,01,04,06,07,09,10,11,12,13,18,20,21,22,25,
06-02-2011,03,04,07,08,09,11,14,15,18,19,20,21,22,23,
09-02-2011,01,02,06,08,09,12,14,15,16,17,18,20,22,23,
13-02-2011,02,07,08,09,10,13,14,15,19,21,22,23,24,25,
16-02-2011,01,02,07,09,11,13,14,15,17,19,20,21,23,25,
20-02-2011,01,03,04,07,08,09,13,14,15,17,18,21,24,25,
23-02-2011,01,02,03,04,05,06,08,09,11,12,14,15,18,21,
27-02-2011,02,03,05,06,07,08,09,10,11,13,14,15,16,22,
02-03-2011,04,06,08,09,10,11,12,14,15,16,17,22,23,24,
06-03-2011,05,07,08,11,12,17,18,19,20,21,22,23,24,25,
09-03-2011,02,03,05,06,07,12,13,15,16,18,19,22,24,25,
13-03-2011,05,06,08,09,11,12,14,15,16,17,20,23,24,25,
16-03-2011,05,06,08,09,10,11,12,14,15,16,17,18,20,24,
20-03-2011,01,03,04,05,06,09,13,14,15,16,18,19,21,25,
23-03-2011,04,06,09,10,12,14,15,16,17,18,21,22,24,25,
27-03-2011,01,03,08,09,10,11,12,14,15,18,19,20,24,25,
30-03-2011,01,02,05,06,08,09,11,12,16,17,18,19,23,25,
03-04-2011,01,03,04,05,11,12,13,14,16,18,20,22,23,24,
06-04-2011,02,03,06,08,09,10,12,13,14,15,18,20,21,23,
10-04-2011,02,04,06,08,11,12,13,15,16,17,20,22,24,25,
13-04-2011,01,02,04,06,07,08,13,14,15,18,19,20,22,23,
17-04-2011,02,09,11,12,13,15,17,18,19,21,22,23,24,25,
20-04-2011,01,02,05,10,11,13,15,16,17,18,19,20,23,24,
24-04-2011,01,03,06,07,10,12,13,15,16,17,18,19,20,25,
27-04-2011,01,03,04,05,06,07,08,10,17,18,20,21,22,24,
01-05-2011,01,02,03,04,06,10,11,13,16,18,22,23,24,25,
04-05-2011,01,02,03,04,06,07,09,12,13,14,19,21,23,25,
08-05-2011,01,02,03,04,05,07,08,09,10,12,16,17,20,21,
11-05-2011,02,03,04,06,08,09,11,15,16,17,19,20,21,22,
15-05-2011,02,03,04,05,06,08,11,15,16,20,21,22,24,25,
18-05-2011,03,04,05,06,07,09,12,13,18,19,22,23,24,25,
22-05-2011,01,05,06,07,09,10,11,12,13,15,16,17,21,24,
25-05-2011,01,02,04,07,10,11,12,13,15,17,19,22,23,24,
29-05-2011,04,05,08,09,10,11,16,18,19,21,22,23,24,25,
01-06-2011,01,02,04,05,07,08,09,10,11,13,14,15,17,22,
05-06-2011,02,05,06,07,09,11,12,14,15,16,17,18,20,21,
08-06-2011,02,03,04,05,06,08,09,10,12,16,17,18,23,25,
12-06-2011,01,02,03,04,05,06,07,10,12,13,14,15,16,17,
15-06-2011,01,06,07,08,09,11,12,13,18,20,21,22,24,25,
19-06-2011,01,02,03,04,09,12,13,16,17,18,19,20,21,22,
22-06-2011,04,05,06,07,10,11,12,13,14,15,17,19,20,25,
26-06-2011,01,02,05,06,09,10,13,15,16,17,18,22,23,25,
29-06-2011,03,04,09,10,13,14,15,17,18,19,20,23,24,25,
03-07-2011,01,06,07,09,10,13,14,16,19,20,21,22,23,24,
06-07-2011,02,04,05,08,10,11,12,13,15,17,18,20,21,22,
10-07-2011,01,02,03,04,05,06,08,09,10,11,18,21,22,23,
13-07-2011,01,04,05,06,07,08,09,11,12,13,16,17,21,22,
17-07-2011,02,06,08,09,10,12,15,16,18,19,20,21,23,25,
20-07-2011,05,07,08,09,10,12,13,15,16,17,18,19,20,22,
24-07-2011,01,03,05,06,08,09,11,16,17,18,20,22,23,25,
27-07-2011,05,06,07,08,09,12,14,15,16,17,19,21,23,25,
31-07-2011,03,06,07,09,10,14,15,17,19,20,21,22,23,25,
03-08-2011,01,02,04,05,07,08,09,11,13,15,16,22,23,25,
07-08-2011,01,02,03,04,05,06,10,11,12,13,15,22,24,25,
10-08-2011,01,03,04,05,06,07,10,11,12,15,16,23,24,25,
14-08-2011,01,02,03,05,09,10,11,13,17,18,22,23,24,25,
17-08-2011,01,07,09,11,12,13,14,15,16,18,20,22,24,25,
21-08-2011,01,06,07,08,09,12,13,14,15,16,17,20,22,24,
24-08-2011,01,02,03,04,06,09,11,14,15,16,17,20,21,24,
28-08-2011,01,02,04,05,06,07,09,11,12,17,18,19,22,25,
31-08-2011,01,02,03,04,05,06,07,13,14,15,18,19,21,25,
04-09-2011,01,05,06,07,08,09,10,11,12,13,14,15,18,22,
07-09-2011,03,04,07,09,13,16,17,18,19,20,21,22,24,25,
11-09-2011,02,03,04,06,08,11,13,14,15,16,17,18,20,24,
14-09-2011,01,02,04,07,08,09,10,11,13,16,18,20,21,22,
18-09-2011,02,05,07,09,12,13,15,16,17,18,22,23,24,25,
21-09-2011,01,03,05,06,08,13,15,17,18,19,20,21,22,25,
25-09-2011,02,04,05,06,07,11,12,13,16,17,20,21,22,25,
28-09-2011,02,04,05,06,07,09,12,14,17,18,19,21,23,24,
02-10-2011,02,03,06,09,10,15,17,18,19,20,21,23,24,25,
05-10-2011,04,05,06,08,10,11,14,15,17,20,21,22,23,24,
09-10-2011,01,02,03,04,05,06,07,09,13,14,18,20,21,23,
12-10-2011,01,02,04,05,06,12,13,15,17,19,20,21,24,25,
16-10-2011,03,06,07,08,10,12,14,15,16,17,19,22,23,24,
19-10-2011,01,02,05,06,08,09,10,12,13,15,16,21,23,24,
23-10-2011,01,03,04,06,07,08,13,14,16,19,21,23,24,25,
26-10-2011,01,03,07,08,10,11,13,14,15,18,19,20,22,23,
30-10-2011,01,02,05,06,07,08,09,10,12,16,17,23,24,25,
02-11-2011,01,05,07,08,10,11,14,16,17,18,19,20,23,25,
06-11-2011,01,02,03,08,09,10,12,13,14,18,19,21,22,24,
09-11-2011,02,05,06,07,08,12,13,14,15,18,20,21,22,23,
13-11-2011,01,07,08,09,10,11,12,13,15,18,20,22,23,24,
16-11-2011,01,02,04,05,06,08,11,13,14,19,21,22,24,25,
20-11-2011,01,02,03,04,07,11,12,15,17,18,20,22,24,25,
23-11-2011,02,05,07,08,09,11,12,14,16,18,19,21,23,25,
27-11-2011,01,04,06,07,08,09,10,11,12,14,15,17,19,22,
30-11-2011,01,03,04,05,06,07,08,10,13,15,16,17,22,23,
04-12-2011,01,02,03,04,05,08,10,13,17,20,21,22,23,24,
07-12-2011,01,02,05,07,09,10,11,15,16,20,21,22,23,24,
11-12-2011,01,02,03,07,08,12,13,14,17,19,20,22,23,24,
14-12-2011,01,02,03,07,08,09,11,13,14,19,20,22,24,25,
18-12-2011,02,03,06,07,08,12,15,16,17,18,19,20,22,23,
21-12-2011,01,02,07,10,13,15,16,17,18,20,21,22,23,24,
25-12-2011,01,03,04,05,07,08,09,10,11,12,14,17,24,25,
28-12-2011,02,03,04,06,08,09,10,11,13,14,16,17,19,20,
01-01-2012,01,02,03,05,06,13,16,18,20,21,22,23,24,25,
04-01-2012,01,04,06,07,08,09,11,12,15,16,18,19,22,23,
08-01-2012,02,03,06,08,09,12,15,18,19,20,21,23,24,25,
11-01-2012,01,02,06,07,12,14,15,17,19,20,21,23,24,25,
15-01-2012,02,03,05,06,07,08,11,12,13,15,17,20,22,23,
18-01-2012,02,04,08,09,10,12,13,16,17,18,20,21,22,23,
22-01-2012,01,02,03,04,05,06,11,15,17,18,20,21,23,24,
25-01-2012,01,05,06,08,10,11,12,13,14,17,19,20,22,24,
29-01-2012,01,02,03,04,05,09,11,12,13,14,15,18,19,23,
01-02-2012,01,03,04,07,08,09,10,13,14,15,17,18,24,25,
05-02-2012,03,04,05,06,09,10,11,12,13,14,15,18,23,24,
08-02-2012,01,07,09,11,13,14,15,18,20,21,22,23,24,25,
12-02-2012,01,02,06,07,08,09,12,13,14,17,18,21,22,23,
15-02-2012,01,03,04,05,08,09,11,12,13,14,15,16,17,20,
19-02-2012,04,05,06,07,09,11,14,16,18,19,21,22,23,24,
22-02-2012,01,02,03,04,05,06,08,11,14,15,17,18,20,25,
26-02-2012,01,02,03,04,05,06,10,11,14,17,19,22,24,25,
29-02-2012,02,03,05,07,08,10,12,16,17,18,19,20,21,25,
04-03-2012,02,05,07,08,09,10,11,13,14,15,16,18,21,25,
07-03-2012,01,02,04,09,10,11,15,17,18,19,20,21,22,25,
11-03-2012,01,02,06,09,10,11,15,17,18,21,22,23,24,25,
14-03-2012,01,02,03,05,06,10,11,12,16,18,19,22,23,24,
18-03-2012,02,03,04,05,06,09,10,12,13,16,20,21,22,25,
21-03-2012,03,04,05,07,08,09,10,11,12,13,15,16,17,24,
25-03-2012,02,04,05,08,09,10,13,14,15,16,17,20,22,25,
28-03-2012,01,02,05,07,08,11,12,13,14,16,17,20,23,24,
01-04-2012,01,02,03,05,06,08,09,12,13,15,16,18,22,25,
04-04-2012,02,04,05,06,08,09,10,11,12,13,19,20,21,22,
08-04-2012,01,03,05,06,07,08,12,14,15,17,18,19,23,25,
11-04-2012,01,02,03,04,05,07,11,12,13,14,21,22,23,24,
15-04-2012,03,05,07,08,09,16,17,18,19,20,22,23,24,25,
18-04-2012,02,04,05,06,07,09,11,13,14,15,17,18,20,24,
22-04-2012,01,02,03,09,10,11,14,16,17,18,19,20,23,24,
25-04-2012,01,04,05,08,10,13,14,15,18,19,21,22,23,25,
29-04-2012,01,03,04,07,13,14,15,16,19,21,22,23,24,25,
02-05-2012,01,03,05,06,09,11,14,15,16,18,20,21,22,23,
06-05-2012,01,02,04,09,12,13,17,18,19,20,21,22,23,24,
09-05-2012,03,07,08,09,11,12,13,15,16,18,19,21,22,24,
13-05-2012,03,06,07,08,09,10,12,15,17,18,19,20,23,24,
16-05-2012,02,05,06,08,09,10,11,12,14,17,19,21,22,23,
20-05-2012,01,02,05,08,09,10,12,15,16,17,20,21,22,24,
23-05-2012,01,02,05,07,08,11,12,16,17,20,21,23,24,25,
27-05-2012,02,05,07,09,10,11,13,14,15,17,19,22,24,25,
30-05-2012,02,03,04,10,13,15,16,17,18,19,22,23,24,25,
03-06-2012,05,07,08,09,10,11,14,16,18,19,20,21,23,25,
06-06-2012,01,02,08,09,10,11,12,14,16,17,18,20,21,23,
10-06-2012,06,07,09,10,11,13,17,18,19,20,21,22,24,25,
13-06-2012,02,03,04,05,08,11,12,14,15,16,18,19,22,23,
17-06-2012,01,03,04,07,08,10,11,13,16,17,20,21,23,24,
20-06-2012,01,04,05,11,13,14,15,16,17,18,19,20,23,25,
24-06-2012,01,02,03,07,09,10,12,13,14,16,17,20,21,25,
27-06-2012,01,05,06,07,09,12,13,15,17,18,21,23,24,25,
01-07-2012,01,03,06,07,08,09,10,13,18,19,20,22,24,25,
04-07-2012,01,02,03,05,06,08,09,10,11,14,17,19,22,24,
08-07-2012,02,03,04,06,07,09,10,12,16,17,21,23,24,25,
11-07-2012,01,02,04,06,09,10,14,15,16,19,20,22,23,24,
15-07-2012,02,03,04,05,06,08,09,13,14,18,21,22,23,25,
18-07-2012,01,04,06,10,12,13,17,18,19,20,22,23,24,25,
22-07-2012,01,04,06,07,08,09,11,12,14,15,16,20,23,24,
25-07-2012,01,03,05,06,07,12,14,15,18,21,22,23,24,25,
29-07-2012,01,03,04,05,06,09,10,11,13,15,16,17,21,25,
01-08-2012,03,04,05,09,10,11,12,15,17,19,20,21,24,25,
05-08-2012,01,02,05,08,12,13,14,15,18,20,21,22,24,25,
08-08-2012,02,03,05,07,09,10,14,15,16,18,19,22,23,24,
12-08-2012,01,02,03,04,05,08,10,14,15,16,18,20,21,23,
15-08-2012,04,05,06,07,08,12,13,14,15,16,17,22,24,25,
19-08-2012,02,03,07,09,10,12,13,14,15,20,21,23,24,25,
22-08-2012,02,04,05,06,07,08,11,13,14,15,16,17,20,21,
26-08-2012,01,02,04,05,07,09,10,11,15,16,17,20,24,25,
29-08-2012,01,02,03,04,05,06,08,11,15,16,18,21,23,24,
02-09-2012,02,03,06,07,08,09,10,13,14,16,17,18,22,23,
05-09-2012,02,04,05,07,08,11,14,16,17,18,20,22,23,25,
09-09-2012,02,03,04,08,09,11,12,13,14,15,17,22,24,25,
12-09-2012,04,06,10,11,12,13,14,15,16,17,18,21,23,25,
16-09-2012,01,02,04,05,08,11,12,15,16,18,19,21,24,25,
19-09-2012,02,03,04,05,06,08,10,11,12,14,16,17,23,25,
23-09-2012,01,03,07,08,11,12,14,15,16,19,21,22,23,25,
26-09-2012,01,03,05,07,08,11,14,15,17,19,20,23,24,25,
30-09-2012,03,04,06,08,09,11,14,17,18,20,21,23,24,25,
03-10-2012,04,07,09,10,11,12,14,15,17,18,19,21,24,25,
07-10-2012,01,02,04,07,08,11,12,13,15,17,19,21,24,25,
10-10-2012,02,03,04,05,08,09,10,11,14,20,22,23,24,25,
14-10-2012,02,04,05,08,09,10,11,12,14,15,16,22,23,24,
17-10-2012,02,03,04,05,06,07,08,10,11,12,14,19,21,24,
21-10-2012,02,03,06,08,09,11,14,15,17,18,20,21,22,24,
24-10-2012,02,04,05,06,08,10,14,15,16,18,19,21,22,25,
28-10-2012,02,03,04,05,06,09,12,15,16,17,18,21,22,25,
31-10-2012,01,05,06,07,08,11,14,15,16,19,21,22,23,25,
04-11-2012,01,03,07,09,10,13,15,16,17,18,20,21,22,25,
07-11-2012,01,02,03,04,06,09,15,16,17,19,21,23,24,25,
11-11-2012,05,07,10,12,13,14,15,18,20,21,22,23,24,25,
14-11-2012,02,04,05,09,11,13,14,15,16,19,21,22,23,25,
18-11-2012,01,02,03,04,05,07,10,11,14,17,19,20,23,25,
21-11-2012,01,04,05,06,10,11,12,13,16,18,21,23,24,25,
25-11-2012,03,05,06,07,10,11,13,14,15,17,18,19,23,25,
28-11-2012,01,02,04,06,07,08,09,13,14,16,17,20,24,25,
02-12-2012,01,02,03,04,08,10,11,13,14,15,16,17,21,25,
05-12-2012,02,03,05,06,07,08,09,12,14,15,17,23,24,25,
09-12-2012,03,04,05,06,07,09,10,12,13,18,19,20,21,22,
12-12-2012,01,02,04,05,08,11,14,15,19,20,21,22,23,24,
16-12-2012,04,05,06,07,09,10,12,14,15,17,18,20,22,24,
19-12-2012,01,03,05,11,12,13,14,15,16,18,19,21,23,25,
23-12-2012,01,02,04,06,10,11,14,16,17,18,19,21,23,24,
26-12-2012,01,03,07,08,10,11,12,13,15,18,22,23,24,25,
30-12-2012,03,05,09,10,12,15,16,17,19,20,21,22,24,25,
02-01-2013,01,04,05,07,09,10,11,12,13,15,18,19,20,24,
06-01-2013,01,05,06,08,09,10,11,12,17,19,22,23,24,25,
09-01-2013,01,03,04,05,06,07,08,09,11,14,15,17,20,25,
13-01-2013,02,03,04,05,06,07,09,12,13,14,20,21,24,25,
16-01-2013,04,05,10,13,14,15,16,17,18,19,21,22,23,24,
20-01-2013,01,03,05,07,08,09,11,12,14,18,21,22,23,25,
23-01-2013,01,04,06,07,08,09,11,12,13,14,15,19,20,24,
27-01-2013,01,03,06,07,08,09,10,16,17,18,19,20,22,24,
30-01-2013,01,02,04,06,08,11,12,13,15,17,18,21,22,25,
03-02-2013,02,04,07,10,11,12,14,16,17,18,19,20,24,25,
06-02-2013,02,05,07,08,09,10,11,12,15,19,21,23,24,25,
10-02-2013,02,03,05,06,07,09,10,11,12,17,18,19,20,25,
13-02-2013,03,05,06,07,08,09,10,13,14,16,20,21,23,25,
17-02-2013,02,05,07,08,09,12,13,16,17,18,19,21,22,23,
20-02-2013,01,04,08,09,10,11,12,13,14,15,18,19,23,24,
24-02-2013,02,03,06,07,08,10,15,16,17,20,21,22,23,24,
27-02-2013,01,02,04,07,08,09,12,13,14,15,18,20,24,25,
03-03-2013,03,04,06,07,08,10,13,14,15,16,17,18,22,23,
06-03-2013,01,05,06,07,09,11,12,13,16,21,22,23,24,25,
10-03-2013,01,02,04,05,06,07,08,11,15,17,19,21,23,24,
13-03-2013,01,02,03,04,05,06,12,14,16,17,19,22,23,25,
17-03-2013,03,04,07,11,12,13,16,18,19,20,21,22,24,25,
20-03-2013,01,02,05,07,10,13,14,16,17,20,21,23,24,25,
24-03-2013,04,05,08,09,10,14,15,18,19,20,22,23,24,25,
27-03-2013,01,02,04,05,09,11,12,13,16,17,18,19,21,22,
31-03-2013,02,06,07,08,09,13,14,15,16,18,19,20,21,24,
03-04-2013,01,03,04,05,07,08,10,11,14,19,20,22,23,24,
07-04-2013,03,04,06,10,13,14,16,17,19,20,21,23,24,25,
10-04-2013,01,04,05,08,09,10,11,12,13,14,15,21,24,25,
14-04-2013,03,04,06,09,10,12,13,14,15,16,17,18,19,20,
17-04-2013,05,06,08,09,10,12,13,14,15,17,19,21,22,24,
21-04-2013,01,03,04,07,08,09,10,13,15,18,19,21,22,25,
24-04-2013,02,04,05,06,08,11,12,13,15,16,19,22,23,25,
28-04-2013,03,04,08,10,11,13,16,17,18,19,20,21,24,25,
01-05-2013,03,05,06,07,08,09,10,11,12,13,15,16,21,24,
05-05-2013,01,02,06,07,08,09,10,11,15,16,17,21,23,24,
08-05-2013,03,05,06,07,09,10,12,15,16,17,19,21,23,24,
12-05-2013,03,04,05,08,09,10,12,15,16,17,20,22,23,25,
15-05-2013,03,04,05,07,08,09,10,11,14,16,18,19,24,25,
19-05-2013,01,05,06,07,08,09,10,11,12,14,15,17,21,24,
22-05-2013,01,03,04,05,07,11,14,15,16,17,18,21,22,25,
26-05-2013,04,05,06,07,08,09,10,11,16,17,18,19,23,24,
29-05-2013,01,02,03,05,06,07,08,14,17,20,22,23,24,25,
02-06-2013,02,03,05,07,10,12,13,15,16,18,19,20,23,25,
05-06-2013,01,02,03,04,05,10,12,17,20,21,22,23,24,25,
09-06-2013,02,04,05,07,11,12,13,15,16,17,21,22,23,24,
12-06-2013,02,03,04,05,07,09,11,12,13,14,15,18,19,23,
16-06-2013,01,05,06,07,08,09,10,11,13,16,18,19,20,22,
19-06-2013,02,04,07,08,12,13,15,16,17,18,20,23,24,25,
23-06-2013,02,04,05,06,07,08,09,13,15,16,17,19,20,25,
26-06-2013,03,04,07,09,13,15,17,18,19,20,22,23,24,25,
30-06-2013,01,02,04,06,09,10,14,15,17,18,19,20,22,25,
03-07-2013,01,05,09,12,14,16,17,18,19,21,22,23,24,25,
07-07-2013,01,02,03,04,05,06,07,08,09,14,15,19,20,25,
10-07-2013,01,05,06,07,08,10,11,13,14,15,16,18,20,25,
14-07-2013,02,04,09,10,11,12,14,16,17,20,21,22,23,24,
17-07-2013,04,06,07,08,11,12,13,16,17,18,20,23,24,25,
21-07-2013,01,03,04,06,10,13,14,15,16,18,19,20,22,24,
24-07-2013,03,04,05,07,09,12,14,15,18,20,21,22,24,25,
28-07-2013,02,03,04,08,12,14,15,16,17,18,19,21,23,24,
31-07-2013,02,04,05,08,11,15,16,17,19,20,21,22,23,25,
04-08-2013,02,03,05,06,10,12,14,15,17,19,20,21,23,24,
07-08-2013,01,02,04,05,07,08,09,10,13,15,16,23,24,25,
11-08-2013,04,05,07,08,09,10,13,14,16,18,21,23,24,25,
14-08-2013,02,04,07,08,10,13,14,16,19,20,21,22,24,25,
18-08-2013,01,03,05,06,07,08,10,11,13,15,18,21,23,25,
21-08-2013,02,03,04,06,10,11,13,14,17,19,20,23,24,25,
25-08-2013,03,04,05,09,11,12,13,14,15,18,19,20,22,23,
28-08-2013,01,03,04,05,09,10,12,15,16,17,20,21,22,24,
01-09-2013,02,03,05,09,10,11,13,14,17,18,19,20,21,24,
04-09-2013,01,02,03,05,09,10,13,14,15,16,21,22,24,25,
08-09-2013,04,05,06,07,08,12,13,15,16,17,20,21,22,25,
11-09-2013,02,03,07,10,11,14,15,16,18,21,22,23,24,25,
15-09-2013,01,03,04,05,07,08,09,10,11,13,16,21,23,24,
18-09-2013,02,03,05,06,07,09,10,12,13,16,19,20,22,25,
22-09-2013,01,02,04,05,06,07,08,10,12,14,16,18,19,20,
25-09-2013,01,03,04,06,09,11,14,16,17,19,20,21,23,24,
29-09-2013,04,05,06,08,09,11,12,13,15,16,18,19,20,24,
02-10-2013,04,06,07,08,09,10,12,13,15,18,20,21,22,24,
06-10-2013,01,02,04,05,06,07,08,10,13,15,17,20,21,24,
09-10-2013,04,05,06,08,09,11,12,13,14,15,17,18,21,25,
13-10-2013,02,04,05,06,08,09,12,13,14,18,19,20,21,23,
16-10-2013,01,03,04,05,06,07,09,13,14,15,19,23,24,25,
20-10-2013,02,05,06,08,09,11,12,13,17,18,20,22,24,25,
23-10-2013,02,04,05,06,07,08,09,10,12,13,17,18,20,25,
27-10-2013,02,03,05,07,08,09,10,11,12,13,14,17,20,22,
30-10-2013,02,03,04,05,06,09,11,13,14,15,19,21,23,24,
03-11-2013,01,03,04,05,07,08,12,13,15,17,19,22,24,25,
06-11-2013,01,02,04,07,09,10,11,12,16,17,20,22,23,24,
10-11-2013,04,05,06,10,13,14,15,17,18,21,22,23,24,25,
13-11-2013,03,04,05,08,09,10,12,14,16,17,21,22,24,25,
17-11-2013,01,02,05,06,09,10,12,16,17,18,21,22,23,25,
20-11-2013,02,04,05,06,07,10,12,13,14,16,18,19,23,25,
24-11-2013,02,07,08,10,11,12,13,16,17,18,21,22,23,25,
27-11-2013,01,02,04,05,09,10,11,14,16,18,19,20,22,23,
01-12-2013,01,03,04,05,06,09,10,11,12,13,15,18,24,25,
04-12-2013,01,04,07,10,11,13,17,19,20,21,22,23,24,25,
08-12-2013,02,05,06,07,08,10,11,12,14,16,17,19,21,22,
11-12-2013,03,04,05,06,07,08,09,13,15,16,18,21,22,24,
15-12-2013,01,02,04,07,08,09,10,11,12,14,18,19,22,25,
18-12-2013,01,05,06,07,08,09,11,12,13,14,17,18,19,22,
22-12-2013,02,03,06,07,09,11,12,14,15,16,19,22,23,24,
25-12-2013,01,02,03,05,06,11,12,13,15,16,19,21,23,24,
29-12-2013,01,02,04,08,09,11,14,15,17,18,20,22,23,25,
01-01-2014,04,06,07,08,09,10,14,15,17,19,22,23,24,25,
05-01-2014,01,02,03,04,05,07,09,15,16,18,20,21,23,25,
08-01-2014,01,02,04,07,08,09,10,13,14,15,17,19,22,24,
12-01-2014,01,02,03,06,07,08,12,14,15,16,18,19,21,22,
15-01-2014,02,04,05,08,09,10,12,13,15,18,22,23,24,25,
19-01-2014,01,03,07,08,09,10,13,14,15,16,17,18,23,25,
22-01-2014,01,02,03,06,07,09,10,11,16,17,18,21,22,23,
26-01-2014,01,02,03,04,05,09,11,12,14,16,19,20,22,23,
29-01-2014,01,02,04,07,08,10,12,13,19,20,21,22,23,25,
02-02-2014,02,03,04,05,06,07,10,15,16,18,20,22,23,25,
05-02-2014,02,03,05,09,10,11,13,14,17,18,20,21,23,24,
09-02-2014,01,02,04,05,06,11,13,14,16,18,21,23,24,25,
12-02-2014,01,03,04,07,08,09,10,12,13,15,17,21,23,24,
16-02-2014,02,03,04,05,07,08,09,10,12,16,17,22,23,24,
19-02-2014,03,04,06,07,11,12,15,16,17,18,19,20,23,25,
23-02-2014,01,04,05,06,09,10,11,12,13,14,19,20,24,25,
26-02-2014,02,05,07,08,09,10,11,12,13,14,17,19,20,23,
02-03-2014,03,05,09,11,13,14,15,16,19,20,21,22,23,25,
05-03-2014,02,04,05,07,08,10,11,12,14,16,20,22,23,24,
09-03-2014,01,02,04,05,06,07,10,12,13,14,17,18,23,24,
12-03-2014,01,02,04,06,07,08,10,12,13,17,20,23,24,25,
16-03-2014,01,03,04,05,06,09,10,11,12,14,15,21,22,25,
19-03-2014,01,02,04,05,10,11,12,15,17,19,21,22,23,25,
23-03-2014,01,03,04,05,07,09,12,13,14,17,18,19,22,25,
26-03-2014,02,03,06,09,11,13,14,15,16,17,18,19,21,25,
30-03-2014,01,02,03,04,05,07,08,11,14,16,18,20,22,25,
02-04-2014,01,03,06,07,09,13,14,15,17,20,21,22,24,25,
06-04-2014,01,02,03,06,08,09,10,11,15,19,20,21,23,25,
09-04-2014,02,03,04,06,07,08,10,11,14,16,18,20,21,24,
13-04-2014,01,02,06,07,08,10,11,12,13,14,16,17,19,24,
16-04-2014,01,02,03,04,06,07,08,12,13,15,16,17,21,23,
20-04-2014,01,05,07,10,11,12,13,14,17,18,19,21,23,25,
23-04-2014,02,03,05,06,07,09,10,11,12,14,17,21,23,25,
27-04-2014,02,03,04,06,07,08,09,10,12,14,16,17,20,23,
30-04-2014,03,05,06,07,08,09,10,11,13,14,15,16,17,22,
04-05-2014,02,04,05,07,08,10,11,16,17,18,20,21,23,24,
07-05-2014,01,03,04,06,07,08,10,11,13,15,16,18,20,21,
11-05-2014,01,02,03,04,07,08,09,11,12,16,21,22,24,25,
14-05-2014,02,03,04,06,07,08,09,11,12,13,14,17,18,21,
18-05-2014,01,06,09,13,14,15,17,18,19,20,21,23,24,25,
21-05-2014,01,04,05,06,08,09,12,13,14,16,17,21,22,23,
25-05-2014,01,06,07,09,10,11,13,14,17,18,19,20,22,25,
28-05-2014,06,07,08,09,10,11,13,16,17,19,20,23,24,25,
01-06-2014,03,05,07,08,09,10,11,13,14,18,19,20,22,24,
04-06-2014,01,02,04,05,06,08,10,11,14,17,20,22,24,25,
08-06-2014,01,04,05,07,09,10,11,12,13,14,16,22,23,24,
11-06-2014,01,02,08,09,10,11,12,13,14,15,17,19,20,23,
15-06-2014,01,04,06,07,08,09,10,12,16,18,19,20,24,25,
18-06-2014,01,03,05,06,07,09,12,13,14,19,20,22,23,25,
22-06-2014,03,05,06,08,09,10,13,18,20,21,22,23,24,25,
25-06-2014,03,04,06,07,09,10,11,12,13,15,18,19,21,24,
29-06-2014,02,05,06,07,08,11,12,13,19,20,21,22,23,25,
02-07-2014,01,02,04,06,08,09,13,14,18,20,21,22,23,25,
06-07-2014,01,02,05,06,08,09,11,13,17,19,20,21,22,25,
09-07-2014,01,02,07,08,10,13,15,16,17,19,20,21,22,25,
13-07-2014,01,03,04,06,07,08,11,12,13,14,16,19,21,23,
16-07-2014,01,02,04,05,06,07,08,10,12,13,17,18,21,23,
20-07-2014,05,07,08,12,13,14,15,16,18,19,20,21,24,25,
23-07-2014,03,04,06,09,11,14,16,17,18,19,20,21,22,24,
27-07-2014,02,04,05,06,07,08,09,10,11,13,14,16,21,25,
30-07-2014,01,04,05,08,09,10,11,12,13,14,16,18,20,25,
03-08-2014,01,02,03,05,06,07,10,12,14,16,18,19,20,23,
06-08-2014,01,04,07,08,10,12,14,16,17,19,20,21,23,25,
10-08-2014,03,04,06,08,09,10,12,13,14,16,18,19,20,24,
13-08-2014,02,03,04,08,10,11,12,13,14,15,16,18,20,24,
17-08-2014,02,03,05,09,12,13,14,17,19,20,21,22,23,24,
20-08-2014,02,03,07,08,10,11,15,16,17,18,19,21,23,24,
24-08-2014,02,03,05,06,08,09,10,15,17,19,20,22,24,25,
27-08-2014,01,02,03,04,09,10,13,14,19,20,21,22,23,24,
31-08-2014,02,04,08,10,11,14,15,17,18,20,21,22,24,25,
03-09-2014,01,07,08,09,10,11,12,14,15,16,17,18,20,25,
07-09-2014,01,02,03,04,07,09,12,13,14,15,16,17,18,23,
10-09-2014,01,03,05,06,07,08,11,13,17,18,19,21,22,25,
14-09-2014,02,05,06,09,10,11,12,13,14,20,21,22,23,25,
17-09-2014,06,07,08,12,13,14,15,16,18,19,20,21,22,24,
21-09-2014,03,05,06,08,10,12,13,14,15,18,19,22,24,25,
24-09-2014,03,04,05,06,13,14,15,16,18,19,22,23,24,25,
28-09-2014,01,02,03,07,10,12,13,15,16,18,21,23,24,25,
01-10-2014,01,04,05,06,08,09,12,13,14,17,18,20,23,25,
05-10-2014,02,03,04,06,08,09,11,13,15,17,22,23,24,25,
08-10-2014,01,03,04,05,06,11,14,15,19,20,21,22,24,25,
12-10-2014,01,02,03,05,07,08,12,15,17,19,20,21,23,24,
15-10-2014,01,04,05,06,07,09,10,12,14,15,17,20,21,22,
19-10-2014,01,02,04,07,08,10,12,13,14,17,20,22,23,24,
22-10-2014,03,04,05,07,09,10,11,12,15,16,22,23,24,25,
26-10-2014,04,07,08,10,11,14,15,16,17,18,19,21,23,25,
29-10-2014,06,09,11,12,13,14,16,17,19,20,21,22,23,25,
02-11-2014,01,03,04,09,10,11,12,15,16,18,19,21,23,24,
05-11-2014,01,02,06,07,08,09,11,14,15,17,18,22,24,25,
09-11-2014,02,03,04,05,07,09,10,11,12,13,15,16,22,23,
12-11-2014,01,03,04,06,08,10,12,16,18,19,20,21,22,24,
16-11-2014,01,02,03,05,07,09,11,12,13,16,18,19,21,25,
19-11-2014,02,03,05,06,09,11,12,13,14,15,18,21,22,24,
23-11-2014,02,03,04,07,13,14,15,16,20,21,22,23,24,25,
26-11-2014,01,02,05,06,07,13,14,15,16,17,18,19,23,25,
30-11-2014,01,05,06,11,12,13,14,15,16,17,19,20,24,25,
03-12-2014,06,08,09,10,11,12,13,14,15,16,21,23,24,25,
07-12-2014,01,02,03,04,05,06,10,11,14,15,17,23,24,25,
10-12-2014,02,04,07,09,11,12,13,14,16,17,18,20,21,24,
14-12-2014,02,05,06,08,10,12,13,16,17,20,21,22,23,25,
17-12-2014,02,03,04,07,08,09,10,11,12,13,18,19,21,23,
21-12-2014,01,02,03,04,05,08,09,10,13,15,17,18,20,23,
24-12-2014,01,02,08,10,11,13,14,15,16,17,19,20,22,24,
28-12-2014,01,02,04,06,07,10,11,13,14,16,18,19,21,22,
31-12-2014,02,03,05,07,10,12,13,14,15,18,19,21,22,23,
04-01-2015,01,04,05,07,08,09,10,11,12,14,16,17,18,19,
07-01-2015,02,03,07,09,10,16,17,18,19,20,21,22,24,25,
11-01-2015,01,04,06,07,08,10,11,16,18,19,21,22,23,25,
14-01-2015,03,04,05,06,07,09,11,16,17,19,20,21,23,25,
18-01-2015,01,03,05,06,07,08,09,11,12,13,16,19,22,25,
21-01-2015,03,04,05,06,07,08,10,11,13,15,18,20,21,23,
25-01-2015,01,03,04,06,08,09,13,18,19,20,22,23,24,25,
28-01-2015,01,02,03,04,05,06,07,09,10,11,18,19,20,21,
01-02-2015,02,03,04,06,07,09,10,11,12,17,20,22,23,24,
04-02-2015,01,03,04,05,08,09,10,13,16,18,20,21,22,25,
08-02-2015,01,02,03,04,06,07,09,10,12,14,17,18,19,24,
11-02-2015,03,04,08,09,11,15,17,18,20,21,22,23,24,25,
15-02-2015,01,03,04,06,07,08,09,10,11,13,15,16,19,22,
18-02-2015,01,04,06,07,09,12,13,14,15,18,19,20,22,24,
22-02-2015,01,02,03,04,08,10,11,12,14,16,17,20,22,24,
25-02-2015,02,04,06,09,11,12,13,14,15,16,17,19,21,23,
01-03-2015,01,02,03,06,07,11,12,13,17,18,19,20,21,23,
04-03-2015,01,02,03,08,09,10,11,12,17,20,21,22,24,25,
08-03-2015,01,03,04,06,08,09,14,17,18,21,22,23,24,25,
11-03-2015,01,04,07,10,12,14,15,16,17,21,22,23,24,25,
15-03-2015,01,02,04,06,07,09,11,13,14,16,20,22,23,25,
18-03-2015,02,03,04,05,08,09,10,11,13,14,18,21,23,24,
22-03-2015,01,03,06,09,10,12,13,14,15,16,17,18,21,25,
25-03-2015,03,04,05,07,08,09,10,11,12,16,17,20,22,23,
29-03-2015,02,03,04,05,07,09,11,14,16,17,18,22,23,25,
01-04-2015,01,06,07,08,09,10,11,12,17,18,20,21,23,25,
05-04-2015,01,04,06,07,08,09,10,16,17,18,20,21,22,23,
08-04-2015,01,02,03,06,07,09,10,11,12,15,16,17,18,21,
12-04-2015,01,02,03,05,06,08,09,13,15,16,20,21,23,24,
15-04-2015,01,04,06,07,11,12,14,15,17,19,20,22,24,25,
19-04-2015,01,02,04,09,10,11,12,13,16,17,18,19,21,23,
22-04-2015,01,02,03,04,06,09,12,14,15,16,17,20,21,24,
26-04-2015,01,02,03,06,07,08,10,12,14,15,16,19,22,23,
29-04-2015,02,03,04,05,10,11,12,13,15,16,17,19,22,24,
03-05-2015,02,03,04,06,11,15,16,17,18,19,20,21,22,23,
06-05-2015,01,02,03,04,06,07,09,11,12,14,15,18,21,22,
10-05-2015,03,04,05,06,08,09,11,15,16,17,18,20,21,24,
13-05-2015,01,02,03,04,06,11,13,14,15,17,18,20,21,23,
17-05-2015,01,02,04,06,08,09,12,14,16,19,20,21,23,25,
20-05-2015,03,05,06,08,09,10,11,13,14,16,18,21,22,23,
24-05-2015,01,02,03,04,05,08,11,13,14,15,20,22,23,24,
27-05-2015,02,03,04,05,07,11,15,16,17,18,21,22,23,24,
31-05-2015,01,02,04,05,07,08,10,12,13,14,15,19,21,23,
03-06-2015,01,03,04,05,07,09,11,12,16,17,19,20,21,24,
07-06-2015,02,03,05,07,09,11,12,13,15,16,17,20,21,24,
10-06-2015,01,03,05,06,11,12,13,14,16,17,20,21,23,25,
14-06-2015,02,03,05,07,08,10,12,14,15,16,17,20,23,24,
17-06-2015,01,02,03,04,05,06,07,15,16,18,21,22,23,24,
21-06-2015,02,04,05,06,08,10,11,12,15,18,21,22,23,24,
24-06-2015,01,02,04,05,06,07,09,11,12,13,18,20,22,24,
28-06-2015,02,03,05,07,09,10,13,16,17,18,21,22,24,25,
01-07-2015,03,06,07,08,09,10,11,12,15,19,22,23,24,25,
05-07-2015,03,05,07,09,10,13,16,17,19,21,22,23,24,25,
08-07-2015,03,04,05,08,09,13,14,15,17,18,21,22,23,25,
12-07-2015,01,05,06,07,08,10,12,15,16,17,18,20,21,22,
15-07-2015,01,02,05,09,10,12,14,15,16,20,21,22,24,25,
19-07-2015,03,05,06,07,08,09,10,11,14,16,17,21,23,25,
22-07-2015,03,05,06,07,09,10,16,18,19,20,21,22,23,24,
26-07-2015,03,04,06,08,09,11,12,13,15,16,17,19,22,25,
29-07-2015,02,03,04,06,10,11,14,17,18,19,21,22,23,24,
02-08-2015,02,03,05,08,11,14,16,17,19,20,21,23,24,25,
05-08-2015,01,04,05,08,10,11,12,14,15,18,19,22,24,25,
09-08-2015,02,03,04,07,08,11,13,14,15,16,21,23,24,25,
12-08-2015,01,02,04,05,06,10,11,12,17,18,20,21,22,23,
16-08-2015,02,03,06,07,09,10,14,15,16,17,20,21,22,24,
19-08-2015,01,03,04,08,11,12,13,15,17,20,21,22,24,25,
23-08-2015,01,04,05,07,08,09,10,14,15,16,19,20,21,23,
26-08-2015,01,03,04,05,08,09,11,14,15,17,21,22,24,25,
30-08-2015,02,03,06,07,08,09,10,11,14,18,21,22,23,25,
02-09-2015,01,02,03,05,06,09,10,11,12,13,17,20,21,24,
06-09-2015,02,03,04,05,06,09,10,13,15,16,17,20,22,23,
09-09-2015,01,02,04,08,09,11,12,13,15,17,18,20,21,25,
13-09-2015,03,04,07,09,12,13,16,17,18,19,20,21,22,23,
16-09-2015,03,05,06,07,08,10,11,12,13,15,20,22,23,24,
20-09-2015,03,04,06,09,10,12,13,14,15,19,20,21,22,23,
23-09-2015,01,03,04,06,08,09,11,16,17,20,21,22,23,25,
27-09-2015,01,02,05,07,08,11,13,14,17,18,19,20,22,25,
30-09-2015,02,03,04,06,11,12,13,14,15,19,20,21,22,24,
04-10-2015,01,02,05,06,08,09,10,11,12,14,16,20,21,25,
07-10-2015,03,04,06,09,10,11,13,15,16,17,20,21,23,24,
11-10-2015,03,04,05,06,07,09,11,12,15,17,18,20,24,25,
14-10-2015,03,04,08,10,11,13,14,15,17,20,21,22,23,25,
18-10-2015,02,07,08,09,12,14,16,17,18,19,20,21,22,23,
21-10-2015,01,02,04,06,11,12,13,14,16,17,18,19,21,24,
25-10-2015,01,03,05,06,07,09,10,12,13,14,16,21,24,25,
28-10-2015,01,02,04,06,07,11,14,15,16,17,20,21,23,24,
01-11-2015,01,03,04,05,06,08,09,11,13,17,19,20,23,24,
04-11-2015,01,02,05,08,09,10,11,15,17,18,21,22,23,25,
08-11-2015,01,06,08,09,11,12,14,18,19,20,22,23,24,25,
11-11-2015,02,06,08,10,11,12,14,15,17,19,20,21,23,25,
15-11-2015,01,02,07,09,14,15,16,17,19,20,21,22,24,25,
18-11-2015,02,03,04,09,11,12,14,15,17,18,19,20,22,23,
22-11-2015,01,02,03,04,05,08,11,12,15,16,17,18,19,25,
25-11-2015,01,02,03,04,05,08,09,11,15,19,20,21,22,24,
29-11-2015,02,04,06,07,08,09,10,11,13,14,17,20,21,23,
02-12-2015,05,09,10,11,12,14,15,16,17,20,22,23,24,25,
06-12-2015,01,03,05,08,09,11,12,13,15,16,18,19,22,23,
09-12-2015,01,02,03,04,05,06,08,10,12,13,18,19,23,25,
13-12-2015,01,02,03,04,06,07,12,13,14,17,22,23,24,25,
16-12-2015,03,04,05,06,07,08,09,11,13,17,19,20,21,24,
20-12-2015,02,04,06,08,12,13,14,15,16,17,19,22,24,25,
23-12-2015,02,04,05,06,10,11,13,15,16,17,19,21,22,25,
27-12-2015,01,02,03,04,05,07,08,09,11,12,14,15,19,25,
30-12-2015,01,03,04,06,07,08,09,15,17,18,19,22,24,25,
03-01-2016,01,03,04,07,08,09,10,11,12,13,15,19,20,23,
06-01-2016,03,04,08,11,12,13,15,16,18,19,20,21,22,25,
10-01-2016,01,02,03,07,09,10,11,12,15,16,21,22,24,25,
13-01-2016,01,02,03,04,07,08,09,10,16,18,19,20,22,23,
17-01-2016,01,02,03,04,06,09,11,14,17,18,19,20,22,23,
20-01-2016,02,04,05,06,07,12,14,16,17,19,20,21,24,25,
24-01-2016,03,04,06,07,09,10,11,12,14,15,16,18,19,24,
27-01-2016,01,04,08,09,11,14,15,18,19,20,21,22,24,25,
31-01-2016,01,02,04,05,07,09,11,12,13,18,19,21,23,25,
03-02-2016,01,02,03,07,09,10,11,13,15,16,17,20,21,23,
07-02-2016,01,02,05,06,07,08,13,17,18,20,21,22,23,24,
10-02-2016,01,04,05,09,11,12,13,14,16,17,18,20,22,25,
14-02-2016,01,02,03,04,05,06,08,10,11,18,19,21,23,24,
17-02-2016,03,04,07,09,11,13,14,15,17,18,22,23,24,25,
21-02-2016,01,03,04,07,08,09,10,12,14,15,18,19,21,22,
24-02-2016,01,02,03,04,05,10,12,13,14,15,20,21,22,24,
28-02-2016,01,03,07,09,11,12,14,15,17,18,20,22,23,25,
02-03-2016,06,07,09,10,11,14,15,17,18,19,20,22,23,24,
06-03-2016,01,02,03,06,07,09,10,11,13,15,17,18,20,22,
09-03-2016,01,03,04,05,06,08,09,12,14,15,18,19,20,23,
13-03-2016,01,03,04,05,07,10,11,13,14,16,17,18,20,21,
16-03-2016,07,08,11,13,14,15,17,18,19,20,21,22,23,24,
20-03-2016,01,03,04,05,06,09,10,11,16,19,22,23,24,25,
23-03-2016,01,03,04,05,06,09,10,12,15,16,19,20,24,25,
27-03-2016,02,03,05,06,07,09,10,11,12,16,19,20,22,24,
30-03-2016,01,03,04,05,07,08,10,12,15,16,17,18,21,25,
03-04-2016,02,03,04,05,06,07,10,11,12,13,16,17,18,25,
06-04-2016,01,02,05,06,08,09,10,14,15,16,17,19,22,24,
10-04-2016,03,04,05,07,08,12,13,14,16,17,18,19,23,24,
13-04-2016,02,03,05,06,10,11,14,16,18,19,20,22,23,25,
17-04-2016,01,03,04,05,06,08,10,12,13,14,19,20,21,23,
20-04-2016,02,04,05,08,09,10,11,13,14,15,17,20,23,24,
24-04-2016,02,05,06,07,09,10,14,15,17,18,21,22,23,24,
27-04-2016,02,04,05,07,08,10,11,15,18,19,21,22,23,25,
01-05-2016,02,03,04,07,09,10,12,13,15,16,17,19,22,24,
04-05-2016,01,03,06,07,08,09,10,13,18,20,21,22,23,24,
08-05-2016,01,03,07,08,10,11,12,13,14,15,16,17,21,23,
11-05-2016,02,03,04,07,08,09,12,14,15,16,19,22,23,24,
15-05-2016,02,05,06,09,11,13,15,17,18,19,20,21,23,25,
18-05-2016,03,04,05,06,09,13,14,15,16,17,18,19,20,25,
22-05-2016,03,05,06,08,09,10,11,13,14,15,18,19,21,23,
25-05-2016,01,02,06,08,10,12,13,15,16,17,20,23,24,25,
29-05-2016,01,02,04,05,07,09,14,15,17,19,20,21,22,24,
01-06-2016,01,02,03,04,05,12,15,16,18,20,21,22,23,25,
05-06-2016,01,03,05,07,10,12,13,14,15,17,18,21,24,25,
08-06-2016,02,03,04,05,06,07,10,14,15,17,19,22,23,24,
12-06-2016,01,03,04,07,09,10,13,15,16,17,18,20,21,23,
15-06-2016,01,03,05,08,09,12,14,15,16,19,20,21,23,24,
19-06-2016,01,03,06,08,10,13,15,16,17,19,20,22,23,24,
22-06-2016,02,04,05,07,08,09,11,13,16,17,19,21,22,24,
26-06-2016,01,03,04,05,06,07,09,11,16,18,20,22,24,25,
29-06-2016,02,03,05,06,08,09,10,11,12,14,15,16,21,22,
03-07-2016,01,02,04,07,08,10,11,12,13,14,16,21,23,25,
06-07-2016,02,04,05,06,07,08,11,15,16,18,19,20,22,23,
10-07-2016,04,05,06,07,08,09,10,12,14,19,20,22,24,25,
13-07-2016,01,08,09,11,12,14,15,16,17,18,19,20,22,23,
17-07-2016,02,03,04,06,09,10,11,12,13,16,17,20,21,25,
20-07-2016,02,03,04,06,08,09,10,11,16,17,21,22,23,24,
24-07-2016,01,02,05,07,11,13,17,18,19,20,21,22,24,25,
27-07-2016,02,03,04,06,07,10,11,12,14,15,18,21,22,23,
31-07-2016,02,03,05,06,07,08,09,11,13,17,19,20,21,23,
03-08-2016,01,02,04,05,10,11,12,13,15,16,20,21,22,24,
07-08-2016,03,05,07,08,10,13,15,16,18,20,21,22,24,25,
10-08-2016,01,03,05,06,07,13,15,17,18,19,20,21,24,25,
14-08-2016,01,05,06,08,09,10,11,14,18,19,20,21,23,25,
17-08-2016,02,03,04,07,08,09,10,12,16,19,20,22,24,25,
21-08-2016,01,03,04,05,06,07,08,11,13,14,16,19,21,25,
24-08-2016,01,07,08,09,10,11,16,18,19,20,21,22,24,25,
28-08-2016,01,02,03,04,05,08,09,13,15,18,20,22,24,25,
31-08-2016,03,04,05,07,08,09,10,13,18,20,21,22,23,25,
04-09-2016,02,04,07,08,09,15,16,17,19,20,22,23,24,25,
07-09-2016,02,03,04,05,06,08,09,10,12,15,17,20,22,25,
11-09-2016,02,04,06,07,08,10,12,13,14,18,19,20,21,24,
14-09-2016,03,04,05,06,08,09,10,13,14,16,19,20,21,23,
18-09-2016,03,06,07,08,10,11,12,13,17,19,20,21,24,25,
21-09-2016,01,02,03,04,05,08,09,10,12,13,15,16,20,24,
25-09-2016,02,06,08,09,11,12,15,16,17,20,21,22,23,24,
28-09-2016,03,05,07,08,09,11,14,17,18,19,20,21,22,23,
02-10-2016,01,02,03,06,07,08,09,10,13,14,16,19,22,24,
05-10-2016,01,03,04,05,09,10,13,15,16,17,18,20,22,24,
09-10-2016,01,03,04,05,08,10,11,14,17,19,21,22,23,25,
12-10-2016,01,03,04,05,08,09,10,11,16,18,20,22,23,25,
16-10-2016,01,02,04,06,07,09,10,12,16,18,19,21,22,25,
19-10-2016,01,02,08,09,12,14,15,16,17,19,21,22,23,25,
23-10-2016,01,02,04,06,09,11,13,16,18,19,20,23,24,25,
26-10-2016,01,02,05,07,08,09,10,11,13,14,16,18,22,24,
30-10-2016,01,03,04,06,07,08,09,10,12,14,18,19,21,22,
02-11-2016,01,02,03,05,07,13,14,16,18,19,20,21,22,23,
06-11-2016,01,02,03,04,05,06,08,11,13,14,16,18,22,24,
09-11-2016,02,05,06,07,08,09,13,14,16,17,18,19,22,24,
13-11-2016,01,02,04,05,06,07,13,14,16,17,19,20,22,24,
16-11-2016,01,02,05,06,07,11,15,16,18,19,20,21,22,24,
20-11-2016,01,02,05,06,08,11,12,13,14,16,17,18,23,24,
23-11-2016,01,04,05,06,07,09,10,11,12,13,17,19,22,25,
27-11-2016,02,03,04,05,07,09,11,13,14,16,18,19,22,24,
30-11-2016,04,05,06,07,08,10,11,12,13,15,17,19,20,24,
04-12-2016,02,03,04,05,07,08,09,10,12,16,18,19,22,23,
07-12-2016,01,04,07,08,09,12,13,15,16,18,20,21,23,24,
11-12-2016,01,02,03,04,05,06,07,10,11,14,16,20,22,25,
14-12-2016,01,03,04,05,07,08,09,10,11,12,13,16,20,25,
18-12-2016,01,02,03,05,07,09,10,12,15,18,19,20,24,25,
21-12-2016,01,02,04,06,08,13,14,15,17,18,20,22,23,24,
25-12-2016,01,02,03,04,05,06,10,12,14,16,17,18,22,25,
28-12-2016,01,03,05,07,08,09,12,14,15,18,19,21,24,25,
01-01-2017,01,03,05,06,07,08,10,12,15,16,17,18,20,25,
04-01-2017,01,04,05,06,09,10,13,14,15,19,20,21,23,25,
08-01-2017,03,04,05,07,09,11,14,16,17,18,20,21,22,25,
11-01-2017,01,03,05,06,07,08,10,11,13,14,15,16,18,19,
15-01-2017,01,02,04,05,06,08,09,10,14,15,19,21,22,24,
18-01-2017,02,04,05,08,09,10,11,14,15,18,20,22,23,24,
22-01-2017,02,03,06,08,09,10,13,14,16,19,20,21,22,23,
25-01-2017,01,02,03,07,08,10,11,14,16,17,21,22,23,24,
29-01-2017,03,04,05,06,07,08,09,10,11,12,14,23,24,25,
01-02-2017,05,06,08,09,10,11,12,13,14,17,20,21,23,25,
05-02-2017,02,03,04,05,06,09,13,16,17,18,19,20,23,25,
08-02-2017,01,02,03,05,06,09,10,11,12,13,14,15,19,21,
12-02-2017,02,03,05,07,08,09,15,17,18,19,20,21,22,25,
15-02-2017,05,07,08,09,10,12,13,14,15,17,18,19,22,25,
19-02-2017,02,05,06,07,08,09,10,12,15,16,18,19,20,25,
22-02-2017,01,02,04,05,06,07,09,10,11,14,15,21,22,25,
26-02-2017,01,02,07,08,10,11,12,14,15,16,18,19,22,25,
01-03-2017,02,03,05,06,08,11,13,15,17,18,19,21,22,23,
05-03-2017,02,03,04,05,06,08,09,12,13,16,17,18,20,23,
08-03-2017,04,05,06,07,08,09,12,13,16,18,19,20,23,25,
12-03-2017,02,03,05,06,07,08,10,14,15,17,18,19,22,23,
15-03-2017,02,03,08,10,11,12,13,14,17,20,21,22,23,24,
19-03-2017,02,04,07,08,11,13,14,16,18,19,20,21,22,25,
22-03-2017,02,03,05,06,07,11,12,13,14,17,18,19,23,25,
26-03-2017,02,04,07,08,09,10,11,16,17,18,19,20,22,25,
29-03-2017,01,02,04,06,07,08,12,15,17,19,20,21,23,24,
02-04-2017,02,05,06,07,08,11,12,13,15,16,19,21,22,23,
05-04-2017,01,02,05,07,08,09,11,13,16,17,19,22,24,25,
09-04-2017,01,03,05,06,09,10,11,13,14,17,18,19,23,24,
12-04-2017,05,06,07,12,13,15,16,17,18,19,21,22,23,25,
16-04-2017,04,05,06,11,13,15,16,17,18,19,20,21,22,23,
19-04-2017,01,02,04,05,06,07,09,10,16,19,21,23,24,25,
23-04-2017,01,05,06,07,10,12,13,14,15,16,17,20,21,25,
26-04-2017,01,06,07,09,10,11,13,14,15,18,20,21,23,24,
30-04-2017,01,02,04,05,07,08,10,12,14,16,17,19,21,25,
03-05-2017,01,02,03,04,05,09,11,15,18,19,22,23,24,25,
07-05-2017,01,03,06,08,09,11,13,14,16,18,20,21,22,25,
10-05-2017,01,03,04,05,06,07,09,10,11,13,15,16,18,22,
14-05-2017,01,02,04,05,07,08,10,12,15,17,20,22,23,24,
17-05-2017,02,04,07,08,09,10,13,14,15,17,19,20,23,24,
21-05-2017,02,03,06,08,09,12,13,14,15,16,17,19,21,23,
24-05-2017,03,05,06,07,11,13,14,17,18,19,21,22,24,25,
28-05-2017,01,03,05,06,07,08,09,14,15,16,17,18,21,24,
31-05-2017,02,03,05,06,08,10,13,14,15,17,18,19,22,24,
04-06-2017,01,02,03,07,10,11,12,13,14,15,16,17,21,22,
07-06-2017,01,04,05,06,08,09,11,13,15,19,20,22,23,25,
11-06-2017,01,03,05,06,07,08,09,11,12,13,14,17,22,25,
14-06-2017,01,04,07,08,11,12,14,15,16,18,21,22,23,25,
18-06-2017,04,05,06,07,08,10,11,12,14,15,17,18,21,23,
21-06-2017,01,02,03,04,07,09,11,13,15,18,19,20,21,25,
25-06-2017,01,02,03,06,08,09,11,15,16,18,21,23,24,25,
28-06-2017,01,02,03,05,07,08,10,12,16,19,21,22,23,25,
02-07-2017,01,04,05,07,08,09,11,16,17,18,19,21,22,23,
05-07-2017,02,03,07,09,10,11,15,16,17,18,19,20,21,24,
09-07-2017,02,03,04,05,07,08,12,13,14,16,18,21,22,25,
12-07-2017,02,04,07,08,09,12,15,16,18,20,21,23,24,25,
16-07-2017,03,04,07,09,10,13,14,15,16,17,18,20,24,25,
19-07-2017,01,02,03,04,06,07,08,11,12,13,14,16,17,19,
23-07-2017,01,02,03,04,06,07,09,13,14,15,17,18,20,24,
26-07-2017,01,02,09,11,12,13,14,15,17,18,19,20,23,24,
30-07-2017,02,03,04,06,10,11,15,17,18,19,20,23,24,25,
02-08-2017,01,02,04,05,10,14,15,16,17,20,21,22,24,25,
06-08-2017,01,02,03,06,07,08,10,13,15,20,21,23,24,25,
09-08-2017,03,04,05,08,09,10,11,12,18,19,20,21,23,25,
13-08-2017,02,03,05,08,09,11,12,13,18,19,20,21,22,25,
16-08-2017,04,06,08,09,10,12,16,17,18,20,21,22,23,24,
20-08-2017,01,02,04,06,10,11,12,14,17,18,19,22,23,24,
23-08-2017,03,05,06,07,08,10,13,16,18,19,20,22,23,24,
27-08-2017,01,02,03,06,07,11,13,14,15,20,21,22,23,24,
30-08-2017,03,04,05,07,08,10,12,13,14,16,19,23,24,25,
03-09-2017,01,03,05,07,08,10,11,12,13,15,17,23,24,25,
06-09-2017,01,02,04,08,10,11,12,13,15,16,21,22,23,24,
10-09-2017,01,02,05,06,07,08,11,16,17,18,19,22,23,25,
13-09-2017,02,05,06,07,08,09,10,14,15,17,19,21,23,25,
17-09-2017,01,02,04,06,07,08,10,15,17,18,20,21,22,24,
20-09-2017,01,02,03,05,08,10,12,13,14,16,18,19,20,23,
24-09-2017,01,03,05,06,08,11,13,15,17,18,21,23,24,25,
27-09-2017,01,03,04,05,06,07,08,11,15,16,17,18,19,25,
01-10-2017,01,02,03,04,05,08,10,12,13,15,19,20,21,25,
04-10-2017,01,03,05,06,08,09,12,17,18,19,21,22,24,25,
08-10-2017,01,02,03,05,07,09,11,12,13,15,16,18,19,23,
11-10-2017,02,03,04,06,08,09,10,11,12,14,15,17,19,24,
15-10-2017,01,02,04,06,07,08,10,11,12,13,18,19,24,25,
18-10-2017,01,03,04,05,07,09,10,13,16,18,19,20,24,25,
22-10-2017,02,04,06,07,10,11,12,14,15,17,19,22,23,25,
25-10-2017,02,05,09,12,15,16,17,18,19,20,21,22,23,25,
29-10-2017,01,04,05,06,08,12,13,14,15,17,19,21,22,25,
01-11-2017,01,02,03,05,06,07,08,15,16,18,21,22,23,24,
05-11-2017,01,04,06,07,08,09,10,11,14,15,16,19,22,24,
08-11-2017,01,02,03,04,05,06,07,09,11,13,15,16,22,24,
12-11-2017,01,03,04,05,08,09,10,12,13,15,16,17,21,23,
15-11-2017,01,04,05,06,07,11,12,13,15,18,19,20,21,23,
19-11-2017,02,03,06,08,10,11,13,15,16,19,21,23,24,25,
22-11-2017,01,04,05,06,07,10,11,12,13,14,20,22,24,25,
26-11-2017,01,03,05,06,10,11,13,14,15,16,19,20,22,23,
29-11-2017,01,04,06,07,08,10,11,13,15,17,19,20,21,24,
03-12-2017,01,02,03,04,07,08,10,13,15,16,19,21,22,24,
06-12-2017,01,02,03,05,06,08,11,12,13,14,16,18,21,24,
10-12-2017,01,03,04,06,08,09,11,13,14,18,19,22,23,25,
13-12-2017,02,04,05,07,09,10,11,13,14,17,18,20,22,25,
17-12-2017,05,08,10,11,12,13,14,15,17,18,20,21,22,23,
20-12-2017,01,04,07,09,10,11,12,13,16,17,18,21,23,25,
24-12-2017,01,03,04,05,10,13,17,18,19,20,22,23,24,25,
27-12-2017,03,04,05,06,09,10,12,14,15,17,18,23,24,25,
31-12-2017,03,04,06,07,08,09,11,13,16,18,19,20,21,23,
03-01-2018,03,04,07,09,10,12,14,17,18,19,20,22,24,25,
07-01-2018,01,02,04,06,08,11,12,13,16,17,19,20,22,24,
10-01-2018,02,03,06,07,09,10,11,12,13,17,20,21,22,24,
14-01-2018,01,02,03,08,10,12,13,17,18,20,21,22,24,25,
17-01-2018,03,04,06,07,08,09,11,17,18,21,22,23,24,25,
21-01-2018,04,06,10,11,12,13,15,16,17,18,19,20,21,23,
24-01-2018,02,03,04,05,07,11,12,13,14,15,16,17,18,19,
28-01-2018,01,02,04,05,10,12,14,15,17,19,20,23,24,25,
31-01-2018,01,02,06,07,08,10,11,12,13,14,18,19,21,22,
04-02-2018,01,02,03,05,06,11,12,13,17,20,21,23,24,25,
07-02-2018,04,05,06,08,11,12,15,17,19,21,22,23,24,25,
11-02-2018,02,03,04,05,06,10,11,12,13,16,20,22,23,25,
14-02-2018,02,06,07,08,09,10,13,14,18,19,20,22,23,25,
18-02-2018,02,04,05,10,11,13,15,16,17,18,19,21,22,24,
21-02-2018,01,02,03,06,07,12,13,14,17,18,19,21,23,24,
25-02-2018,03,04,05,06,09,10,11,13,14,15,20,22,23,25,
28-02-2018,03,05,08,11,12,14,16,17,19,20,21,22,23,24,
04-03-2018,01,02,03,04,05,07,08,09,10,15,16,19,20,24,
07-03-2018,01,04,05,06,10,11,12,17,18,19,21,22,24,25,
11-03-2018,02,03,04,06,09,13,16,17,18,19,20,21,23,24,
14-03-2018,01,02,03,05,06,11,12,15,19,20,21,22,24,25,
18-03-2018,01,03,07,08,10,11,12,13,14,15,19,20,21,25,
21-03-2018,03,04,05,06,07,12,13,14,15,18,19,22,23,24,
25-03-2018,01,02,04,06,10,12,14,15,17,19,20,22,23,24,
28-03-2018,01,02,05,06,08,10,11,12,15,17,20,21,23,24,
01-04-2018,02,06,07,09,10,11,13,14,18,19,20,21,22,24,
04-04-2018,03,04,07,08,10,11,12,13,15,16,17,18,20,21,
08-04-2018,03,04,06,07,10,14,15,17,18,19,20,21,22,24,
11-04-2018,05,06,07,08,10,13,14,15,16,20,21,22,24,25,
15-04-2018,02,04,05,06,09,10,14,17,18,20,21,23,24,25,
18-04-2018,02,03,04,07,09,10,11,12,13,15,18,19,20,21,
22-04-2018,01,03,07,08,11,12,14,15,16,20,21,22,23,25,
25-04-2018,01,05,07,08,10,11,12,13,16,20,21,23,24,25,
29-04-2018,01,04,08,09,10,12,14,16,17,19,20,22,23,24,
02-05-2018,01,03,04,06,07,08,09,10,12,14,15,18,21,24,
06-05-2018,02,03,05,07,08,09,11,15,16,17,18,20,21,23,
09-05-2018,02,04,05,08,10,11,12,13,15,16,18,19,24,25,
13-05-2018,05,06,09,10,11,12,13,14,16,18,22,23,24,25,
16-05-2018,01,05,06,07,08,09,11,12,13,15,20,22,23,24,
20-05-2018,02,04,05,07,09,13,14,15,16,18,21,23,24,25,
23-05-2018,01,02,03,04,06,07,08,11,13,18,19,21,23,24,
27-05-2018,02,03,04,05,06,07,08,09,10,11,14,16,19,25,
30-05-2018,01,03,04,05,07,10,12,13,15,18,21,22,23,24,
03-06-2018,01,03,04,06,08,10,11,12,18,19,21,22,24,25,
06-06-2018,01,02,03,04,06,09,10,12,14,16,17,23,24,25,
10-06-2018,01,02,03,08,09,10,12,13,14,15,16,21,22,23,
13-06-2018,01,02,03,05,06,07,08,09,10,16,21,22,23,25,
17-06-2018,02,03,04,07,08,09,10,11,14,17,20,21,22,25,
20-06-2018,01,05,06,08,09,12,13,15,16,18,21,22,24,25,
24-06-2018,02,05,07,09,10,12,13,15,20,21,22,23,24,25,
27-06-2018,01,03,04,07,10,11,12,13,14,15,16,20,23,25,
01-07-2018,01,03,06,08,10,12,13,15,16,20,21,22,23,24,
04-07-2018,03,04,05,06,08,12,13,15,17,18,21,22,23,25,
08-07-2018,02,03,04,05,08,09,12,13,14,16,17,18,19,21,
11-07-2018,03,05,09,10,11,12,13,15,16,17,18,22,23,24,
15-07-2018,04,05,06,09,10,11,12,13,14,16,17,19,20,23,
18-07-2018,01,03,05,06,07,09,10,12,13,14,15,22,23,25,
22-07-2018,01,02,04,05,07,08,12,15,16,17,18,20,24,25,
25-07-2018,01,02,04,05,08,10,12,14,16,18,19,21,24,25,
29-07-2018,02,06,07,08,10,13,15,16,17,19,20,21,22,24,
01-08-2018,01,03,05,06,10,11,12,15,16,17,19,21,24,25,
05-08-2018,01,03,04,05,06,08,09,12,18,19,20,21,23,24,
08-08-2018,01,02,03,05,06,07,09,10,11,12,15,20,21,24,
12-08-2018,01,02,03,06,07,09,13,16,18,20,21,23,24,25,
15-08-2018,01,04,06,10,11,12,13,14,16,17,18,21,24,25,
19-08-2018,02,04,06,09,10,11,12,14,15,20,21,22,23,25,
22-08-2018,03,04,07,09,10,11,12,13,14,16,17,18,22,24,
26-08-2018,04,05,06,07,08,09,12,13,14,15,18,20,24,25,
29-08-2018,02,03,04,06,09,13,15,17,18,19,21,22,23,24,
02-09-2018,03,04,05,06,09,10,11,13,14,15,16,21,22,23,
05-09-2018,02,03,04,06,09,10,11,13,14,16,17,20,21,25,
09-09-2018,03,04,05,07,12,13,14,15,16,18,19,21,22,24,
12-09-2018,01,02,04,08,09,13,14,15,18,19,20,22,23,25,
16-09-2018,03,05,08,09,11,13,15,16,17,18,19,21,24,25,
19-09-2018,06,09,10,12,15,16,17,19,20,21,22,23,24,25,
23-09-2018,02,03,05,06,08,11,13,14,15,18,19,20,24,25,
26-09-2018,02,03,04,06,07,08,13,15,16,20,21,22,23,25,
30-09-2018,02,04,05,10,11,12,13,16,17,18,19,20,24,25,
03-10-2018,02,03,05,08,09,10,11,13,14,16,18,19,21,24,
07-10-2018,02,04,05,06,07,09,10,13,17,18,20,21,23,24,
10-10-2018,01,03,05,06,08,09,10,11,12,15,16,20,24,25,
14-10-2018,02,04,07,10,11,12,15,16,17,18,19,21,23,25,
17-10-2018,02,03,05,08,09,13,14,15,16,20,21,23,24,25,
21-10-2018,01,02,03,04,05,06,08,10,11,14,16,17,22,23,
24-10-2018,01,02,06,07,08,09,12,13,14,18,19,22,24,25,
28-10-2018,02,04,05,06,10,13,15,17,18,19,20,21,22,25,
31-10-2018,01,03,04,07,08,09,13,16,17,19,21,22,23,24,
04-11-2018,01,02,04,06,07,10,11,14,16,17,18,22,23,25,
07-11-2018,03,05,07,09,10,12,13,16,17,18,19,20,23,24,
11-11-2018,02,03,05,06,08,12,13,14,16,17,19,23,24,25,
14-11-2018,02,03,04,05,06,07,10,14,18,19,21,22,24,25,
18-11-2018,01,02,03,05,06,09,10,12,13,14,18,20,21,23,
21-11-2018,02,05,06,08,09,10,11,12,14,17,18,21,23,24,
25-11-2018,01,03,05,09,10,11,15,17,18,19,20,22,24,25,
28-11-2018,04,05,07,08,09,10,13,14,17,18,19,22,23,24,
02-12-2018,01,02,03,04,07,11,12,15,18,20,21,22,23,24,
05-12-2018,01,04,05,06,09,10,11,12,14,20,21,22,23,24,
09-12-2018,01,03,04,05,06,08,10,12,16,19,20,21,23,24,
12-12-2018,01,02,05,07,10,12,13,16,17,19,20,22,23,24,
16-12-2018,01,03,04,05,07,09,10,12,13,14,17,18,19,23,
19-12-2018,01,02,03,05,06,07,08,10,11,15,20,21,24,25,
23-12-2018,01,03,04,05,06,07,13,15,16,17,18,19,24,25,
26-12-2018,01,02,04,07,09,10,11,14,15,16,19,20,21,22,
30-12-2018,01,02,03,05,06,09,12,14,16,19,21,22,23,25,
02-01-2019,01,02,04,07,10,12,15,16,17,18,21,22,24,25,
06-01-2019,01,03,04,05,06,07,12,14,17,19,21,22,23,24,
09-01-2019,01,03,05,06,08,09,12,13,14,16,18,20,22,25,
13-01-2019,05,06,09,11,12,14,15,16,17,20,21,22,23,24,
16-01-2019,01,02,04,07,08,11,14,15,16,17,18,19,22,25,
20-01-2019,01,02,03,06,07,08,10,12,13,17,21,22,24,25,
23-01-2019,01,02,03,08,12,14,15,17,18,19,20,21,22,24,
27-01-2019,01,03,04,05,07,08,09,11,15,18,19,20,21,23,
30-01-2019,01,06,07,08,09,10,12,13,18,19,20,22,24,25,
03-02-2019,01,03,05,06,07,09,11,12,18,19,21,22,23,24,
06-02-2019,02,04,05,08,10,11,12,13,15,17,18,19,20,22,
10-02-2019,01,03,05,06,07,08,09,10,11,12,14,17,22,23,
13-02-2019,02,03,06,07,11,14,15,18,19,20,21,22,23,25,
17-02-2019,01,02,05,06,11,13,14,15,17,19,21,23,24,25,
20-02-2019,01,07,08,09,10,11,12,13,14,16,17,18,19,22,
24-02-2019,01,02,07,09,10,11,16,18,19,20,21,22,24,25,
27-02-2019,03,04,05,07,08,09,10,12,16,17,19,20,21,23,
03-03-2019,01,02,05,08,11,13,14,15,16,17,19,21,22,25,
06-03-2019,01,04,06,08,10,11,12,15,16,17,20,21,22,25,
10-03-2019,02,03,04,06,10,13,15,17,18,19,20,22,24,25,
13-03-2019,01,03,04,05,07,11,12,13,14,15,19,20,21,24,
17-03-2019,01,02,05,07,09,11,15,18,19,20,21,22,24,25,
20-03-2019,01,03,04,06,07,08,09,10,11,12,13,14,18,25,
24-03-2019,02,03,05,06,07,10,12,13,16,20,21,22,23,25,
27-03-2019,02,04,05,07,09,11,14,16,18,19,22,23,24,25,
31-03-2019,03,04,07,08,09,10,11,12,13,16,19,21,23,24,
03-04-2019,01,05,06,08,09,11,15,19,20,21,22,23,24,25,
07-04-2019,03,05,08,09,10,12,15,17,18,19,20,22,23,25,
10-04-2019,02,03,05,06,07,08,09,12,13,15,17,20,21,23,
14-04-2019,01,02,03,05,07,09,11,14,15,17,18,19,21,23,
17-04-2019,01,02,04,09,10,11,12,14,15,17,18,19,21,25,
21-04-2019,01,02,03,06,07,10,13,14,15,16,17,19,22,25,
24-04-2019,03,04,05,06,08,10,11,12,13,15,16,17,19,20,
28-04-2019,01,03,05,06,07,08,14,17,19,20,21,22,23,24,
01-05-2019,03,04,06,07,09,10,13,14,16,17,21,22,23,24,
05-05-2019,01,03,05,06,08,10,11,13,14,15,20,22,23,24,
08-05-2019,03,04,05,06,08,11,14,15,16,18,21,23,24,25,
12-05-2019,01,03,05,06,07,08,10,11,12,14,15,18,19,21,
15-05-2019,01,05,06,07,08,09,12,14,15,18,19,21,24,25,
19-05-2019,01,02,04,05,08,11,13,14,15,17,21,23,24,25,
22-05-2019,02,04,05,06,08,09,10,11,12,15,18,21,23,25,
26-05-2019,01,03,04,06,07,10,12,13,14,16,20,22,24,25,
29-05-2019,01,02,03,06,07,08,10,11,13,14,16,18,19,21,
02-06-2019,01,02,03,04,06,07,08,12,16,17,18,19,20,23,
05-06-2019,03,04,06,10,12,13,15,16,17,19,20,21,22,23,
09-06-2019,01,04,06,07,08,09,10,11,13,15,17,19,23,25,
12-06-2019,02,03,05,06,07,09,10,12,13,16,18,20,23,24,
16-06-2019,01,02,03,05,07,08,12,14,16,17,18,19,20,23,
19-06-2019,02,03,06,08,09,10,12,14,16,17,18,21,22,24,
23-06-2019,03,04,06,12,13,14,16,18,19,21,22,23,24,25,
26-06-2019,01,02,03,05,07,10,13,14,15,16,19,22,23,24,
30-06-2019,02,05,07,08,09,11,12,14,15,16,17,20,22,23,
03-07-2019,02,03,05,08,09,10,11,15,16,18,19,21,23,24,
07-07-2019,02,03,07,08,09,10,13,14,15,17,18,21,23,24,
10-07-2019,03,06,09,10,13,15,16,17,19,20,22,23,24,25,
14-07-2019,02,03,04,05,09,15,16,17,19,20,21,23,24,25,
17-07-2019,01,02,03,10,11,12,13,14,15,16,17,21,23,25,
21-07-2019,02,03,05,07,11,12,13,14,16,18,20,22,24,25,
24-07-2019,03,04,05,06,07,08,13,15,16,17,19,21,22,24,
28-07-2019,01,02,05,06,07,08,11,15,16,17,18,21,22,25,
31-07-2019,02,04,06,08,11,13,14,16,18,20,21,23,24,25,
04-08-2019,02,03,04,05,07,08,09,10,14,16,20,21,23,25,
07-08-2019,02,04,06,08,09,10,11,14,15,17,18,20,22,25,
11-08-2019,01,03,04,09,10,11,12,14,15,16,17,19,20,23,
14-08-2019,02,03,04,05,06,09,11,12,16,19,20,22,23,25,
18-08-2019,01,02,03,05,06,07,12,14,15,18,20,22,24,25,
21-08-2019,03,06,07,08,10,11,13,14,15,16,18,20,23,25,
25-08-2019,01,02,04,07,08,10,11,12,18,19,20,23,24,25,
28-08-2019,02,03,05,06,08,09,10,11,13,17,19,21,23,24,
01-09-2019,01,04,05,06,07,08,12,13,14,15,16,17,19,25,
04-09-2019,01,03,04,06,08,12,15,16,17,18,20,23,24,25,
08-09-2019,01,02,03,04,05,08,11,12,13,15,17,20,21,24,
11-09-2019,02,04,05,07,09,10,11,13,14,15,18,19,20,21,
15-09-2019,01,04,07,08,09,11,14,15,17,20,21,22,24,25,
18-09-2019,02,04,06,07,10,13,15,16,17,18,19,20,22,24,
22-09-2019,05,07,08,10,12,17,18,19,20,21,22,23,24,25,
25-09-2019,01,02,05,06,08,13,14,15,16,17,18,19,22,25,
29-09-2019,01,05,08,09,11,12,15,16,17,18,20,21,22,25,
02-10-2019,01,03,05,07,08,10,13,15,17,18,21,22,23,25,
06-10-2019,03,04,05,06,07,09,11,14,17,18,19,20,22,23,
09-10-2019,04,05,06,07,08,10,11,12,13,15,16,17,22,24,
13-10-2019,01,03,07,10,11,12,13,15,16,18,19,20,21,25,
16-10-2019,01,02,04,08,09,12,14,15,17,18,19,20,23,24,
20-10-2019,01,02,03,05,11,13,14,15,16,18,19,22,24,25,
23-10-2019,03,05,06,09,10,11,13,15,16,17,19,21,23,25,
27-10-2019,02,03,05,07,09,12,13,14,17,18,19,23,24,25,
30-10-2019,02,03,05,06,07,08,09,10,13,16,17,19,24,25,
03-11-2019,01,02,06,07,09,11,14,15,18,20,22,23,24,25,
06-11-2019,01,02,05,06,07,08,10,11,13,16,18,21,23,25,
10-11-2019,01,02,03,06,07,09,11,13,15,21,22,23,24,25,
13-11-2019,01,05,07,08,10,11,14,16,17,18,19,21,22,25,
17-11-2019,02,03,05,08,10,13,15,16,17,18,19,20,22,24,
20-11-2019,02,05,06,08,11,12,13,14,15,16,18,19,20,24,
24-11-2019,01,03,04,07,10,13,14,15,16,17,18,22,23,24,
27-11-2019,04,05,07,08,09,10,13,14,16,19,20,23,24,25,
01-12-2019,01,03,04,06,07,09,11,13,16,18,19,20,21,22,
04-12-2019,01,02,03,04,05,06,08,09,10,12,14,15,19,23,
08-12-2019,02,03,04,05,06,08,10,13,14,18,20,21,24,25,
11-12-2019,01,04,06,07,09,10,11,13,14,16,18,20,21,24,
15-12-2019,02,03,04,05,07,08,09,10,11,14,15,16,20,21,
18-12-2019,02,03,04,05,06,07,09,11,14,19,21,22,23,25,
22-12-2019,03,04,05,06,07,09,10,12,14,15,16,21,24,25,
25-12-2019,02,04,07,08,09,10,12,13,16,17,18,20,21,23,
29-12-2019,04,06,08,10,12,13,15,17,18,19,20,21,23,24,
01-01-2020,01,02,07,08,10,13,15,17,18,19,21,22,23,25,
05-01-2020,05,06,08,10,11,13,15,17,19,20,21,22,24,25,
08-01-2020,02,03,04,07,10,11,12,13,15,17,19,21,24,25,
12-01-2020,02,05,06,07,08,10,12,14,17,20,21,22,23,25,
15-01-2020,01,02,06,07,08,09,10,11,13,15,16,21,22,23,
19-01-2020,01,02,03,05,06,08,09,12,14,16,17,21,23,24,
22-01-2020,01,03,04,05,06,08,12,13,14,15,18,20,22,25,
26-01-2020,02,05,06,07,08,12,13,16,17,18,19,22,24,25,
29-01-2020,03,04,05,07,08,09,14,15,16,18,20,21,22,23,
02-02-2020,01,02,04,05,07,10,11,15,18,20,21,22,23,24,
05-02-2020,01,02,05,07,08,14,15,16,17,18,19,21,23,24,
09-02-2020,01,03,05,06,08,09,11,12,13,14,15,16,19,21,
12-02-2020,03,04,05,07,09,10,11,12,13,14,19,20,21,24,
16-02-2020,04,05,06,07,10,11,13,15,17,19,20,21,23,25,
19-02-2020,01,02,06,08,12,14,15,16,17,19,20,21,23,24,
23-02-2020,02,03,04,05,09,10,11,12,13,14,16,21,22,25,
26-02-2020,02,03,06,07,08,10,12,13,17,19,21,22,23,24,
01-03-2020,01,04,06,08,09,11,12,13,14,16,17,18,20,25,
04-03-2020,03,04,10,11,12,13,14,16,17,19,20,21,22,24,
08-03-2020,03,04,05,07,12,14,15,16,18,19,21,22,23,24,
11-03-2020,02,03,05,06,09,10,11,13,14,15,16,17,21,24,
13-03-2020,01,02,05,06,08,09,10,11,13,17,18,19,20,22,
15-03-2020,01,03,04,05,06,07,08,09,16,19,20,21,22,23,
18-03-2020,02,03,04,05,08,11,14,17,18,19,20,21,22,25,
20-03-2020,02,03,05,07,10,11,12,13,15,18,20,21,22,24,
22-03-2020,02,03,05,08,10,11,12,13,14,16,17,19,20,23,
25-03-2020,02,04,05,10,11,12,14,17,18,20,21,22,24,25,
27-03-2020,04,05,06,09,11,13,14,15,16,20,22,23,24,25,
29-03-2020,01,02,06,08,10,12,14,15,16,18,21,23,24,25,
01-04-2020,01,05,06,07,10,12,13,14,16,17,18,19,20,22,
03-04-2020,01,02,03,04,06,08,10,11,12,14,17,19,20,21,
05-04-2020,01,03,05,06,07,08,10,12,14,16,19,20,23,24,
08-04-2020,01,10,11,12,13,14,15,16,17,19,21,23,24,25,
10-04-2020,03,05,06,07,08,09,13,16,19,20,21,22,24,25,
12-04-2020,01,02,04,05,07,08,10,11,15,18,21,23,24,25,
15-04-2020,03,05,07,08,09,11,12,14,15,16,18,19,20,24,
17-04-2020,01,03,06,07,08,10,12,13,15,17,18,19,22,24,
19-04-2020,02,05,07,08,11,14,15,16,19,20,21,22,24,25,
22-04-2020,01,02,04,06,08,09,11,12,18,20,22,23,24,25,
24-04-2020,01,02,04,08,10,11,12,15,16,17,19,20,21,22,
26-04-2020,03,05,06,10,12,13,14,15,17,18,21,22,23,25,
29-04-2020,02,04,05,09,10,11,12,13,15,16,17,21,22,23,
01-05-2020,02,03,04,05,06,07,11,12,14,16,20,21,24,25,
03-05-2020,02,03,05,06,07,08,10,13,15,16,17,20,21,25,
06-05-2020,01,02,03,06,11,12,13,14,15,16,19,20,22,24,
08-05-2020,01,03,06,07,08,09,10,11,12,15,20,22,23,24,
10-05-2020,01,03,05,06,08,09,11,14,15,17,22,23,24,25,
13-05-2020,02,03,06,07,09,10,11,12,13,14,16,17,19,25,
15-05-2020,01,02,03,04,10,11,13,14,15,17,18,20,22,25,
17-05-2020,02,03,04,05,06,10,11,12,15,16,19,22,23,25,
20-05-2020,03,04,06,07,08,10,11,12,15,18,20,21,22,23,
22-05-2020,01,02,03,05,06,07,10,12,13,14,16,18,21,22,
24-05-2020,02,03,04,06,07,09,10,11,12,13,15,16,20,22,
27-05-2020,02,03,06,07,08,09,10,15,16,18,20,23,24,25,
29-05-2020,02,03,06,09,11,12,14,16,17,19,22,23,24,25,
31-05-2020,01,02,03,05,08,11,12,14,16,18,20,22,24,25,
03-06-2020,01,02,04,06,07,08,14,15,16,18,21,22,23,25,
05-06-2020,03,04,05,08,10,12,13,14,16,17,19,20,21,22,
07-06-2020,01,02,04,05,09,10,11,12,13,15,16,19,21,22,
10-06-2020,01,06,07,08,09,11,14,15,17,18,20,21,22,23,
12-06-2020,01,04,06,08,09,12,13,14,15,18,20,21,22,24,
14-06-2020,01,02,03,04,05,08,09,10,14,15,16,18,21,25,
17-06-2020,02,03,06,08,09,10,11,12,14,15,16,18,22,25,
19-06-2020,01,02,04,05,06,07,08,09,11,12,15,17,20,22,
21-06-2020,01,03,04,08,09,11,12,13,16,17,18,19,21,25,
24-06-2020,04,06,09,10,12,13,17,18,19,20,21,22,23,25,
26-06-2020,01,02,04,05,08,09,10,12,13,15,18,21,23,25,
28-06-2020,01,05,08,09,10,11,12,13,15,16,18,19,22,23,
01-07-2020,03,04,05,07,08,09,12,13,14,17,19,20,22,24,
03-07-2020,01,03,05,07,08,09,10,13,15,16,17,21,24,25,
05-07-2020,01,04,05,06,07,09,12,13,14,15,16,18,20,24,
08-07-2020,01,03,04,05,06,11,12,13,14,15,21,22,24,25,
10-07-2020,02,04,06,08,09,12,13,14,16,18,19,23,24,25,
12-07-2020,02,04,06,07,08,09,10,12,13,15,17,18,21,24,
15-07-2020,01,04,07,08,09,10,11,13,14,16,17,20,22,23,
17-07-2020,02,03,05,06,07,08,09,10,12,13,14,18,21,25,
19-07-2020,06,07,08,10,12,13,14,15,16,19,21,22,23,25,
22-07-2020,01,04,05,06,10,11,13,17,18,19,20,21,23,24,
24-07-2020,01,02,04,05,06,07,08,09,12,13,18,22,24,25,
26-07-2020,02,03,04,05,07,08,10,11,14,16,20,21,22,24,
29-07-2020,01,02,03,06,07,08,09,11,12,13,18,22,24,25,
31-07-2020,01,02,03,04,07,09,10,11,13,15,16,17,24,25,
02-08-2020,01,02,03,04,05,08,09,10,13,15,16,19,23,24,
05-08-2020,02,05,06,07,08,09,11,12,13,17,18,19,21,24,
07-08-2020,02,03,04,05,06,07,10,11,14,15,16,21,22,24,
09-08-2020,01,02,03,04,05,06,08,11,16,17,20,22,23,25,
12-08-2020,02,05,06,07,08,10,13,16,17,18,19,20,22,23,
14-08-2020,01,04,07,08,09,11,12,13,15,16,19,20,23,25,
16-08-2020,03,04,05,06,08,11,14,15,16,18,20,22,23,24,
19-08-2020,01,02,03,05,06,09,11,15,16,17,18,19,22,24,
21-08-2020,03,04,05,07,08,09,11,13,15,18,19,21,23,24,
23-08-2020,01,02,03,06,07,09,10,11,14,16,17,18,20,25,
26-08-2020,01,02,08,09,10,11,13,14,15,16,19,23,24,25,
28-08-2020,01,06,07,08,09,11,12,13,14,17,19,20,21,22,
30-08-2020,02,05,06,08,09,10,12,13,14,15,19,20,23,25,
02-09-2020,01,03,04,05,07,09,10,11,12,15,17,21,22,24,
04-09-2020,02,03,04,06,07,08,09,10,15,16,18,22,23,24,
06-09-2020,02,03,07,08,09,11,13,14,15,16,17,19,24,25,
09-09-2020,01,03,04,06,08,09,12,14,17,18,21,22,23,25,
11-09-2020,04,05,08,10,11,12,13,14,17,18,19,20,23,25,
13-09-2020,05,06,07,08,09,10,14,15,16,17,22,23,24,25,
16-09-2020,03,04,09,10,11,14,18,19,20,21,22,23,24,25,
18-09-2020,01,04,07,09,11,12,13,16,17,18,19,21,23,25,
20-09-2020,03,06,07,09,10,12,13,15,16,19,21,23,24,25,
23-09-2020,01,03,05,06,11,13,14,16,17,18,21,22,24,25,
25-09-2020,03,04,05,07,09,13,14,15,16,18,20,21,24,25,
27-09-2020,04,05,09,10,11,14,15,16,17,21,22,23,24,25,
30-09-2020,01,03,05,06,09,11,13,14,15,16,18,19,20,25,
02-10-2020,02,04,05,07,09,11,12,13,15,16,17,19,20,25,
04-10-2020,01,03,04,07,08,09,11,12,16,18,20,21,22,23,
07-10-2020,03,06,07,08,09,10,11,12,13,14,16,21,23,24,
09-10-2020,03,04,05,07,09,13,14,15,19,20,21,22,23,25,
11-10-2020,01,04,06,08,09,11,12,13,15,16,19,20,23,25,
14-10-2020,01,05,06,11,12,13,15,16,17,19,20,21,24,25,
16-10-2020,02,05,10,11,12,13,14,15,16,17,19,21,22,25,
18-10-2020,02,04,05,06,08,09,11,12,14,15,16,20,24,25,
21-10-2020,01,02,03,08,09,11,12,13,14,17,22,23,24,25,
23-10-2020,03,04,07,09,10,11,12,13,14,15,16,17,19,22,
25-10-2020,01,02,03,04,06,07,08,10,13,15,17,20,21,24,
28-10-2020,01,02,04,08,09,10,12,14,17,20,21,22,23,25,
30-10-2020,02,04,06,08,10,12,13,14,16,19,20,22,23,24,
01-11-2020,03,04,12,13,14,16,17,18,19,20,21,22,23,25,
04-11-2020,02,03,05,07,12,13,16,17,18,19,20,21,24,25,
06-11-2020,02,04,07,08,10,13,15,16,18,21,22,23,24,25,
08-11-2020,01,03,06,07,09,10,12,13,16,17,19,20,22,25,
11-11-2020,02,03,04,06,07,09,11,12,14,18,20,21,24,25,
13-11-2020,01,02,03,04,05,06,08,09,10,11,15,16,21,25,
15-11-2020,01,06,08,10,12,13,15,17,19,21,22,23,24,25,
18-11-2020,03,05,06,08,10,11,13,14,15,17,19,22,24,25,
20-11-2020,01,02,04,05,07,10,12,13,15,18,20,22,24,25,
22-11-2020,04,05,06,07,08,09,11,13,14,17,18,20,21,24,
25-11-2020,02,04,05,08,11,12,13,14,16,18,20,21,24,25,
27-11-2020,01,03,04,06,08,11,13,14,16,19,21,22,23,24,
29-11-2020,04,05,06,08,09,11,12,13,16,17,19,22,24,25,
02-12-2020,01,02,04,06,07,09,10,11,13,17,18,20,23,24,
04-12-2020,02,03,06,08,10,12,14,15,16,17,18,22,23,24,
06-12-2020,01,03,04,05,08,11,15,17,18,19,20,22,24,25,
09-12-2020,02,05,06,09,10,11,13,14,17,19,21,22,23,25,
11-12-2020,02,04,06,08,09,10,11,12,13,14,16,21,22,24,
13-12-2020,01,06,07,08,10,13,14,15,17,18,20,21,22,23,
16-12-2020,02,03,09,10,12,13,14,15,19,20,22,23,24,25,
18-12-2020,02,03,04,05,06,08,11,14,15,18,22,23,24,25,
20-12-2020,01,03,04,07,10,11,12,13,14,16,19,21,24,25,
23-12-2020,04,05,08,12,13,15,16,17,18,19,20,21,22,25,
25-12-2020,01,02,03,04,06,07,10,11,12,16,19,21,22,23,
27-12-2020,01,03,04,06,07,08,09,13,14,15,17,19,24,25,
30-12-2020,01,02,03,04,05,06,07,10,12,15,16,20,22,23,
01-01-2021,03,04,05,09,12,13,15,16,17,18,20,21,22,25,
03-01-2021,02,03,04,05,08,09,10,11,12,14,15,17,19,22,
06-01-2021,01,03,04,05,06,09,12,14,15,17,19,20,24,25,
08-01-2021,02,04,05,06,09,10,13,17,18,21,22,23,24,25,
10-01-2021,02,05,07,09,11,14,15,16,18,19,20,23,24,25,
13-01-2021,01,02,03,04,11,14,16,18,19,20,21,23,24,25,
15-01-2021,01,02,03,04,07,08,09,11,12,14,16,18,24,25,
17-01-2021,02,09,10,11,12,14,15,16,17,19,21,22,24,25,
20-01-2021,02,04,07,09,10,11,13,15,16,17,20,21,22,24,
22-01-2021,01,02,08,09,10,11,14,15,16,17,18,19,20,22,
24-01-2021,01,02,03,04,08,13,14,15,17,18,19,21,22,25,
27-01-2021,03,04,05,06,07,08,11,13,16,17,19,22,23,25,
29-01-2021,02,03,04,08,10,11,12,14,15,19,20,21,22,23,
31-01-2021,01,02,03,04,05,06,08,10,11,13,15,16,19,23,
03-02-2021,01,02,05,06,08,10,11,12,15,18,19,21,22,24,
05-02-2021,01,02,04,06,07,09,10,11,13,15,17,18,23,24,
07-02-2021,01,04,05,08,10,11,14,15,16,19,21,22,23,24,
10-02-2021,01,02,03,04,06,09,10,11,13,14,16,18,23,25,
12-02-2021,01,03,06,07,08,09,10,12,14,18,19,22,23,25,
14-02-2021,01,02,06,07,08,09,10,11,12,14,20,21,23,25,
17-02-2021,01,04,09,10,11,12,15,16,18,20,21,22,24,25,
19-02-2021,04,05,10,11,12,14,15,16,17,19,20,22,23,25,
21-02-2021,05,06,09,10,11,13,14,16,17,19,22,23,24,25,
24-02-2021,01,02,04,07,08,10,13,14,16,17,19,20,21,23,
26-02-2021,03,08,09,10,12,13,14,17,18,20,21,23,24,25,
28-02-2021,01,02,03,04,06,08,10,16,17,18,21,22,23,25,
03-03-2021,01,04,05,06,07,09,12,15,17,18,19,21,23,24,
05-03-2021,01,03,04,07,08,10,12,17,19,20,21,22,23,24,
07-03-2021,04,05,06,10,11,12,13,16,17,18,21,22,23,24,
10-03-2021,01,02,05,06,07,08,09,10,12,13,18,20,23,25,
12-03-2021,02,06,08,09,10,11,12,15,16,17,18,19,24,25,
14-03-2021,02,03,04,06,09,12,14,15,16,19,21,22,23,24,
17-03-2021,01,02,04,05,07,09,10,15,19,20,22,23,24,25,
19-03-2021,02,04,06,08,10,12,14,15,17,18,19,21,23,25,
21-03-2021,02,03,04,08,09,11,14,15,18,19,20,22,23,24,
24-03-2021,01,02,03,04,06,13,15,16,17,18,19,22,24,25,
26-03-2021,01,03,04,05,06,07,08,09,10,14,15,21,22,23,
28-03-2021,03,05,06,08,09,10,12,16,18,19,21,22,24,25,
31-03-2021,02,03,06,07,08,09,11,12,13,15,16,17,19,25,
02-04-2021,01,02,03,07,08,09,10,15,16,17,18,19,24,25,
04-04-2021,01,03,05,06,07,08,15,18,19,20,21,22,24,25,
07-04-2021,02,03,08,09,10,11,12,15,18,19,20,21,23,24,
09-04-2021,04,07,08,09,10,13,15,16,17,18,19,21,22,23,
11-04-2021,04,06,07,08,10,11,13,15,17,18,19,20,23,25,
14-04-2021,03,05,06,07,08,11,12,13,15,17,20,22,23,25,
16-04-2021,01,02,03,04,09,10,13,15,16,18,20,23,24,25,
18-04-2021,01,04,05,07,08,09,10,13,15,16,17,18,20,21,
21-04-2021,03,04,05,08,10,11,13,14,15,18,19,21,23,24,
23-04-2021,02,06,08,09,10,11,12,15,17,19,21,22,23,24,
25-04-2021,01,06,07,09,11,13,14,17,18,19,20,22,24,25,
28-04-2021,01,02,04,05,06,09,12,16,18,19,20,21,23,24,
30-04-2021,02,03,07,08,10,11,12,15,16,20,21,22,24,25,
02-05-2021,04,10,11,12,13,14,16,17,18,19,20,21,22,24,
05-05-2021,01,03,04,06,08,10,12,14,16,19,21,22,24,25,
07-05-2021,01,02,04,06,09,10,12,16,17,18,19,21,23,25,
09-05-2021,01,02,03,05,09,10,12,14,15,17,18,20,21,25,
12-05-2021,01,02,03,05,10,14,15,17,18,19,21,23,24,25,
14-05-2021,01,02,03,04,05,08,11,12,16,17,19,20,21,23,
16-05-2021,02,03,04,06,07,08,09,10,11,13,15,17,18,19,
19-05-2021,02,04,07,08,09,10,11,12,13,15,17,19,23,25,
21-05-2021,01,02,04,05,08,10,13,14,15,16,18,19,20,22,
23-05-2021,02,03,04,06,08,09,10,11,14,16,17,20,22,23,
26-05-2021,02,03,04,05,06,08,14,15,16,17,18,19,21,22,
28-05-2021,01,02,03,04,05,07,08,10,11,12,13,20,23,24,
30-05-2021,01,02,04,06,07,08,11,13,14,17,18,22,23,24,
02-06-2021,02,03,04,05,06,09,10,13,15,17,18,19,20,25,
04-06-2021,03,04,05,06,07,10,11,13,17,18,21,22,23,24,
06-06-2021,02,04,05,06,07,09,11,12,18,19,20,21,23,24,
09-06-2021,06,07,08,11,13,14,15,18,19,20,22,23,24,25,
11-06-2021,03,05,08,09,10,12,13,14,15,16,19,23,24,25,
13-06-2021,02,05,09,11,12,13,15,18,19,20,21,22,23,25,
16-06-2021,01,03,04,06,07,11,12,14,18,19,21,22,23,24,
18-06-2021,06,07,09,10,11,12,13,14,15,16,17,19,20,25,
20-06-2021,01,03,04,05,06,10,12,14,18,21,22,23,24,25,
23-06-2021,01,04,06,08,10,12,15,16,17,18,21,23,24,25,
25-06-2021,02,03,04,08,09,10,11,12,19,20,21,23,24,25,
27-06-2021,01,03,04,05,08,10,11,14,15,17,21,22,24,25,
30-06-2021,01,02,07,11,12,14,15,16,18,20,21,23,24,25,
02-07-2021,02,04,05,08,09,11,13,14,16,18,19,20,21,25,
04-07-2021,01,04,05,06,07,08,09,15,17,19,21,23,24,25,
07-07-2021,02,03,04,06,07,10,14,15,16,19,20,23,24,25,
09-07-2021,01,02,04,06,07,08,09,11,14,16,19,21,22,24,
11-07-2021,01,05,06,07,08,10,12,14,15,16,17,18,22,24,
14-07-2021,01,03,04,06,07,08,09,10,11,12,18,20,23,25,
16-07-2021,01,07,08,09,10,12,14,15,16,17,20,21,22,25,
18-07-2021,02,03,04,05,10,11,13,14,20,21,22,23,24,25,
21-07-2021,01,03,04,05,06,08,09,13,16,18,20,22,23,25,
23-07-2021,01,03,05,07,08,09,11,12,15,16,17,19,20,24,
25-07-2021,01,02,04,07,08,09,11,12,16,17,19,20,22,24,
28-07-2021,01,02,03,04,07,08,09,10,13,14,15,16,22,23,
30-07-2021,04,05,06,07,09,11,12,14,15,19,21,23,24,25,
01-08-2021,04,05,06,08,09,11,14,15,16,19,20,21,23,25,
04-08-2021,01,02,03,05,06,08,09,10,16,18,20,22,24,25,
06-08-2021,02,03,04,05,06,07,08,09,10,12,14,15,20,25,
08-08-2021,03,04,05,06,07,08,09,10,12,15,19,20,23,24,
11-08-2021,01,03,04,05,08,09,12,13,15,19,20,22,23,25,
13-08-2021,02,03,04,05,06,09,11,12,15,17,18,19,21,23,
15-08-2021,01,03,04,05,07,11,12,13,14,15,16,18,19,25,
18-08-2021,01,03,06,07,11,12,15,17,19,20,21,22,24,25,
20-08-2021,03,06,07,08,10,11,12,17,18,19,20,21,24,25,
22-08-2021,01,04,06,09,10,11,13,15,16,19,20,21,22,24,
25-08-2021,02,03,05,07,09,10,13,14,15,16,17,19,21,25,
27-08-2021,01,03,04,05,06,07,08,09,10,14,19,20,23,25,
29-08-2021,01,02,04,06,10,12,13,16,17,19,21,22,24,25,
01-09-2021,01,03,04,08,09,13,15,18,19,20,21,22,24,25,
03-09-2021,02,03,05,06,09,11,13,16,17,19,21,22,23,25,
05-09-2021,01,02,04,05,06,07,09,10,11,13,14,16,17,20,
08-09-2021,01,02,03,05,07,09,15,17,19,20,21,23,24,25,
10-09-2021,01,02,03,07,08,10,12,14,16,20,21,23,24,25,
12-09-2021,01,03,04,08,09,10,12,14,16,18,21,23,24,25,
15-09-2021,01,06,09,12,13,15,16,17,18,19,20,21,23,24,
17-09-2021,01,03,06,09,10,11,12,13,16,17,21,22,23,25,
19-09-2021,01,03,04,05,06,07,10,13,17,18,19,21,23,25,
22-09-2021,01,02,04,07,08,09,13,14,15,18,22,23,24,25,
24-09-2021,01,04,05,09,10,11,12,15,19,20,21,23,24,25,
26-09-2021,02,04,05,07,08,10,11,12,17,18,20,21,22,23,
29-09-2021,01,04,05,07,10,12,14,15,17,18,19,21,23,24,
01-10-2021,02,03,04,07,10,12,13,15,17,18,19,22,23,24,
03-10-2021,01,02,03,06,08,11,12,13,16,17,18,21,22,23,
06-10-2021,02,03,06,08,11,12,13,14,16,17,20,21,23,24,
08-10-2021,05,06,08,09,11,12,14,16,17,19,20,22,24,25,
10-10-2021,01,06,07,08,10,15,16,17,18,19,22,23,24,25,
13-10-2021,01,02,04,05,06,11,13,14,15,16,17,18,21,25,
15-10-2021,01,02,04,05,08,09,11,15,16,17,19,21,23,25,
17-10-2021,01,03,04,05,06,08,09,10,11,13,15,19,22,25,
20-10-2021,01,04,07,09,12,14,17,18,19,20,22,23,24,25,
22-10-2021,01,02,03,04,09,12,13,14,18,19,20,21,24,25,
24-10-2021,02,04,06,09,10,11,13,16,17,18,19,20,21,24,
27-10-2021,01,02,04,07,09,11,12,14,16,17,18,23,24,25,
29-10-2021,01,02,04,05,06,07,10,11,12,13,15,17,20,25,
31-10-2021,03,09,10,11,12,13,14,16,18,20,21,22,24,25,
03-11-2021,01,04,05,07,08,09,11,12,14,17,20,23,24,25,
05-11-2021,01,02,04,05,07,08,09,10,11,12,14,18,21,24,
07-11-2021,02,05,06,07,08,09,10,12,13,14,15,17,18,20,
10-11-2021,01,02,03,04,05,06,07,08,11,16,18,21,24,25,
12-11-2021,03,05,06,08,09,12,13,14,16,19,21,23,24,25,
14-11-2021,01,02,07,08,10,11,13,14,15,17,21,22,23,25,
17-11-2021,02,05,07,09,11,13,15,16,17,18,19,20,22,23,
19-11-2021,02,03,05,06,07,09,10,11,12,13,15,18,19,23,
21-11-2021,02,04,05,07,09,11,12,16,17,19,20,21,23,25,
24-11-2021,01,02,07,08,09,10,11,12,15,17,18,20,23,25,
26-11-2021,02,03,05,07,09,10,11,16,17,18,21,22,24,25,
28-11-2021,03,07,08,09,10,11,15,16,17,18,19,22,24,25,
01-12-2021,02,03,06,07,08,10,12,13,15,18,19,20,22,23,
03-12-2021,01,04,05,08,10,12,13,15,17,19,20,21,22,24,
05-12-2021,02,04,05,07,08,09,10,12,15,16,20,21,24,25,
08-12-2021,01,03,06,09,11,13,15,16,17,19,20,22,24,25,
10-12-2021,04,05,06,07,08,10,11,13,16,17,18,21,23,24,
12-12-2021,02,04,06,07,08,11,12,15,16,17,18,20,21,23,
15-12-2021,01,06,07,10,11,13,15,16,17,18,21,22,23,24,
17-12-2021,01,02,04,05,07,08,09,13,14,17,21,22,24,25,
19-12-2021,01,06,07,08,10,11,12,14,15,16,19,22,24,25,
22-12-2021,01,02,04,05,07,08,11,13,16,19,20,23,24,25,
24-12-2021,01,02,04,06,07,08,09,10,12,14,21,22,24,25,
26-12-2021,01,02,03,04,07,08,09,11,13,18,19,21,23,24,
29-12-2021,02,03,05,06,08,11,15,16,17,18,19,22,23,24,
31-12-2021,05,07,09,10,12,13,16,17,18,19,20,21,23,24,
02-01-2022,04,05,07,09,11,12,13,15,16,17,20,21,24,25,
05-01-2022,03,04,05,07,08,09,10,11,16,18,19,23,24,25,
07-01-2022,01,02,03,04,08,10,13,14,16,17,18,22,23,24,
09-01-2022,01,02,03,04,05,07,08,09,12,14,18,19,22,25,
12-01-2022,02,03,05,06,07,09,10,11,13,16,17,20,21,23,
14-01-2022,01,03,04,05,07,08,09,11,14,15,17,20,23,25,
16-01-2022,03,05,07,08,10,14,16,18,19,20,22,23,24,25,
19-01-2022,01,02,04,07,10,14,15,16,18,19,21,23,24,25,
21-01-2022,02,05,06,09,12,13,15,16,19,20,21,23,24,25,
23-01-2022,01,03,04,07,08,10,11,12,15,17,18,21,22,24,
26-01-2022,01,02,03,06,09,10,15,16,17,18,20,21,23,25,
28-01-2022,01,03,05,06,08,09,10,11,12,15,18,19,22,25,
30-01-2022,05,06,07,09,10,11,12,13,14,16,17,20,23,24,
02-02-2022,02,03,05,07,10,11,12,13,14,17,20,21,23,24,
04-02-2022,01,04,07,09,10,11,13,14,16,19,21,23,24,25,
06-02-2022,01,02,05,11,12,13,14,15,17,18,20,21,23,24,
09-02-2022,01,02,03,05,06,10,11,16,17,18,20,21,22,25,
11-02-2022,01,04,05,07,11,12,13,15,16,17,21,23,24,25,
13-02-2022,02,05,06,07,09,10,13,15,17,18,20,21,23,24,
16-02-2022,04,06,08,09,11,14,15,16,19,20,22,23,24,25,
18-02-2022,03,04,06,07,09,10,14,15,16,20,21,22,24,25,
20-02-2022,01,02,03,04,05,09,12,14,15,16,20,21,22,23,
23-02-2022,01,02,03,04,06,07,09,11,14,15,18,21,23,25,
25-02-2022,01,02,03,04,07,08,09,10,12,13,16,18,20,22,
27-02-2022,03,04,05,06,07,09,10,11,13,18,22,23,24,25,
02-03-2022,01,02,05,07,08,12,15,16,17,19,20,22,24,25,
04-03-2022,02,03,04,05,07,08,11,12,13,19,20,21,23,24,
06-03-2022,01,02,06,07,08,09,10,15,17,19,22,23,24,25,
09-03-2022,01,03,05,12,13,14,15,17,18,19,20,22,23,24,
11-03-2022,01,02,03,04,05,07,09,10,12,13,19,20,22,24,
13-03-2022,05,06,09,11,12,13,14,17,19,20,21,22,24,25,
16-03-2022,02,03,04,05,06,07,08,11,13,14,17,19,23,25,
18-03-2022,03,04,05,07,08,12,14,15,17,18,19,20,22,24,
20-03-2022,01,02,04,05,06,07,11,12,13,14,15,17,22,25,
23-03-2022,01,02,03,04,06,07,09,11,13,14,16,20,22,25,
25-03-2022,01,03,04,06,09,10,11,13,15,20,21,22,23,24,
27-03-2022,01,03,04,06,09,10,11,13,14,15,17,21,22,23,
30-03-2022,01,02,03,04,06,07,09,10,12,14,15,17,20,22,
01-04-2022,02,05,06,07,09,10,12,14,15,18,19,20,21,22,
03-04-2022,03,06,07,09,10,12,14,15,17,19,21,22,24,25,
06-04-2022,01,02,07,08,09,10,12,13,14,15,16,17,19,23,
08-04-2022,02,05,07,08,09,10,17,18,19,20,21,22,24,25,
10-04-2022,02,04,05,06,07,08,09,10,15,16,18,21,22,25,
13-04-2022,02,03,05,07,08,10,11,16,17,18,20,21,23,24,
15-04-2022,01,02,04,06,09,10,11,12,17,18,19,20,23,24,
17-04-2022,01,08,09,10,11,12,14,15,16,17,19,20,24,25,
20-04-2022,02,03,05,06,07,08,09,10,13,16,18,21,22,23,
22-04-2022,01,03,04,07,08,11,12,14,15,16,17,18,20,22,
24-04-2022,03,07,09,11,12,15,16,17,19,20,21,23,24,25,
27-04-2022,02,05,07,08,09,11,12,13,14,15,19,20,22,23,
29-04-2022,01,04,05,07,08,12,13,14,15,17,18,21,23,25,
01-05-2022,01,04,05,08,10,11,12,13,18,20,22,23,24,25,
04-05-2022,01,02,05,06,07,08,10,11,12,16,20,21,22,24,
06-05-2022,01,02,03,04,05,06,07,08,13,14,17,18,19,23,
08-05-2022,03,04,05,07,08,10,12,15,16,17,19,22,23,25,
11-05-2022,01,04,05,06,09,10,12,13,14,15,17,18,21,22,
13-05-2022,03,05,06,07,08,10,12,13,14,17,18,19,23,24,
15-05-2022,01,02,05,08,09,10,11,12,17,18,19,21,22,25,
18-05-2022,01,02,03,04,07,09,12,15,17,19,21,22,23,25,
20-05-2022,02,04,05,06,07,08,11,12,14,16,18,21,23,24,
22-05-2022,01,02,04,06,07,08,10,11,12,13,16,21,22,24,
25-05-2022,01,02,04,06,07,08,10,11,13,14,16,19,21,25,
27-05-2022,02,03,04,05,06,07,08,09,10,11,12,18,19,24,
29-05-2022,01,02,03,04,07,08,09,11,14,15,19,20,22,25,
01-06-2022,01,04,07,08,10,12,13,15,17,18,19,20,21,24,
03-06-2022,02,03,04,05,06,10,11,12,13,16,17,18,20,21,
05-06-2022,04,06,07,10,12,13,15,16,19,20,21,23,24,25,
08-06-2022,01,02,03,06,08,09,12,14,15,16,17,18,23,24,
10-06-2022,01,03,05,08,11,12,13,16,17,19,21,22,23,25,
12-06-2022,01,04,05,06,07,08,11,12,13,16,17,19,20,22,
15-06-2022,01,03,04,05,09,12,13,14,15,17,18,19,20,23,
17-06-2022,01,04,06,09,12,13,14,16,18,19,20,21,23,25,
19-06-2022,03,05,08,09,11,12,13,14,15,17,18,21,22,25,
22-06-2022,03,04,05,09,12,13,15,18,19,20,21,22,23,24,
24-06-2022,01,05,06,10,11,12,13,14,15,16,18,19,20,25,
26-06-2022,01,02,03,04,07,08,12,15,18,19,20,23,24,25,
29-06-2022,01,03,04,05,06,07,08,09,10,16,18,20,22,25,
01-07-2022,02,04,08,09,10,15,17,18,19,21,22,23,24,25,
03-07-2022,01,03,04,08,11,14,15,16,18,19,20,23,24,25,
06-07-2022,01,02,04,06,07,10,11,14,15,19,20,23,24,25,
08-07-2022,01,02,04,08,09,10,12,14,15,16,20,22,23,25,
10-07-2022,01,03,06,07,09,11,12,13,14,15,16,18,22,23,
13-07-2022,01,05,06,07,08,11,14,15,16,17,18,19,24,25,
15-07-2022,01,03,04,05,06,08,09,12,13,17,18,22,23,25,
17-07-2022,02,03,05,06,07,08,11,13,14,17,18,20,21,24,
20-07-2022,01,05,09,10,11,12,13,14,15,17,19,20,22,25,
22-07-2022,02,03,04,05,06,08,09,10,11,13,16,18,22,24,
24-07-2022,01,02,03,04,05,08,10,13,14,20,21,23,24,25,
27-07-2022,02,09,10,13,14,16,17,18,19,20,21,22,23,24,
29-07-2022,02,04,05,08,10,11,12,13,17,19,21,22,23,24,
31-07-2022,01,02,03,05,07,10,13,15,18,19,20,21,23,24,
03-08-2022,01,02,03,04,05,06,08,10,11,13,14,21,23,25,
05-08-2022,04,05,09,10,11,12,13,14,15,16,18,19,24,25,
07-08-2022,01,03,05,06,07,08,09,11,12,14,15,18,19,20,
10-08-2022,01,03,04,05,06,10,11,12,13,16,19,21,23,24,
12-08-2022,04,05,06,09,11,12,13,15,16,17,18,21,23,25,
14-08-2022,04,07,08,09,10,11,12,15,16,17,18,21,24,25,
17-08-2022,02,03,07,09,10,12,14,16,17,19,20,21,24,25,
19-08-2022,01,04,05,06,08,09,10,12,14,15,17,18,20,22,
21-08-2022,01,03,05,06,08,09,10,12,13,14,17,21,23,24,
24-08-2022,02,05,08,09,10,11,13,15,16,18,19,20,23,25,
26-08-2022,02,03,06,08,12,13,17,18,19,20,21,22,24,25,
28-08-2022,02,04,06,12,13,14,16,17,18,19,20,21,23,24,
31-08-2022,01,03,08,10,11,13,14,19,20,21,22,23,24,25,
02-09-2022,01,04,05,09,10,11,14,16,17,19,20,21,23,24,
04-09-2022,06,08,09,11,12,13,14,17,18,19,21,22,23,24,
07-09-2022,02,03,05,07,08,09,12,14,17,18,21,22,23,24,
09-09-2022,01,02,03,05,07,08,09,10,11,12,13,20,21,24,
11-09-2022,01,04,05,08,09,10,12,14,15,19,20,22,23,24,
14-09-2022,02,05,06,08,09,10,11,13,15,16,17,18,19,24,
16-09-2022,01,02,04,05,07,09,10,11,12,13,16,17,18,25,
18-09-2022,01,03,05,06,07,08,09,10,12,13,15,16,20,22,
21-09-2022,01,02,03,04,11,14,15,17,18,20,22,23,24,25,
23-09-2022,01,02,06,07,08,09,10,11,12,13,16,18,19,21,
25-09-2022,04,08,09,10,11,12,13,15,17,18,19,22,23,25,
28-09-2022,01,02,04,06,07,11,12,13,15,16,21,22,23,25,
30-09-2022,05,07,09,10,13,15,16,17,19,20,21,22,23,24,
02-10-2022,01,03,04,06,07,10,11,13,14,16,18,19,20,25,
05-10-2022,01,03,05,06,07,08,10,11,12,16,17,19,20,24,
07-10-2022,01,02,04,06,09,12,14,16,18,19,21,22,23,24,
09-10-2022,01,02,03,05,09,10,12,16,18,19,20,21,24,25,
12-10-2022,01,02,03,04,07,10,11,12,15,17,20,22,23,25,
14-10-2022,01,02,05,07,08,09,11,12,13,16,19,21,24,25,
16-10-2022,02,04,06,07,10,11,13,17,18,19,21,22,24,25,
19-10-2022,01,03,04,05,06,09,10,11,14,17,18,20,21,25,
21-10-2022,02,04,06,07,08,10,11,12,16,18,20,22,24,25,
23-10-2022,01,02,03,04,08,11,12,13,16,17,18,21,23,25,
26-10-2022,01,03,04,05,06,07,11,12,13,14,18,19,20,21,
28-10-2022,02,05,06,08,10,11,12,13,15,16,18,19,20,22,
30-10-2022,01,02,04,07,08,10,13,17,19,20,21,22,23,24,
02-11-2022,02,04,05,06,09,12,13,16,17,19,21,22,23,25,
04-11-2022,01,03,05,06,12,13,14,15,16,18,19,22,24,25,
06-11-2022,02,03,07,08,11,12,13,14,15,17,21,22,23,25,
09-11-2022,02,04,09,11,13,14,15,17,18,19,20,21,23,24,
11-11-2022,01,04,05,07,09,13,14,16,17,19,21,22,24,25,
13-11-2022,01,02,04,05,06,07,09,10,12,14,18,20,21,24,
16-11-2022,01,02,03,06,08,10,12,13,15,16,17,23,24,25,
18-11-2022,02,04,05,10,11,13,14,15,18,20,22,23,24,25,
20-11-2022,02,05,07,08,09,10,13,15,16,17,18,23,24,25,
23-11-2022,01,02,03,05,07,08,09,10,12,16,19,20,22,24,
25-11-2022,02,06,08,09,10,12,13,14,15,17,18,21,22,23,
27-11-2022,04,07,08,09,12,14,15,16,17,18,21,22,23,24,
30-11-2022,02,03,04,05,09,10,11,13,14,15,19,20,21,24,
02-12-2022,01,02,03,04,05,06,08,09,10,13,16,18,21,25,
04-12-2022,02,03,04,06,09,11,14,16,17,18,19,23,24,25,
07-12-2022,01,03,04,07,10,14,15,16,18,19,20,21,22,23,
09-12-2022,02,04,05,07,08,09,10,12,13,14,15,17,18,21,
11-12-2022,02,05,07,09,12,13,15,16,17,20,21,22,23,25,
14-12-2022,01,02,04,06,07,08,09,12,15,16,17,18,23,25,
16-12-2022,01,02,05,09,12,15,16,17,18,19,20,22,23,24,
18-12-2022,03,06,07,09,10,11,12,13,16,18,19,21,22,24,
21-12-2022,01,02,05,09,13,14,15,16,17,18,20,22,23,25,
23-12-2022,03,05,06,07,08,10,11,12,13,16,19,21,22,24,
25-12-2022,01,02,03,06,10,11,13,14,15,16,17,19,22,23,
28-12-2022,02,04,05,08,10,11,12,13,17,18,19,22,23,25,
30-12-2022,02,03,04,05,07,10,11,14,15,18,19,20,21,23,
01-01-2023,01,02,03,04,05,06,09,11,13,18,19,22,24,25,
04-01-2023,01,03,04,06,07,09,12,14,15,17,19,20,22,23,
06-01-2023,02,03,04,06,07,08,11,12,15,16,20,22,23,24,
08-01-2023,06,08,09,10,12,13,16,17,18,19,20,22,24,25,
11-01-2023,03,04,05,07,08,11,12,15,16,19,20,21,22,24,
13-01-2023,01,02,07,08,11,12,13,19,20,21,22,23,24,25,
15-01-2023,02,05,07,08,09,10,11,12,13,14,16,19,20,24,
18-01-2023,01,04,05,06,07,08,10,11,15,18,21,22,23,24,
20-01-2023,03,05,07,08,09,10,11,12,15,17,18,19,20,25,
22-01-2023,01,02,06,08,09,10,11,12,15,17,18,19,22,23,
25-01-2023,02,03,05,07,08,09,10,15,17,19,20,22,23,25,
27-01-2023,01,03,05,10,11,14,15,16,17,19,20,22,23,24,
29-01-2023,01,03,05,09,10,11,13,14,15,16,17,19,20,25,
01-02-2023,01,03,04,05,06,08,09,10,12,14,15,16,18,22,
03-02-2023,01,03,05,07,08,10,11,12,14,16,17,21,22,24,
05-02-2023,01,04,05,06,09,10,13,16,17,19,20,22,24,25,
08-02-2023,01,04,05,06,08,09,10,12,13,14,15,16,17,19,
10-02-2023,02,03,04,06,07,12,13,14,16,17,20,21,22,25,
12-02-2023,02,03,04,06,07,08,09,12,13,14,17,21,24,25,
15-02-2023,01,02,04,05,06,08,11,13,14,19,20,21,24,25,
17-02-2023,01,02,03,06,09,10,12,13,15,18,19,22,23,25,
19-02-2023,02,04,05,07,09,10,12,13,15,17,19,21,22,24,
22-02-2023,03,06,07,08,11,12,13,14,19,20,22,23,24,25,
24-02-2023,01,02,03,04,06,07,12,14,16,17,18,21,24,25,
26-02-2023,01,02,04,05,06,07,10,13,14,15,16,19,22,25,
01-03-2023,01,03,05,06,08,10,11,13,14,17,18,20,22,23,
03-03-2023,01,04,05,06,08,09,10,11,13,16,18,20,24,25,
05-03-2023,01,03,04,07,08,09,10,12,16,17,18,19,20,25,
08-03-2023,03,06,07,09,10,12,13,15,17,18,19,20,22,24,
10-03-2023,01,02,03,06,09,10,12,13,14,16,19,20,21,25,
12-03-2023,03,07,11,12,13,14,15,16,17,18,19,22,24,25,
15-03-2023,01,06,09,10,11,13,14,16,18,19,22,23,24,25,
17-03-2023,05,06,09,11,14,15,16,17,18,20,21,22,23,24,
19-03-2023,04,07,08,09,10,11,12,14,15,18,19,20,24,25,
22-03-2023,02,03,04,07,11,13,14,15,16,20,21,22,23,24,
24-03-2023,04,07,08,09,10,14,15,16,17,19,20,21,22,23,
26-03-2023,06,07,08,10,12,13,14,15,16,17,18,19,23,24,
29-03-2023,01,02,03,04,05,06,09,10,11,14,15,16,19,25,
31-03-2023,01,02,05,06,07,11,12,13,14,15,16,19,20,25,
02-04-2023,03,04,06,07,08,09,11,13,14,16,18,19,23,24,
05-04-2023,01,06,07,08,09,11,14,15,18,19,20,21,24,25,
07-04-2023,01,02,07,08,10,11,13,16,17,18,20,21,22,25,
09-04-2023,01,02,03,04,05,06,07,09,11,12,14,17,20,25,
12-04-2023,01,04,05,10,11,12,14,16,17,18,20,23,24,25,
14-04-2023,03,04,06,08,11,12,15,18,20,21,22,23,24,25,
16-04-2023,01,02,03,04,08,09,11,12,16,17,19,22,24,25,
19-04-2023,01,02,03,05,06,07,10,14,15,17,20,22,24,25,
21-04-2023,03,04,06,08,09,11,12,13,14,15,18,19,22,25,
23-04-2023,01,03,07,08,09,12,13,16,17,18,21,22,23,25,
26-04-2023,04,05,07,08,10,14,15,16,18,20,22,23,24,25,
28-04-2023,01,04,05,07,10,11,14,15,17,18,19,20,22,25,
30-04-2023,01,02,06,08,09,10,12,14,15,17,18,23,24,25,
03-05-2023,01,02,04,05,06,08,09,10,11,14,16,18,20,21,
05-05-2023,01,04,06,08,09,10,12,13,16,18,20,21,23,25,
07-05-2023,02,03,05,07,08,10,17,18,19,21,22,23,24,25,
10-05-2023,02,03,05,06,09,10,11,13,15,16,20,22,23,24,
12-05-2023,01,04,06,07,08,11,12,15,16,17,21,23,24,25,
14-05-2023,02,04,05,08,09,10,11,13,15,17,18,19,23,25,
17-05-2023,01,03,04,05,06,08,09,10,11,12,16,20,21,25,
19-05-2023,01,02,03,05,09,11,12,13,14,16,19,20,21,24,
21-05-2023,02,03,04,05,07,13,15,16,17,18,19,20,22,24,
24-05-2023,01,03,06,08,11,12,13,15,16,19,20,23,24,25,
26-05-2023,01,02,03,04,06,08,09,14,15,17,19,20,21,23,
28-05-2023,02,03,05,09,10,11,12,13,14,15,16,17,18,20,
31-05-2023,02,04,07,10,12,14,16,17,18,19,22,23,24,25,
02-06-2023,05,08,09,10,12,13,14,15,17,21,22,23,24,25,
04-06-2023,01,05,07,09,10,11,12,16,17,18,19,22,23,25,
07-06-2023,02,03,04,05,06,10,14,16,17,18,19,20,22,23,
09-06-2023,03,04,05,07,08,09,10,11,15,17,22,23,24,25,
11-06-2023,01,04,06,08,09,10,12,15,16,18,22,23,24,25,
14-06-2023,02,04,05,06,08,09,11,13,14,15,18,20,21,22,
16-06-2023,02,03,04,05,08,09,10,11,12,14,20,21,22,23,
18-06-2023,05,06,07,10,12,13,14,15,16,18,19,22,24,25,
21-06-2023,01,02,05,07,10,11,12,13,14,16,19,21,23,25,
23-06-2023,02,03,05,06,07,13,14,18,19,21,22,23,24,25,
25-06-2023,01,02,03,05,10,11,13,15,16,17,18,20,22,24,
28-06-2023,01,02,03,09,11,13,14,16,18,20,21,22,23,24,
30-06-2023,02,03,05,07,09,11,12,13,14,15,17,18,24,25,
02-07-2023,01,03,04,05,06,08,10,11,12,13,14,15,19,23,
05-07-2023,03,05,08,09,10,12,13,14,15,18,19,20,22,25,
07-07-2023,02,03,04,05,09,11,12,15,16,18,19,21,22,23,
09-07-2023,01,02,05,07,13,14,15,16,17,19,21,22,23,24,
12-07-2023,01,02,03,04,05,07,08,14,15,16,17,18,22,24,
14-07-2023,01,03,05,07,08,09,13,14,17,18,19,21,24,25,
16-07-2023,01,02,03,04,06,07,09,11,13,15,17,18,19,22,
19-07-2023,01,03,05,06,07,08,09,11,13,15,17,18,21,22,
21-07-2023,01,04,05,09,10,11,13,14,17,18,19,21,23,24,
23-07-2023,01,03,06,07,08,09,11,12,14,15,17,19,21,22,
26-07-2023,02,05,09,10,11,12,13,14,16,17,20,22,24,25,
28-07-2023,01,03,04,07,08,11,13,14,16,17,19,20,21,23,
30-07-2023,01,02,07,10,11,12,13,14,15,16,17,19,24,25,
02-08-2023,01,02,04,05,07,09,11,13,14,17,18,20,22,24,
04-08-2023,01,03,04,05,06,08,12,13,14,17,18,19,21,25,
06-08-2023,04,06,08,09,12,14,15,16,17,18,19,20,22,23,
09-08-2023,03,04,05,06,09,10,11,14,15,16,18,20,21,23,
11-08-2023,02,03,04,05,06,09,13,14,16,17,20,22,23,24,
13-08-2023,02,03,05,06,08,10,11,12,16,17,20,21,23,24,
16-08-2023,01,02,04,05,08,09,10,11,13,15,17,21,23,25,
18-08-2023,05,06,08,11,14,15,16,17,18,19,20,21,22,23,
20-08-2023,01,02,03,05,09,11,12,13,14,18,20,22,23,24,
23-08-2023,01,02,03,04,05,06,07,08,09,12,13,15,17,18,
25-08-2023,01,03,04,05,06,10,11,15,16,19,20,23,24,25,
27-08-2023,01,02,04,05,07,10,11,12,15,17,19,23,24,25,
30-08-2023,03,05,08,10,12,13,14,15,16,18,19,23,24,25,
01-09-2023,01,02,04,05,06,08,09,10,11,14,15,16,20,25,
03-09-2023,01,02,03,04,06,07,08,12,13,14,15,20,21,25,
06-09-2023,01,03,04,05,07,08,09,13,15,18,19,21,22,23,
08-09-2023,01,02,03,05,09,10,11,12,14,19,20,22,23,25,
10-09-2023,01,02,03,05,07,10,11,13,14,16,18,20,21,22,
13-09-2023,01,02,04,07,08,09,10,11,14,15,16,20,24,25,
15-09-2023,03,06,07,08,09,11,12,14,15,17,18,20,23,25,
17-09-2023,01,04,05,06,10,12,13,15,17,18,19,20,21,24,
20-09-2023,02,04,05,06,08,10,11,12,13,16,17,18,19,20,
22-09-2023,01,03,04,06,07,10,13,14,15,16,17,18,23,25,
24-09-2023,01,02,03,04,06,08,09,10,12,13,15,21,23,25,
27-09-2023,03,04,05,06,07,10,16,17,18,20,21,22,23,25,
29-09-2023,02,03,05,06,13,16,17,18,20,21,22,23,24,25,
01-10-2023,01,03,05,06,08,09,12,15,16,19,20,22,24,25,
04-10-2023,01,06,07,09,12,13,14,15,16,17,19,23,24,25,
06-10-2023,01,02,03,06,07,14,15,16,17,18,21,22,24,25,
08-10-2023,02,03,05,06,09,11,12,13,14,17,18,20,22,25,
11-10-2023,01,05,06,07,08,09,11,17,19,20,21,22,24,25,
13-10-2023,01,02,03,05,08,10,12,14,16,18,21,23,24,25,
15-10-2023,01,02,04,05,06,11,12,13,14,15,16,17,19,23,
18-10-2023,01,04,05,06,07,08,12,13,15,17,19,20,21,24,
20-10-2023,01,02,03,04,05,08,09,10,13,14,15,16,23,25,
22-10-2023,01,03,05,06,08,10,12,14,15,17,18,21,23,25,
25-10-2023,02,03,04,07,09,11,12,13,14,20,21,22,24,25,
27-10-2023,01,03,05,06,08,13,16,17,18,19,20,22,23,25,
29-10-2023,03,04,05,07,10,11,12,14,15,17,19,20,24,25,
01-11-2023,01,03,04,05,06,08,10,11,14,17,19,20,21,23,
03-11-2023,02,03,04,06,07,11,13,15,16,17,18,19,24,25,
05-11-2023,01,02,03,04,05,07,08,11,16,17,19,20,22,24,
08-11-2023,01,03,05,06,08,10,13,14,15,16,17,18,20,22,
10-11-2023,04,05,06,09,10,12,13,15,16,17,19,20,23,24,
12-11-2023,03,06,07,08,12,13,14,16,18,19,20,21,23,25,
15-11-2023,02,03,05,06,08,09,11,14,16,17,18,20,24,25,
17-11-2023,01,03,05,06,09,10,11,12,13,15,16,17,18,23,
19-11-2023,01,04,05,06,07,09,11,12,13,15,16,17,18,19,
22-11-2023,01,02,04,10,11,12,15,16,17,19,22,23,24,25,
24-11-2023,02,05,06,07,08,11,12,13,15,16,18,19,21,25,
26-11-2023,02,03,04,05,06,07,08,10,15,17,18,19,22,25,
29-11-2023,04,05,07,09,12,13,15,16,17,18,19,20,21,22,
01-12-2023,03,04,07,09,10,12,15,16,17,19,22,23,24,25,
03-12-2023,04,05,07,08,09,10,12,13,14,15,17,20,21,24,
06-12-2023,01,02,03,04,06,08,09,10,15,19,20,21,24,25,
08-12-2023,02,05,06,07,10,11,12,13,14,15,16,18,21,23,
10-12-2023,03,04,05,06,07,09,10,14,17,20,21,23,24,25,
13-12-2023,01,03,04,06,08,09,12,14,15,16,17,19,24,25,
15-12-2023,05,06,09,10,13,15,17,18,19,21,22,23,24,25,
17-12-2023,01,05,06,09,10,12,13,14,18,19,20,23,24,25,
20-12-2023,04,05,08,09,10,11,12,16,18,19,21,22,23,24,
22-12-2023,02,05,06,07,09,12,13,15,16,18,19,20,21,22,
24-12-2023,05,06,07,08,09,10,14,16,18,19,20,21,22,24,
27-12-2023,01,02,03,04,06,07,09,13,16,18,19,23,24,25,
29-12-2023,01,02,04,05,06,07,11,12,17,18,19,21,23,24,
31-12-2023,04,07,08,09,11,12,14,15,16,17,18,22,24,25,
03-01-2024,01,04,05,08,10,11,13,14,15,17,21,22,23,24,
05-01-2024,03,04,05,06,09,10,11,12,13,16,17,18,22,23,
07-01-2024,01,03,05,06,07,08,09,10,18,19,22,23,24,25,
10-01-2024,03,04,05,08,10,12,16,18,20,21,22,23,24,25,
12-01-2024,03,04,05,08,09,12,14,15,16,18,20,21,23,24,
14-01-2024,01,02,03,05,06,07,09,12,13,14,15,19,23,24,
17-01-2024,02,03,05,06,07,08,10,13,14,15,17,20,21,24,
19-01-2024,01,02,03,04,10,11,12,14,16,18,21,22,24,25,
21-01-2024,01,02,04,05,08,12,13,14,16,18,19,22,23,25,
24-01-2024,03,04,05,07,09,10,12,13,14,16,17,19,21,24,
26-01-2024,03,04,05,06,07,08,09,10,16,20,21,22,23,24,
28-01-2024,01,02,05,08,09,12,13,14,15,16,21,23,24,25,
31-01-2024,01,04,10,12,13,15,16,17,18,21,22,23,24,25,
02-02-2024,01,02,04,05,07,11,15,16,17,20,21,23,24,25,
04-02-2024,01,03,04,06,08,09,10,11,16,18,19,20,22,23,
07-02-2024,01,02,03,05,07,09,11,12,14,15,17,18,20,21,
09-02-2024,03,06,07,08,11,12,13,15,16,17,18,22,23,24,
11-02-2024,01,02,03,04,07,11,14,17,18,19,20,21,22,24,
14-02-2024,02,03,04,05,06,07,11,12,13,15,18,20,21,23,
16-02-2024,02,03,04,05,08,09,10,11,12,17,18,21,23,24,
18-02-2024,02,04,07,09,10,11,13,14,15,16,18,19,20,21,
21-02-2024,04,05,06,12,15,16,17,18,19,20,21,23,24,25,
23-02-2024,01,02,05,06,08,11,12,13,14,18,19,21,24,25,
25-02-2024,03,06,07,09,10,11,14,15,17,18,19,22,24,25,
28-02-2024,05,06,07,08,10,11,13,14,15,16,17,18,19,25,
01-03-2024,01,02,04,07,08,09,12,13,15,18,19,20,22,23,
03-03-2024,01,03,05,06,07,08,09,10,14,15,16,19,24,25,
06-03-2024,02,06,08,09,10,11,13,14,15,17,18,19,20,21,
08-03-2024,03,04,05,07,08,11,13,14,17,19,21,22,23,24,
10-03-2024,01,04,05,08,09,11,12,13,15,17,19,20,21,25,
13-03-2024,02,03,04,05,08,11,12,13,14,17,19,23,24,25,
15-03-2024,03,05,06,07,09,10,11,12,17,18,20,22,23,24,
17-03-2024,01,02,03,05,06,11,12,13,14,15,16,19,21,24,
20-03-2024,01,02,03,05,09,10,13,14,16,18,20,21,24,25,
22-03-2024,01,03,04,05,06,07,08,11,13,16,19,22,24,25,
24-03-2024,03,05,09,10,11,12,14,15,18,19,21,22,24,25,
27-03-2024,01,02,03,05,07,08,09,13,18,19,20,21,22,24,
29-03-2024,03,04,05,06,07,08,11,13,15,18,19,21,23,25,
31-03-2024,01,02,03,04,06,07,09,10,11,13,14,17,20,21,
03-04-2024,01,03,04,05,06,07,12,13,15,16,19,20,22,24,
05-04-2024,03,04,05,06,09,10,13,16,18,19,22,23,24,25,
07-04-2024,01,03,06,08,09,10,12,14,15,17,20,21,23,25,
10-04-2024,03,07,08,10,12,14,16,17,19,20,21,22,24,25,
12-04-2024,02,03,04,06,07,08,09,10,11,12,17,22,23,25,
14-04-2024,04,07,09,12,13,14,15,16,17,18,19,21,23,25,
17-04-2024,03,05,06,10,11,14,17,18,20,21,22,23,24,25,
19-04-2024,01,03,05,06,08,10,11,12,14,15,16,17,22,25,
21-04-2024,01,06,07,09,11,12,17,18,19,20,21,22,23,25,
24-04-2024,03,06,07,13,14,15,16,18,19,20,21,22,23,25,
26-04-2024,01,04,05,09,12,14,16,17,18,19,20,21,23,24,
28-04-2024,01,08,09,10,11,12,13,17,19,20,21,22,23,25,
01-05-2024,02,03,05,06,09,10,12,14,17,18,19,21,22,24,
03-05-2024,01,03,04,07,08,09,11,12,13,15,16,18,23,25,
05-05-2024,02,03,04,05,06,09,12,16,17,19,21,22,24,25,
08-05-2024,02,04,06,07,08,09,10,11,13,14,16,17,19,25,
10-05-2024,01,02,04,05,07,08,10,12,13,14,17,19,21,24,
12-05-2024,03,05,06,07,09,10,11,13,14,18,19,21,24,25,
15-05-2024,03,04,05,07,08,10,12,13,15,18,20,22,24,25,
17-05-2024,01,03,05,08,09,11,12,13,14,15,16,17,19,24,
19-05-2024,02,05,06,08,12,13,15,16,18,19,21,22,23,25,
22-05-2024,03,05,07,08,09,11,17,18,19,20,22,23,24,25,
24-05-2024,02,03,05,06,07,08,11,12,13,14,16,22,24,25,
26-05-2024,02,03,04,05,06,08,09,10,11,12,13,14,16,21,
29-05-2024,01,04,05,06,07,09,11,12,14,16,18,21,23,25,
31-05-2024,02,05,06,08,10,12,13,14,15,17,18,20,24,25,
02-06-2024,01,02,03,04,06,07,08,09,15,16,17,18,24,25,
05-06-2024,01,04,05,06,07,08,12,13,15,16,17,23,24,25,
07-06-2024,02,03,06,08,09,10,11,12,13,18,19,21,22,23,
09-06-2024,01,08,09,10,11,14,16,19,20,21,22,23,24,25,
12-06-2024,01,02,03,04,07,08,09,11,16,17,19,20,24,25,
14-06-2024,01,02,04,05,10,11,12,13,14,15,16,18,20,23,
16-06-2024,01,02,03,05,10,11,12,15,16,19,21,22,23,25,
19-06-2024,01,05,07,08,09,10,12,13,14,15,19,21,22,25,
21-06-2024,01,02,04,06,07,09,10,13,15,16,18,19,20,21,
23-06-2024,03,04,06,07,09,10,11,12,19,20,21,23,24,25,
26-06-2024,02,03,04,05,08,10,15,16,19,20,21,22,23,25,
28-06-2024,02,03,04,05,06,07,08,09,10,11,13,14,15,17,
30-06-2024,03,04,05,08,09,10,11,12,14,15,16,21,24,25,
03-07-2024,01,03,04,06,08,10,12,14,15,16,17,20,23,24,
05-07-2024,02,04,06,08,09,10,13,14,16,17,20,21,23,24,
07-07-2024,01,05,06,08,09,10,11,16,19,20,21,22,24,25,
10-07-2024,02,07,08,09,12,14,15,18,19,20,21,22,23,25,
12-07-2024,01,02,03,04,08,09,11,12,13,14,16,19,21,22,
14-07-2024,01,03,04,06,09,10,12,13,14,15,17,22,24,25,
17-07-2024,01,04,07,09,10,11,13,14,16,19,20,21,24,25,
19-07-2024,04,05,06,08,09,11,12,17,20,21,22,23,24,25,
21-07-2024,01,03,04,05,08,09,10,11,12,13,14,15,16,23,
24-07-2024,01,03,04,05,06,07,08,10,12,13,15,19,22,24,
26-07-2024,01,03,05,07,08,10,13,15,17,18,20,22,24,25,
28-07-2024,01,03,04,05,06,07,08,10,13,16,20,21,23,25,
31-07-2024,01,03,04,07,08,10,11,12,13,15,16,18,21,25,
02-08-2024,02,04,05,06,08,09,10,13,14,15,16,17,19,20,
04-08-2024,01,02,05,06,07,09,11,12,14,15,16,17,23,24,
